﻿{"frames": [

{
	"filename": "Symbol 4 copy instance 10000",
	"frame": {"x":0,"y":0,"w":36,"h":143},
	"rotated": false,
	"trimmed": false,
	"spriteSourceSize": {"x":0,"y":0,"w":36,"h":143},
	"sourceSize": {"w":36,"h":143}
}
,{
	"filename": "Symbol 4 copy instance 10001",
	"frame": {"x":36,"y":0,"w":36,"h":143},
	"rotated": false,
	"trimmed": false,
	"spriteSourceSize": {"x":0,"y":0,"w":36,"h":143},
	"sourceSize": {"w":36,"h":143}
}
,{
	"filename": "Symbol 4 copy instance 10002",
	"frame": {"x":72,"y":0,"w":36,"h":143},
	"rotated": false,
	"trimmed": false,
	"spriteSourceSize": {"x":0,"y":0,"w":36,"h":143},
	"sourceSize": {"w":36,"h":143}
}
,{
	"filename": "Symbol 4 copy instance 10003",
	"frame": {"x":108,"y":0,"w":36,"h":143},
	"rotated": false,
	"trimmed": false,
	"spriteSourceSize": {"x":0,"y":0,"w":36,"h":143},
	"sourceSize": {"w":36,"h":143}
}
,{
	"filename": "Symbol 4 copy instance 10004",
	"frame": {"x":144,"y":0,"w":36,"h":143},
	"rotated": false,
	"trimmed": false,
	"spriteSourceSize": {"x":0,"y":0,"w":36,"h":143},
	"sourceSize": {"w":36,"h":143}
}
,{
	"filename": "Symbol 4 copy instance 10005",
	"frame": {"x":180,"y":0,"w":36,"h":143},
	"rotated": false,
	"trimmed": false,
	"spriteSourceSize": {"x":0,"y":0,"w":36,"h":143},
	"sourceSize": {"w":36,"h":143}
}
,{
	"filename": "Symbol 4 copy instance 10006",
	"frame": {"x":216,"y":0,"w":36,"h":143},
	"rotated": false,
	"trimmed": false,
	"spriteSourceSize": {"x":0,"y":0,"w":36,"h":143},
	"sourceSize": {"w":36,"h":143}
}
,{
	"filename": "Symbol 4 copy instance 10007",
	"frame": {"x":0,"y":143,"w":36,"h":143},
	"rotated": false,
	"trimmed": false,
	"spriteSourceSize": {"x":0,"y":0,"w":36,"h":143},
	"sourceSize": {"w":36,"h":143}
}
,{
	"filename": "Symbol 4 copy instance 10008",
	"frame": {"x":36,"y":143,"w":36,"h":143},
	"rotated": false,
	"trimmed": false,
	"spriteSourceSize": {"x":0,"y":0,"w":36,"h":143},
	"sourceSize": {"w":36,"h":143}
}
,{
	"filename": "Symbol 4 copy instance 10009",
	"frame": {"x":72,"y":143,"w":36,"h":143},
	"rotated": false,
	"trimmed": false,
	"spriteSourceSize": {"x":0,"y":0,"w":36,"h":143},
	"sourceSize": {"w":36,"h":143}
}
,{
	"filename": "Symbol 4 copy instance 10010",
	"frame": {"x":108,"y":143,"w":36,"h":143},
	"rotated": false,
	"trimmed": false,
	"spriteSourceSize": {"x":0,"y":0,"w":36,"h":143},
	"sourceSize": {"w":36,"h":143}
}
,{
	"filename": "Symbol 4 copy instance 10011",
	"frame": {"x":144,"y":143,"w":36,"h":143},
	"rotated": false,
	"trimmed": false,
	"spriteSourceSize": {"x":0,"y":0,"w":36,"h":143},
	"sourceSize": {"w":36,"h":143}
}
,{
	"filename": "Symbol 4 copy instance 10012",
	"frame": {"x":180,"y":143,"w":36,"h":143},
	"rotated": false,
	"trimmed": false,
	"spriteSourceSize": {"x":0,"y":0,"w":36,"h":143},
	"sourceSize": {"w":36,"h":143}
}
,{
	"filename": "Symbol 4 copy instance 10013",
	"frame": {"x":216,"y":143,"w":36,"h":143},
	"rotated": false,
	"trimmed": false,
	"spriteSourceSize": {"x":0,"y":0,"w":36,"h":143},
	"sourceSize": {"w":36,"h":143}
}
,{
	"filename": "Symbol 4 copy instance 10014",
	"frame": {"x":0,"y":286,"w":36,"h":143},
	"rotated": false,
	"trimmed": false,
	"spriteSourceSize": {"x":0,"y":0,"w":36,"h":143},
	"sourceSize": {"w":36,"h":143}
}
,{
	"filename": "Symbol 4 copy instance 10015",
	"frame": {"x":36,"y":286,"w":36,"h":143},
	"rotated": false,
	"trimmed": false,
	"spriteSourceSize": {"x":0,"y":0,"w":36,"h":143},
	"sourceSize": {"w":36,"h":143}
}
,{
	"filename": "Symbol 4 copy instance 10016",
	"frame": {"x":72,"y":286,"w":36,"h":143},
	"rotated": false,
	"trimmed": false,
	"spriteSourceSize": {"x":0,"y":0,"w":36,"h":143},
	"sourceSize": {"w":36,"h":143}
}
,{
	"filename": "Symbol 4 copy instance 10017",
	"frame": {"x":108,"y":286,"w":36,"h":143},
	"rotated": false,
	"trimmed": false,
	"spriteSourceSize": {"x":0,"y":0,"w":36,"h":143},
	"sourceSize": {"w":36,"h":143}
}
,{
	"filename": "Symbol 4 copy instance 10018",
	"frame": {"x":144,"y":286,"w":36,"h":143},
	"rotated": false,
	"trimmed": false,
	"spriteSourceSize": {"x":0,"y":0,"w":36,"h":143},
	"sourceSize": {"w":36,"h":143}
}
,{
	"filename": "Symbol 4 copy instance 10019",
	"frame": {"x":180,"y":286,"w":36,"h":143},
	"rotated": false,
	"trimmed": false,
	"spriteSourceSize": {"x":0,"y":0,"w":36,"h":143},
	"sourceSize": {"w":36,"h":143}
}],
"meta": {
	"app": "Adobe Animate",
	"version": "18.0.0.107",
	"image": "new star 1111111111111.png",
	"format": "RGBA8888",
	"size": {"w":256,"h":440},
	"scale": "1"
}
}
