﻿{"frames": [

{
	"filename": "Symbol 1 instance 10000",
	"frame": {"x":0,"y":0,"w":106,"h":136},
	"rotated": false,
	"trimmed": false,
	"spriteSourceSize": {"x":0,"y":0,"w":106,"h":136},
	"sourceSize": {"w":106,"h":136}
}
,{
	"filename": "Symbol 1 instance 10001",
	"frame": {"x":106,"y":0,"w":106,"h":136},
	"rotated": false,
	"trimmed": false,
	"spriteSourceSize": {"x":0,"y":0,"w":106,"h":136},
	"sourceSize": {"w":106,"h":136}
}
,{
	"filename": "Symbol 1 instance 10002",
	"frame": {"x":212,"y":0,"w":106,"h":136},
	"rotated": false,
	"trimmed": false,
	"spriteSourceSize": {"x":0,"y":0,"w":106,"h":136},
	"sourceSize": {"w":106,"h":136}
}
,{
	"filename": "Symbol 1 instance 10003",
	"frame": {"x":318,"y":0,"w":106,"h":136},
	"rotated": false,
	"trimmed": false,
	"spriteSourceSize": {"x":0,"y":0,"w":106,"h":136},
	"sourceSize": {"w":106,"h":136}
}
,{
	"filename": "Symbol 1 instance 10004",
	"frame": {"x":424,"y":0,"w":106,"h":136},
	"rotated": false,
	"trimmed": false,
	"spriteSourceSize": {"x":0,"y":0,"w":106,"h":136},
	"sourceSize": {"w":106,"h":136}
}
,{
	"filename": "Symbol 1 instance 10005",
	"frame": {"x":530,"y":0,"w":106,"h":136},
	"rotated": false,
	"trimmed": false,
	"spriteSourceSize": {"x":0,"y":0,"w":106,"h":136},
	"sourceSize": {"w":106,"h":136}
}
,{
	"filename": "Symbol 1 instance 10006",
	"frame": {"x":636,"y":0,"w":106,"h":136},
	"rotated": false,
	"trimmed": false,
	"spriteSourceSize": {"x":0,"y":0,"w":106,"h":136},
	"sourceSize": {"w":106,"h":136}
}
,{
	"filename": "Symbol 1 instance 10007",
	"frame": {"x":742,"y":0,"w":106,"h":136},
	"rotated": false,
	"trimmed": false,
	"spriteSourceSize": {"x":0,"y":0,"w":106,"h":136},
	"sourceSize": {"w":106,"h":136}
}],
"meta": {
	"app": "Adobe Animate",
	"version": "18.0.0.107",
	"image": "all icons.png",
	"format": "RGBA8888",
	"size": {"w":853,"h":138},
	"scale": "1"
}
}
