﻿{"frames": [

{
	"filename": "Symbol 4 copy 2 instance 10000",
	"frame": {"x":0,"y":0,"w":659,"h":75},
	"rotated": false,
	"trimmed": false,
	"spriteSourceSize": {"x":0,"y":0,"w":659,"h":75},
	"sourceSize": {"w":659,"h":75}
}
,{
	"filename": "Symbol 4 copy 2 instance 10001",
	"frame": {"x":0,"y":75,"w":659,"h":75},
	"rotated": false,
	"trimmed": false,
	"spriteSourceSize": {"x":0,"y":0,"w":659,"h":75},
	"sourceSize": {"w":659,"h":75}
}
,{
	"filename": "Symbol 4 copy 2 instance 10002",
	"frame": {"x":0,"y":150,"w":659,"h":75},
	"rotated": false,
	"trimmed": false,
	"spriteSourceSize": {"x":0,"y":0,"w":659,"h":75},
	"sourceSize": {"w":659,"h":75}
}
,{
	"filename": "Symbol 4 copy 2 instance 10003",
	"frame": {"x":0,"y":225,"w":659,"h":75},
	"rotated": false,
	"trimmed": false,
	"spriteSourceSize": {"x":0,"y":0,"w":659,"h":75},
	"sourceSize": {"w":659,"h":75}
}
,{
	"filename": "Symbol 4 copy 2 instance 10004",
	"frame": {"x":0,"y":300,"w":659,"h":75},
	"rotated": false,
	"trimmed": false,
	"spriteSourceSize": {"x":0,"y":0,"w":659,"h":75},
	"sourceSize": {"w":659,"h":75}
}
,{
	"filename": "Symbol 4 copy 2 instance 10005",
	"frame": {"x":0,"y":375,"w":659,"h":75},
	"rotated": false,
	"trimmed": false,
	"spriteSourceSize": {"x":0,"y":0,"w":659,"h":75},
	"sourceSize": {"w":659,"h":75}
}
,{
	"filename": "Symbol 4 copy 2 instance 10006",
	"frame": {"x":0,"y":450,"w":659,"h":75},
	"rotated": false,
	"trimmed": false,
	"spriteSourceSize": {"x":0,"y":0,"w":659,"h":75},
	"sourceSize": {"w":659,"h":75}
}
,{
	"filename": "Symbol 4 copy 2 instance 10007",
	"frame": {"x":0,"y":525,"w":659,"h":75},
	"rotated": false,
	"trimmed": false,
	"spriteSourceSize": {"x":0,"y":0,"w":659,"h":75},
	"sourceSize": {"w":659,"h":75}
}
,{
	"filename": "Symbol 4 copy 2 instance 10008",
	"frame": {"x":0,"y":600,"w":659,"h":75},
	"rotated": false,
	"trimmed": false,
	"spriteSourceSize": {"x":0,"y":0,"w":659,"h":75},
	"sourceSize": {"w":659,"h":75}
}],
"meta": {
	"app": "Adobe Animate",
	"version": "18.0.0.107",
	"image": "h4.png",
	"format": "RGBA8888",
	"size": {"w":928,"h":827},
	"scale": "1"
}
}
