﻿{"frames": [

{
	"filename": "Symbol 26 copy instance 10000",
	"frame": {"x":0,"y":0,"w":57,"h":77},
	"rotated": false,
	"trimmed": false,
	"spriteSourceSize": {"x":0,"y":0,"w":57,"h":77},
	"sourceSize": {"w":57,"h":77}
}
,{
	"filename": "Symbol 26 copy instance 10001",
	"frame": {"x":57,"y":0,"w":57,"h":77},
	"rotated": false,
	"trimmed": false,
	"spriteSourceSize": {"x":0,"y":0,"w":57,"h":77},
	"sourceSize": {"w":57,"h":77}
}
,{
	"filename": "Symbol 26 copy instance 10002",
	"frame": {"x":0,"y":77,"w":57,"h":77},
	"rotated": false,
	"trimmed": false,
	"spriteSourceSize": {"x":0,"y":0,"w":57,"h":77},
	"sourceSize": {"w":57,"h":77}
}
,{
	"filename": "Symbol 26 copy instance 10003",
	"frame": {"x":57,"y":77,"w":57,"h":77},
	"rotated": false,
	"trimmed": false,
	"spriteSourceSize": {"x":0,"y":0,"w":57,"h":77},
	"sourceSize": {"w":57,"h":77}
}],
"meta": {
	"app": "Adobe Animate",
	"version": "18.0.0.107",
	"image": "hint.png",
	"format": "RGBA8888",
	"size": {"w":128,"h":169},
	"scale": "1"
}
}
