﻿{"frames": [

{
	"filename": "<Group>_454 copy 2 instance 10000",
	"frame": {"x":0,"y":0,"w":137,"h":167},
	"rotated": false,
	"trimmed": true,
	"spriteSourceSize": {"x":8,"y":33,"w":156,"h":205},
	"sourceSize": {"w":156,"h":205}
}
,{
	"filename": "<Group>_454 copy 2 instance 10001",
	"frame": {"x":137,"y":0,"w":137,"h":167},
	"rotated": false,
	"trimmed": true,
	"spriteSourceSize": {"x":8,"y":33,"w":156,"h":205},
	"sourceSize": {"w":156,"h":205}
}
,{
	"filename": "<Group>_454 copy 2 instance 10002",
	"frame": {"x":274,"y":0,"w":137,"h":167},
	"rotated": false,
	"trimmed": true,
	"spriteSourceSize": {"x":8,"y":33,"w":156,"h":205},
	"sourceSize": {"w":156,"h":205}
}
,{
	"filename": "<Group>_454 copy 2 instance 10003",
	"frame": {"x":411,"y":0,"w":137,"h":167},
	"rotated": false,
	"trimmed": true,
	"spriteSourceSize": {"x":8,"y":33,"w":156,"h":205},
	"sourceSize": {"w":156,"h":205}
}
,{
	"filename": "<Group>_454 copy 2 instance 10004",
	"frame": {"x":548,"y":0,"w":137,"h":167},
	"rotated": false,
	"trimmed": true,
	"spriteSourceSize": {"x":8,"y":33,"w":156,"h":205},
	"sourceSize": {"w":156,"h":205}
}
,{
	"filename": "<Group>_454 copy 2 instance 10005",
	"frame": {"x":685,"y":0,"w":137,"h":167},
	"rotated": false,
	"trimmed": true,
	"spriteSourceSize": {"x":8,"y":33,"w":156,"h":205},
	"sourceSize": {"w":156,"h":205}
}
,{
	"filename": "<Group>_454 copy 2 instance 10006",
	"frame": {"x":822,"y":0,"w":137,"h":167},
	"rotated": false,
	"trimmed": true,
	"spriteSourceSize": {"x":8,"y":33,"w":156,"h":205},
	"sourceSize": {"w":156,"h":205}
}
,{
	"filename": "<Group>_454 copy 2 instance 10007",
	"frame": {"x":959,"y":0,"w":137,"h":167},
	"rotated": false,
	"trimmed": true,
	"spriteSourceSize": {"x":8,"y":33,"w":156,"h":205},
	"sourceSize": {"w":156,"h":205}
}
,{
	"filename": "<Group>_454 copy 2 instance 10008",
	"frame": {"x":1096,"y":0,"w":137,"h":167},
	"rotated": false,
	"trimmed": true,
	"spriteSourceSize": {"x":8,"y":33,"w":156,"h":205},
	"sourceSize": {"w":156,"h":205}
}
,{
	"filename": "<Group>_454 copy 2 instance 10009",
	"frame": {"x":1233,"y":0,"w":137,"h":167},
	"rotated": false,
	"trimmed": true,
	"spriteSourceSize": {"x":8,"y":33,"w":156,"h":205},
	"sourceSize": {"w":156,"h":205}
}
,{
	"filename": "<Group>_454 copy 2 instance 10010",
	"frame": {"x":1370,"y":0,"w":137,"h":167},
	"rotated": false,
	"trimmed": true,
	"spriteSourceSize": {"x":8,"y":33,"w":156,"h":205},
	"sourceSize": {"w":156,"h":205}
}
,{
	"filename": "<Group>_454 copy 2 instance 10011",
	"frame": {"x":1507,"y":0,"w":137,"h":167},
	"rotated": false,
	"trimmed": true,
	"spriteSourceSize": {"x":8,"y":33,"w":156,"h":205},
	"sourceSize": {"w":156,"h":205}
}
,{
	"filename": "<Group>_454 copy 2 instance 10012",
	"frame": {"x":1644,"y":0,"w":137,"h":167},
	"rotated": false,
	"trimmed": true,
	"spriteSourceSize": {"x":8,"y":33,"w":156,"h":205},
	"sourceSize": {"w":156,"h":205}
}
,{
	"filename": "<Group>_454 copy 2 instance 10013",
	"frame": {"x":1781,"y":0,"w":137,"h":167},
	"rotated": false,
	"trimmed": true,
	"spriteSourceSize": {"x":8,"y":33,"w":156,"h":205},
	"sourceSize": {"w":156,"h":205}
}
,{
	"filename": "<Group>_454 copy 2 instance 10014",
	"frame": {"x":0,"y":167,"w":137,"h":167},
	"rotated": false,
	"trimmed": true,
	"spriteSourceSize": {"x":8,"y":33,"w":156,"h":205},
	"sourceSize": {"w":156,"h":205}
}
,{
	"filename": "<Group>_454 copy 2 instance 10015",
	"frame": {"x":137,"y":167,"w":137,"h":167},
	"rotated": false,
	"trimmed": true,
	"spriteSourceSize": {"x":8,"y":33,"w":156,"h":205},
	"sourceSize": {"w":156,"h":205}
}
,{
	"filename": "<Group>_454 copy 2 instance 10016",
	"frame": {"x":274,"y":167,"w":137,"h":167},
	"rotated": false,
	"trimmed": true,
	"spriteSourceSize": {"x":8,"y":33,"w":156,"h":205},
	"sourceSize": {"w":156,"h":205}
}
,{
	"filename": "<Group>_454 copy 2 instance 10017",
	"frame": {"x":411,"y":167,"w":137,"h":167},
	"rotated": false,
	"trimmed": true,
	"spriteSourceSize": {"x":8,"y":33,"w":156,"h":205},
	"sourceSize": {"w":156,"h":205}
}
,{
	"filename": "<Group>_454 copy 2 instance 10018",
	"frame": {"x":548,"y":167,"w":137,"h":167},
	"rotated": false,
	"trimmed": true,
	"spriteSourceSize": {"x":8,"y":33,"w":156,"h":205},
	"sourceSize": {"w":156,"h":205}
}
,{
	"filename": "<Group>_454 copy 2 instance 10019",
	"frame": {"x":685,"y":167,"w":137,"h":167},
	"rotated": false,
	"trimmed": true,
	"spriteSourceSize": {"x":8,"y":33,"w":156,"h":205},
	"sourceSize": {"w":156,"h":205}
}
,{
	"filename": "<Group>_454 copy 2 instance 10020",
	"frame": {"x":822,"y":167,"w":137,"h":167},
	"rotated": false,
	"trimmed": true,
	"spriteSourceSize": {"x":8,"y":33,"w":156,"h":205},
	"sourceSize": {"w":156,"h":205}
}
,{
	"filename": "<Group>_454 copy 2 instance 10021",
	"frame": {"x":959,"y":167,"w":137,"h":167},
	"rotated": false,
	"trimmed": true,
	"spriteSourceSize": {"x":8,"y":33,"w":156,"h":205},
	"sourceSize": {"w":156,"h":205}
}
,{
	"filename": "<Group>_454 copy 2 instance 10022",
	"frame": {"x":1096,"y":167,"w":137,"h":167},
	"rotated": false,
	"trimmed": true,
	"spriteSourceSize": {"x":8,"y":33,"w":156,"h":205},
	"sourceSize": {"w":156,"h":205}
}
,{
	"filename": "<Group>_454 copy 2 instance 10023",
	"frame": {"x":1233,"y":167,"w":137,"h":167},
	"rotated": false,
	"trimmed": true,
	"spriteSourceSize": {"x":8,"y":33,"w":156,"h":205},
	"sourceSize": {"w":156,"h":205}
}
,{
	"filename": "<Group>_454 copy 2 instance 10024",
	"frame": {"x":1370,"y":167,"w":137,"h":167},
	"rotated": false,
	"trimmed": true,
	"spriteSourceSize": {"x":8,"y":33,"w":156,"h":205},
	"sourceSize": {"w":156,"h":205}
}
,{
	"filename": "<Group>_454 copy 2 instance 10025",
	"frame": {"x":1507,"y":167,"w":137,"h":167},
	"rotated": false,
	"trimmed": true,
	"spriteSourceSize": {"x":8,"y":33,"w":156,"h":205},
	"sourceSize": {"w":156,"h":205}
}
,{
	"filename": "<Group>_454 copy 2 instance 10026",
	"frame": {"x":1644,"y":167,"w":137,"h":167},
	"rotated": false,
	"trimmed": true,
	"spriteSourceSize": {"x":8,"y":33,"w":156,"h":205},
	"sourceSize": {"w":156,"h":205}
}
,{
	"filename": "<Group>_454 copy 2 instance 10027",
	"frame": {"x":1781,"y":167,"w":137,"h":167},
	"rotated": false,
	"trimmed": true,
	"spriteSourceSize": {"x":8,"y":33,"w":156,"h":205},
	"sourceSize": {"w":156,"h":205}
}
,{
	"filename": "<Group>_454 copy 2 instance 10028",
	"frame": {"x":0,"y":334,"w":137,"h":167},
	"rotated": false,
	"trimmed": true,
	"spriteSourceSize": {"x":8,"y":33,"w":156,"h":205},
	"sourceSize": {"w":156,"h":205}
}
,{
	"filename": "<Group>_454 copy 2 instance 10029",
	"frame": {"x":137,"y":334,"w":137,"h":167},
	"rotated": false,
	"trimmed": true,
	"spriteSourceSize": {"x":8,"y":33,"w":156,"h":205},
	"sourceSize": {"w":156,"h":205}
}
,{
	"filename": "<Group>_454 copy 2 instance 10030",
	"frame": {"x":274,"y":334,"w":137,"h":167},
	"rotated": false,
	"trimmed": true,
	"spriteSourceSize": {"x":8,"y":33,"w":156,"h":205},
	"sourceSize": {"w":156,"h":205}
}
,{
	"filename": "<Group>_454 copy 2 instance 10031",
	"frame": {"x":411,"y":334,"w":137,"h":167},
	"rotated": false,
	"trimmed": true,
	"spriteSourceSize": {"x":8,"y":33,"w":156,"h":205},
	"sourceSize": {"w":156,"h":205}
}
,{
	"filename": "<Group>_454 copy 2 instance 10032",
	"frame": {"x":548,"y":334,"w":137,"h":167},
	"rotated": false,
	"trimmed": true,
	"spriteSourceSize": {"x":8,"y":33,"w":156,"h":205},
	"sourceSize": {"w":156,"h":205}
}
,{
	"filename": "<Group>_454 copy 2 instance 10033",
	"frame": {"x":685,"y":334,"w":137,"h":167},
	"rotated": false,
	"trimmed": true,
	"spriteSourceSize": {"x":8,"y":33,"w":156,"h":205},
	"sourceSize": {"w":156,"h":205}
}
,{
	"filename": "<Group>_454 copy 2 instance 10034",
	"frame": {"x":822,"y":334,"w":137,"h":167},
	"rotated": false,
	"trimmed": true,
	"spriteSourceSize": {"x":8,"y":33,"w":156,"h":205},
	"sourceSize": {"w":156,"h":205}
}
,{
	"filename": "<Group>_454 copy 2 instance 10035",
	"frame": {"x":959,"y":334,"w":137,"h":167},
	"rotated": false,
	"trimmed": true,
	"spriteSourceSize": {"x":8,"y":33,"w":156,"h":205},
	"sourceSize": {"w":156,"h":205}
}
,{
	"filename": "<Group>_454 copy 2 instance 10036",
	"frame": {"x":1096,"y":334,"w":137,"h":167},
	"rotated": false,
	"trimmed": true,
	"spriteSourceSize": {"x":8,"y":33,"w":156,"h":205},
	"sourceSize": {"w":156,"h":205}
}
,{
	"filename": "<Group>_454 copy 2 instance 10037",
	"frame": {"x":1233,"y":334,"w":137,"h":167},
	"rotated": false,
	"trimmed": true,
	"spriteSourceSize": {"x":8,"y":33,"w":156,"h":205},
	"sourceSize": {"w":156,"h":205}
}
,{
	"filename": "<Group>_454 copy 2 instance 10038",
	"frame": {"x":1370,"y":334,"w":137,"h":167},
	"rotated": false,
	"trimmed": true,
	"spriteSourceSize": {"x":8,"y":33,"w":156,"h":205},
	"sourceSize": {"w":156,"h":205}
}
,{
	"filename": "<Group>_454 copy 2 instance 10039",
	"frame": {"x":1507,"y":334,"w":137,"h":167},
	"rotated": false,
	"trimmed": true,
	"spriteSourceSize": {"x":8,"y":33,"w":156,"h":205},
	"sourceSize": {"w":156,"h":205}
}
,{
	"filename": "<Group>_454 copy 2 instance 10040",
	"frame": {"x":1644,"y":334,"w":137,"h":167},
	"rotated": false,
	"trimmed": true,
	"spriteSourceSize": {"x":8,"y":33,"w":156,"h":205},
	"sourceSize": {"w":156,"h":205}
}
,{
	"filename": "<Group>_454 copy 2 instance 10041",
	"frame": {"x":1781,"y":334,"w":137,"h":167},
	"rotated": false,
	"trimmed": true,
	"spriteSourceSize": {"x":8,"y":33,"w":156,"h":205},
	"sourceSize": {"w":156,"h":205}
}
,{
	"filename": "<Group>_454 copy 2 instance 10042",
	"frame": {"x":0,"y":501,"w":137,"h":167},
	"rotated": false,
	"trimmed": true,
	"spriteSourceSize": {"x":8,"y":33,"w":156,"h":205},
	"sourceSize": {"w":156,"h":205}
}
,{
	"filename": "<Group>_454 copy 2 instance 10043",
	"frame": {"x":137,"y":501,"w":137,"h":167},
	"rotated": false,
	"trimmed": true,
	"spriteSourceSize": {"x":8,"y":33,"w":156,"h":205},
	"sourceSize": {"w":156,"h":205}
}
,{
	"filename": "<Group>_454 copy 2 instance 10044",
	"frame": {"x":274,"y":501,"w":137,"h":167},
	"rotated": false,
	"trimmed": true,
	"spriteSourceSize": {"x":8,"y":33,"w":156,"h":205},
	"sourceSize": {"w":156,"h":205}
}
,{
	"filename": "<Group>_454 copy 2 instance 10045",
	"frame": {"x":411,"y":501,"w":137,"h":167},
	"rotated": false,
	"trimmed": true,
	"spriteSourceSize": {"x":8,"y":33,"w":156,"h":205},
	"sourceSize": {"w":156,"h":205}
}
,{
	"filename": "<Group>_454 copy 2 instance 10046",
	"frame": {"x":548,"y":501,"w":137,"h":167},
	"rotated": false,
	"trimmed": true,
	"spriteSourceSize": {"x":8,"y":33,"w":156,"h":205},
	"sourceSize": {"w":156,"h":205}
}
,{
	"filename": "<Group>_454 copy 2 instance 10047",
	"frame": {"x":685,"y":501,"w":137,"h":167},
	"rotated": false,
	"trimmed": true,
	"spriteSourceSize": {"x":8,"y":33,"w":156,"h":205},
	"sourceSize": {"w":156,"h":205}
}
,{
	"filename": "<Group>_454 copy 2 instance 10048",
	"frame": {"x":822,"y":501,"w":137,"h":167},
	"rotated": false,
	"trimmed": true,
	"spriteSourceSize": {"x":8,"y":33,"w":156,"h":205},
	"sourceSize": {"w":156,"h":205}
}
,{
	"filename": "<Group>_454 copy 2 instance 10049",
	"frame": {"x":959,"y":501,"w":137,"h":167},
	"rotated": false,
	"trimmed": true,
	"spriteSourceSize": {"x":8,"y":33,"w":156,"h":205},
	"sourceSize": {"w":156,"h":205}
}
,{
	"filename": "<Group>_454 copy 2 instance 10050",
	"frame": {"x":1096,"y":501,"w":137,"h":167},
	"rotated": false,
	"trimmed": true,
	"spriteSourceSize": {"x":8,"y":33,"w":156,"h":205},
	"sourceSize": {"w":156,"h":205}
}
,{
	"filename": "<Group>_454 copy 2 instance 10051",
	"frame": {"x":1233,"y":501,"w":137,"h":167},
	"rotated": false,
	"trimmed": true,
	"spriteSourceSize": {"x":8,"y":33,"w":156,"h":205},
	"sourceSize": {"w":156,"h":205}
}
,{
	"filename": "<Group>_454 copy 2 instance 10052",
	"frame": {"x":1370,"y":501,"w":137,"h":167},
	"rotated": false,
	"trimmed": true,
	"spriteSourceSize": {"x":8,"y":33,"w":156,"h":205},
	"sourceSize": {"w":156,"h":205}
}
,{
	"filename": "<Group>_454 copy 2 instance 10053",
	"frame": {"x":1507,"y":501,"w":137,"h":167},
	"rotated": false,
	"trimmed": true,
	"spriteSourceSize": {"x":8,"y":33,"w":156,"h":205},
	"sourceSize": {"w":156,"h":205}
}
,{
	"filename": "<Group>_454 copy 2 instance 10054",
	"frame": {"x":1644,"y":501,"w":137,"h":167},
	"rotated": false,
	"trimmed": true,
	"spriteSourceSize": {"x":8,"y":33,"w":156,"h":205},
	"sourceSize": {"w":156,"h":205}
}
,{
	"filename": "<Group>_454 copy 2 instance 10055",
	"frame": {"x":1781,"y":501,"w":137,"h":167},
	"rotated": false,
	"trimmed": true,
	"spriteSourceSize": {"x":8,"y":33,"w":156,"h":205},
	"sourceSize": {"w":156,"h":205}
}
,{
	"filename": "<Group>_454 copy 2 instance 10056",
	"frame": {"x":0,"y":668,"w":137,"h":167},
	"rotated": false,
	"trimmed": true,
	"spriteSourceSize": {"x":8,"y":33,"w":156,"h":205},
	"sourceSize": {"w":156,"h":205}
}
,{
	"filename": "<Group>_454 copy 2 instance 10057",
	"frame": {"x":137,"y":668,"w":137,"h":167},
	"rotated": false,
	"trimmed": true,
	"spriteSourceSize": {"x":8,"y":33,"w":156,"h":205},
	"sourceSize": {"w":156,"h":205}
}
,{
	"filename": "<Group>_454 copy 2 instance 10058",
	"frame": {"x":274,"y":668,"w":137,"h":167},
	"rotated": false,
	"trimmed": true,
	"spriteSourceSize": {"x":8,"y":33,"w":156,"h":205},
	"sourceSize": {"w":156,"h":205}
}
,{
	"filename": "<Group>_454 copy 2 instance 10059",
	"frame": {"x":411,"y":668,"w":137,"h":167},
	"rotated": false,
	"trimmed": true,
	"spriteSourceSize": {"x":8,"y":33,"w":156,"h":205},
	"sourceSize": {"w":156,"h":205}
}
,{
	"filename": "<Group>_454 copy 2 instance 10060",
	"frame": {"x":548,"y":668,"w":137,"h":167},
	"rotated": false,
	"trimmed": true,
	"spriteSourceSize": {"x":8,"y":33,"w":156,"h":205},
	"sourceSize": {"w":156,"h":205}
}
,{
	"filename": "<Group>_454 copy 2 instance 10061",
	"frame": {"x":685,"y":668,"w":137,"h":167},
	"rotated": false,
	"trimmed": true,
	"spriteSourceSize": {"x":8,"y":33,"w":156,"h":205},
	"sourceSize": {"w":156,"h":205}
}
,{
	"filename": "<Group>_454 copy 2 instance 10062",
	"frame": {"x":822,"y":668,"w":137,"h":167},
	"rotated": false,
	"trimmed": true,
	"spriteSourceSize": {"x":8,"y":33,"w":156,"h":205},
	"sourceSize": {"w":156,"h":205}
}
,{
	"filename": "<Group>_454 copy 2 instance 10063",
	"frame": {"x":959,"y":668,"w":137,"h":167},
	"rotated": false,
	"trimmed": true,
	"spriteSourceSize": {"x":8,"y":33,"w":156,"h":205},
	"sourceSize": {"w":156,"h":205}
}
,{
	"filename": "<Group>_454 copy 2 instance 10064",
	"frame": {"x":1096,"y":668,"w":137,"h":167},
	"rotated": false,
	"trimmed": true,
	"spriteSourceSize": {"x":8,"y":33,"w":156,"h":205},
	"sourceSize": {"w":156,"h":205}
}
,{
	"filename": "<Group>_454 copy 2 instance 10065",
	"frame": {"x":1233,"y":668,"w":137,"h":167},
	"rotated": false,
	"trimmed": true,
	"spriteSourceSize": {"x":8,"y":33,"w":156,"h":205},
	"sourceSize": {"w":156,"h":205}
}
,{
	"filename": "<Group>_454 copy 2 instance 10066",
	"frame": {"x":1370,"y":668,"w":137,"h":167},
	"rotated": false,
	"trimmed": true,
	"spriteSourceSize": {"x":8,"y":33,"w":156,"h":205},
	"sourceSize": {"w":156,"h":205}
}
,{
	"filename": "<Group>_454 copy 2 instance 10067",
	"frame": {"x":1507,"y":668,"w":137,"h":167},
	"rotated": false,
	"trimmed": true,
	"spriteSourceSize": {"x":8,"y":33,"w":156,"h":205},
	"sourceSize": {"w":156,"h":205}
}
,{
	"filename": "<Group>_454 copy 2 instance 10068",
	"frame": {"x":1644,"y":668,"w":137,"h":167},
	"rotated": false,
	"trimmed": true,
	"spriteSourceSize": {"x":8,"y":33,"w":156,"h":205},
	"sourceSize": {"w":156,"h":205}
}
,{
	"filename": "<Group>_454 copy 2 instance 10069",
	"frame": {"x":1781,"y":668,"w":137,"h":167},
	"rotated": false,
	"trimmed": true,
	"spriteSourceSize": {"x":8,"y":33,"w":156,"h":205},
	"sourceSize": {"w":156,"h":205}
}
,{
	"filename": "<Group>_454 copy 2 instance 10070",
	"frame": {"x":0,"y":835,"w":137,"h":167},
	"rotated": false,
	"trimmed": true,
	"spriteSourceSize": {"x":8,"y":33,"w":156,"h":205},
	"sourceSize": {"w":156,"h":205}
}
,{
	"filename": "<Group>_454 copy 2 instance 10071",
	"frame": {"x":137,"y":835,"w":137,"h":167},
	"rotated": false,
	"trimmed": true,
	"spriteSourceSize": {"x":8,"y":33,"w":156,"h":205},
	"sourceSize": {"w":156,"h":205}
}
,{
	"filename": "<Group>_454 copy 2 instance 10072",
	"frame": {"x":274,"y":835,"w":137,"h":167},
	"rotated": false,
	"trimmed": true,
	"spriteSourceSize": {"x":8,"y":33,"w":156,"h":205},
	"sourceSize": {"w":156,"h":205}
}
,{
	"filename": "<Group>_454 copy 2 instance 10073",
	"frame": {"x":411,"y":835,"w":137,"h":167},
	"rotated": false,
	"trimmed": true,
	"spriteSourceSize": {"x":8,"y":33,"w":156,"h":205},
	"sourceSize": {"w":156,"h":205}
}
,{
	"filename": "<Group>_454 copy 2 instance 10074",
	"frame": {"x":548,"y":835,"w":137,"h":167},
	"rotated": false,
	"trimmed": true,
	"spriteSourceSize": {"x":8,"y":33,"w":156,"h":205},
	"sourceSize": {"w":156,"h":205}
}
,{
	"filename": "<Group>_454 copy 2 instance 10075",
	"frame": {"x":685,"y":835,"w":137,"h":167},
	"rotated": false,
	"trimmed": true,
	"spriteSourceSize": {"x":8,"y":33,"w":156,"h":205},
	"sourceSize": {"w":156,"h":205}
}
,{
	"filename": "<Group>_454 copy 2 instance 10076",
	"frame": {"x":822,"y":835,"w":137,"h":167},
	"rotated": false,
	"trimmed": true,
	"spriteSourceSize": {"x":8,"y":33,"w":156,"h":205},
	"sourceSize": {"w":156,"h":205}
}
,{
	"filename": "<Group>_454 copy 2 instance 10077",
	"frame": {"x":959,"y":835,"w":137,"h":167},
	"rotated": false,
	"trimmed": true,
	"spriteSourceSize": {"x":8,"y":33,"w":156,"h":205},
	"sourceSize": {"w":156,"h":205}
}
,{
	"filename": "<Group>_454 copy 2 instance 10078",
	"frame": {"x":1096,"y":835,"w":137,"h":167},
	"rotated": false,
	"trimmed": true,
	"spriteSourceSize": {"x":8,"y":33,"w":156,"h":205},
	"sourceSize": {"w":156,"h":205}
}
,{
	"filename": "<Group>_454 copy 2 instance 10079",
	"frame": {"x":1233,"y":835,"w":137,"h":167},
	"rotated": false,
	"trimmed": true,
	"spriteSourceSize": {"x":8,"y":33,"w":156,"h":205},
	"sourceSize": {"w":156,"h":205}
}
,{
	"filename": "<Group>_454 copy 2 instance 10080",
	"frame": {"x":1370,"y":835,"w":137,"h":167},
	"rotated": false,
	"trimmed": true,
	"spriteSourceSize": {"x":8,"y":33,"w":156,"h":205},
	"sourceSize": {"w":156,"h":205}
}
,{
	"filename": "<Group>_454 copy 2 instance 10081",
	"frame": {"x":1507,"y":835,"w":137,"h":167},
	"rotated": false,
	"trimmed": true,
	"spriteSourceSize": {"x":8,"y":33,"w":156,"h":205},
	"sourceSize": {"w":156,"h":205}
}
,{
	"filename": "<Group>_454 copy 2 instance 10082",
	"frame": {"x":1644,"y":835,"w":137,"h":167},
	"rotated": false,
	"trimmed": true,
	"spriteSourceSize": {"x":8,"y":33,"w":156,"h":205},
	"sourceSize": {"w":156,"h":205}
}
,{
	"filename": "<Group>_454 copy 2 instance 10083",
	"frame": {"x":1781,"y":835,"w":137,"h":167},
	"rotated": false,
	"trimmed": true,
	"spriteSourceSize": {"x":8,"y":33,"w":156,"h":205},
	"sourceSize": {"w":156,"h":205}
}
,{
	"filename": "<Group>_454 copy 2 instance 10084",
	"frame": {"x":0,"y":1002,"w":137,"h":167},
	"rotated": false,
	"trimmed": true,
	"spriteSourceSize": {"x":8,"y":33,"w":156,"h":205},
	"sourceSize": {"w":156,"h":205}
}
,{
	"filename": "<Group>_454 copy 2 instance 10085",
	"frame": {"x":137,"y":1002,"w":137,"h":167},
	"rotated": false,
	"trimmed": true,
	"spriteSourceSize": {"x":8,"y":33,"w":156,"h":205},
	"sourceSize": {"w":156,"h":205}
}
,{
	"filename": "<Group>_454 copy 2 instance 10086",
	"frame": {"x":274,"y":1002,"w":137,"h":167},
	"rotated": false,
	"trimmed": true,
	"spriteSourceSize": {"x":8,"y":33,"w":156,"h":205},
	"sourceSize": {"w":156,"h":205}
}
,{
	"filename": "<Group>_454 copy 2 instance 10087",
	"frame": {"x":411,"y":1002,"w":137,"h":167},
	"rotated": false,
	"trimmed": true,
	"spriteSourceSize": {"x":8,"y":33,"w":156,"h":205},
	"sourceSize": {"w":156,"h":205}
}
,{
	"filename": "<Group>_454 copy 2 instance 10088",
	"frame": {"x":548,"y":1002,"w":137,"h":167},
	"rotated": false,
	"trimmed": true,
	"spriteSourceSize": {"x":8,"y":33,"w":156,"h":205},
	"sourceSize": {"w":156,"h":205}
}
,{
	"filename": "<Group>_454 copy 2 instance 10089",
	"frame": {"x":685,"y":1002,"w":137,"h":167},
	"rotated": false,
	"trimmed": true,
	"spriteSourceSize": {"x":8,"y":33,"w":156,"h":205},
	"sourceSize": {"w":156,"h":205}
}
,{
	"filename": "<Group>_454 copy 2 instance 10090",
	"frame": {"x":822,"y":1002,"w":137,"h":167},
	"rotated": false,
	"trimmed": true,
	"spriteSourceSize": {"x":8,"y":33,"w":156,"h":205},
	"sourceSize": {"w":156,"h":205}
}
,{
	"filename": "<Group>_454 copy 2 instance 10091",
	"frame": {"x":959,"y":1002,"w":137,"h":167},
	"rotated": false,
	"trimmed": true,
	"spriteSourceSize": {"x":8,"y":33,"w":156,"h":205},
	"sourceSize": {"w":156,"h":205}
}
,{
	"filename": "<Group>_454 copy 2 instance 10092",
	"frame": {"x":1096,"y":1002,"w":137,"h":167},
	"rotated": false,
	"trimmed": true,
	"spriteSourceSize": {"x":8,"y":33,"w":156,"h":205},
	"sourceSize": {"w":156,"h":205}
}
,{
	"filename": "<Group>_454 copy 2 instance 10093",
	"frame": {"x":1233,"y":1002,"w":137,"h":167},
	"rotated": false,
	"trimmed": true,
	"spriteSourceSize": {"x":8,"y":33,"w":156,"h":205},
	"sourceSize": {"w":156,"h":205}
}
,{
	"filename": "<Group>_454 copy 2 instance 10094",
	"frame": {"x":1370,"y":1002,"w":137,"h":167},
	"rotated": false,
	"trimmed": true,
	"spriteSourceSize": {"x":8,"y":33,"w":156,"h":205},
	"sourceSize": {"w":156,"h":205}
}
,{
	"filename": "<Group>_454 copy 2 instance 10095",
	"frame": {"x":1507,"y":1002,"w":137,"h":167},
	"rotated": false,
	"trimmed": true,
	"spriteSourceSize": {"x":8,"y":33,"w":156,"h":205},
	"sourceSize": {"w":156,"h":205}
}
,{
	"filename": "<Group>_454 copy 2 instance 10096",
	"frame": {"x":1644,"y":1002,"w":137,"h":167},
	"rotated": false,
	"trimmed": true,
	"spriteSourceSize": {"x":8,"y":33,"w":156,"h":205},
	"sourceSize": {"w":156,"h":205}
}
,{
	"filename": "<Group>_454 copy 2 instance 10097",
	"frame": {"x":0,"y":1169,"w":156,"h":205},
	"rotated": false,
	"trimmed": false,
	"spriteSourceSize": {"x":0,"y":0,"w":156,"h":205},
	"sourceSize": {"w":156,"h":205}
}
,{
	"filename": "<Group>_454 copy 2 instance 10098",
	"frame": {"x":156,"y":1169,"w":156,"h":205},
	"rotated": false,
	"trimmed": false,
	"spriteSourceSize": {"x":0,"y":0,"w":156,"h":205},
	"sourceSize": {"w":156,"h":205}
}
,{
	"filename": "<Group>_454 copy 2 instance 10099",
	"frame": {"x":312,"y":1169,"w":156,"h":205},
	"rotated": false,
	"trimmed": false,
	"spriteSourceSize": {"x":0,"y":0,"w":156,"h":205},
	"sourceSize": {"w":156,"h":205}
}],
"meta": {
	"app": "Adobe Animate",
	"version": "15.1.0.210",
	"image": "loding 4.png",
	"format": "RGB8",
	"size": {"w":1930,"h":1413},
	"scale": "1"
}
}
