﻿{"frames": [

{
	"filename": "<Group>_74 instance 10000",
	"frame": {"x":0,"y":0,"w":59,"h":156},
	"rotated": false,
	"trimmed": true,
	"spriteSourceSize": {"x":8,"y":18,"w":75,"h":174},
	"sourceSize": {"w":75,"h":174}
}
,{
	"filename": "<Group>_74 instance 10001",
	"frame": {"x":59,"y":0,"w":59,"h":148},
	"rotated": false,
	"trimmed": true,
	"spriteSourceSize": {"x":8,"y":26,"w":75,"h":174},
	"sourceSize": {"w":75,"h":174}
}
,{
	"filename": "<Group>_74 instance 10002",
	"frame": {"x":118,"y":0,"w":59,"h":148},
	"rotated": false,
	"trimmed": true,
	"spriteSourceSize": {"x":8,"y":26,"w":75,"h":174},
	"sourceSize": {"w":75,"h":174}
}
,{
	"filename": "<Group>_74 instance 10003",
	"frame": {"x":177,"y":0,"w":59,"h":148},
	"rotated": false,
	"trimmed": true,
	"spriteSourceSize": {"x":8,"y":26,"w":75,"h":174},
	"sourceSize": {"w":75,"h":174}
}
,{
	"filename": "<Group>_74 instance 10004",
	"frame": {"x":236,"y":0,"w":59,"h":148},
	"rotated": false,
	"trimmed": true,
	"spriteSourceSize": {"x":8,"y":26,"w":75,"h":174},
	"sourceSize": {"w":75,"h":174}
}
,{
	"filename": "<Group>_74 instance 10005",
	"frame": {"x":295,"y":0,"w":59,"h":148},
	"rotated": false,
	"trimmed": true,
	"spriteSourceSize": {"x":8,"y":26,"w":75,"h":174},
	"sourceSize": {"w":75,"h":174}
}
,{
	"filename": "<Group>_74 instance 10006",
	"frame": {"x":354,"y":0,"w":59,"h":148},
	"rotated": false,
	"trimmed": true,
	"spriteSourceSize": {"x":8,"y":26,"w":75,"h":174},
	"sourceSize": {"w":75,"h":174}
}
,{
	"filename": "<Group>_74 instance 10007",
	"frame": {"x":413,"y":0,"w":59,"h":148},
	"rotated": false,
	"trimmed": true,
	"spriteSourceSize": {"x":8,"y":26,"w":75,"h":174},
	"sourceSize": {"w":75,"h":174}
}
,{
	"filename": "<Group>_74 instance 10008",
	"frame": {"x":472,"y":0,"w":59,"h":148},
	"rotated": false,
	"trimmed": true,
	"spriteSourceSize": {"x":8,"y":26,"w":75,"h":174},
	"sourceSize": {"w":75,"h":174}
}
,{
	"filename": "<Group>_74 instance 10009",
	"frame": {"x":531,"y":0,"w":59,"h":148},
	"rotated": false,
	"trimmed": true,
	"spriteSourceSize": {"x":8,"y":26,"w":75,"h":174},
	"sourceSize": {"w":75,"h":174}
}
,{
	"filename": "<Group>_74 instance 10010",
	"frame": {"x":590,"y":0,"w":59,"h":148},
	"rotated": false,
	"trimmed": true,
	"spriteSourceSize": {"x":8,"y":26,"w":75,"h":174},
	"sourceSize": {"w":75,"h":174}
}
,{
	"filename": "<Group>_74 instance 10011",
	"frame": {"x":649,"y":0,"w":59,"h":148},
	"rotated": false,
	"trimmed": true,
	"spriteSourceSize": {"x":8,"y":26,"w":75,"h":174},
	"sourceSize": {"w":75,"h":174}
}
,{
	"filename": "<Group>_74 instance 10012",
	"frame": {"x":708,"y":0,"w":59,"h":148},
	"rotated": false,
	"trimmed": true,
	"spriteSourceSize": {"x":8,"y":26,"w":75,"h":174},
	"sourceSize": {"w":75,"h":174}
}
,{
	"filename": "<Group>_74 instance 10013",
	"frame": {"x":767,"y":0,"w":59,"h":148},
	"rotated": false,
	"trimmed": true,
	"spriteSourceSize": {"x":8,"y":26,"w":75,"h":174},
	"sourceSize": {"w":75,"h":174}
}
,{
	"filename": "<Group>_74 instance 10014",
	"frame": {"x":826,"y":0,"w":59,"h":148},
	"rotated": false,
	"trimmed": true,
	"spriteSourceSize": {"x":8,"y":26,"w":75,"h":174},
	"sourceSize": {"w":75,"h":174}
}
,{
	"filename": "<Group>_74 instance 10015",
	"frame": {"x":885,"y":0,"w":59,"h":148},
	"rotated": false,
	"trimmed": true,
	"spriteSourceSize": {"x":8,"y":26,"w":75,"h":174},
	"sourceSize": {"w":75,"h":174}
}
,{
	"filename": "<Group>_74 instance 10016",
	"frame": {"x":944,"y":0,"w":59,"h":148},
	"rotated": false,
	"trimmed": true,
	"spriteSourceSize": {"x":8,"y":26,"w":75,"h":174},
	"sourceSize": {"w":75,"h":174}
}
,{
	"filename": "<Group>_74 instance 10017",
	"frame": {"x":0,"y":156,"w":59,"h":148},
	"rotated": false,
	"trimmed": true,
	"spriteSourceSize": {"x":8,"y":26,"w":75,"h":174},
	"sourceSize": {"w":75,"h":174}
}
,{
	"filename": "<Group>_74 instance 10018",
	"frame": {"x":59,"y":156,"w":59,"h":148},
	"rotated": false,
	"trimmed": true,
	"spriteSourceSize": {"x":8,"y":26,"w":75,"h":174},
	"sourceSize": {"w":75,"h":174}
}
,{
	"filename": "<Group>_74 instance 10019",
	"frame": {"x":118,"y":156,"w":59,"h":148},
	"rotated": false,
	"trimmed": true,
	"spriteSourceSize": {"x":8,"y":26,"w":75,"h":174},
	"sourceSize": {"w":75,"h":174}
}
,{
	"filename": "<Group>_74 instance 10020",
	"frame": {"x":177,"y":156,"w":59,"h":148},
	"rotated": false,
	"trimmed": true,
	"spriteSourceSize": {"x":8,"y":26,"w":75,"h":174},
	"sourceSize": {"w":75,"h":174}
}
,{
	"filename": "<Group>_74 instance 10021",
	"frame": {"x":236,"y":156,"w":59,"h":148},
	"rotated": false,
	"trimmed": true,
	"spriteSourceSize": {"x":8,"y":26,"w":75,"h":174},
	"sourceSize": {"w":75,"h":174}
}
,{
	"filename": "<Group>_74 instance 10022",
	"frame": {"x":295,"y":156,"w":59,"h":148},
	"rotated": false,
	"trimmed": true,
	"spriteSourceSize": {"x":8,"y":26,"w":75,"h":174},
	"sourceSize": {"w":75,"h":174}
}
,{
	"filename": "<Group>_74 instance 10023",
	"frame": {"x":354,"y":156,"w":59,"h":148},
	"rotated": false,
	"trimmed": true,
	"spriteSourceSize": {"x":8,"y":26,"w":75,"h":174},
	"sourceSize": {"w":75,"h":174}
}
,{
	"filename": "<Group>_74 instance 10024",
	"frame": {"x":413,"y":156,"w":59,"h":148},
	"rotated": false,
	"trimmed": true,
	"spriteSourceSize": {"x":8,"y":26,"w":75,"h":174},
	"sourceSize": {"w":75,"h":174}
}
,{
	"filename": "<Group>_74 instance 10025",
	"frame": {"x":472,"y":156,"w":59,"h":148},
	"rotated": false,
	"trimmed": true,
	"spriteSourceSize": {"x":8,"y":26,"w":75,"h":174},
	"sourceSize": {"w":75,"h":174}
}
,{
	"filename": "<Group>_74 instance 10026",
	"frame": {"x":531,"y":156,"w":59,"h":148},
	"rotated": false,
	"trimmed": true,
	"spriteSourceSize": {"x":8,"y":26,"w":75,"h":174},
	"sourceSize": {"w":75,"h":174}
}
,{
	"filename": "<Group>_74 instance 10027",
	"frame": {"x":590,"y":156,"w":59,"h":148},
	"rotated": false,
	"trimmed": true,
	"spriteSourceSize": {"x":8,"y":26,"w":75,"h":174},
	"sourceSize": {"w":75,"h":174}
}
,{
	"filename": "<Group>_74 instance 10028",
	"frame": {"x":649,"y":156,"w":59,"h":148},
	"rotated": false,
	"trimmed": true,
	"spriteSourceSize": {"x":8,"y":26,"w":75,"h":174},
	"sourceSize": {"w":75,"h":174}
}
,{
	"filename": "<Group>_74 instance 10029",
	"frame": {"x":708,"y":156,"w":59,"h":148},
	"rotated": false,
	"trimmed": true,
	"spriteSourceSize": {"x":8,"y":26,"w":75,"h":174},
	"sourceSize": {"w":75,"h":174}
}
,{
	"filename": "<Group>_74 instance 10030",
	"frame": {"x":767,"y":156,"w":59,"h":148},
	"rotated": false,
	"trimmed": true,
	"spriteSourceSize": {"x":8,"y":26,"w":75,"h":174},
	"sourceSize": {"w":75,"h":174}
}
,{
	"filename": "<Group>_74 instance 10031",
	"frame": {"x":826,"y":156,"w":59,"h":148},
	"rotated": false,
	"trimmed": true,
	"spriteSourceSize": {"x":8,"y":26,"w":75,"h":174},
	"sourceSize": {"w":75,"h":174}
}
,{
	"filename": "<Group>_74 instance 10032",
	"frame": {"x":885,"y":156,"w":59,"h":148},
	"rotated": false,
	"trimmed": true,
	"spriteSourceSize": {"x":8,"y":26,"w":75,"h":174},
	"sourceSize": {"w":75,"h":174}
}
,{
	"filename": "<Group>_74 instance 10033",
	"frame": {"x":944,"y":156,"w":59,"h":148},
	"rotated": false,
	"trimmed": true,
	"spriteSourceSize": {"x":8,"y":26,"w":75,"h":174},
	"sourceSize": {"w":75,"h":174}
}
,{
	"filename": "<Group>_74 instance 10034",
	"frame": {"x":0,"y":304,"w":59,"h":148},
	"rotated": false,
	"trimmed": true,
	"spriteSourceSize": {"x":8,"y":26,"w":75,"h":174},
	"sourceSize": {"w":75,"h":174}
}
,{
	"filename": "<Group>_74 instance 10035",
	"frame": {"x":59,"y":304,"w":59,"h":148},
	"rotated": false,
	"trimmed": true,
	"spriteSourceSize": {"x":8,"y":26,"w":75,"h":174},
	"sourceSize": {"w":75,"h":174}
}
,{
	"filename": "<Group>_74 instance 10036",
	"frame": {"x":118,"y":304,"w":59,"h":148},
	"rotated": false,
	"trimmed": true,
	"spriteSourceSize": {"x":8,"y":26,"w":75,"h":174},
	"sourceSize": {"w":75,"h":174}
}
,{
	"filename": "<Group>_74 instance 10037",
	"frame": {"x":177,"y":304,"w":59,"h":148},
	"rotated": false,
	"trimmed": true,
	"spriteSourceSize": {"x":8,"y":26,"w":75,"h":174},
	"sourceSize": {"w":75,"h":174}
}
,{
	"filename": "<Group>_74 instance 10038",
	"frame": {"x":236,"y":304,"w":59,"h":148},
	"rotated": false,
	"trimmed": true,
	"spriteSourceSize": {"x":8,"y":26,"w":75,"h":174},
	"sourceSize": {"w":75,"h":174}
}
,{
	"filename": "<Group>_74 instance 10039",
	"frame": {"x":295,"y":304,"w":59,"h":148},
	"rotated": false,
	"trimmed": true,
	"spriteSourceSize": {"x":8,"y":26,"w":75,"h":174},
	"sourceSize": {"w":75,"h":174}
}
,{
	"filename": "<Group>_74 instance 10040",
	"frame": {"x":354,"y":304,"w":59,"h":148},
	"rotated": false,
	"trimmed": true,
	"spriteSourceSize": {"x":8,"y":26,"w":75,"h":174},
	"sourceSize": {"w":75,"h":174}
}
,{
	"filename": "<Group>_74 instance 10041",
	"frame": {"x":413,"y":304,"w":59,"h":148},
	"rotated": false,
	"trimmed": true,
	"spriteSourceSize": {"x":8,"y":26,"w":75,"h":174},
	"sourceSize": {"w":75,"h":174}
}
,{
	"filename": "<Group>_74 instance 10042",
	"frame": {"x":472,"y":304,"w":59,"h":148},
	"rotated": false,
	"trimmed": true,
	"spriteSourceSize": {"x":8,"y":26,"w":75,"h":174},
	"sourceSize": {"w":75,"h":174}
}
,{
	"filename": "<Group>_74 instance 10043",
	"frame": {"x":531,"y":304,"w":59,"h":148},
	"rotated": false,
	"trimmed": true,
	"spriteSourceSize": {"x":8,"y":26,"w":75,"h":174},
	"sourceSize": {"w":75,"h":174}
}
,{
	"filename": "<Group>_74 instance 10044",
	"frame": {"x":590,"y":304,"w":59,"h":148},
	"rotated": false,
	"trimmed": true,
	"spriteSourceSize": {"x":8,"y":26,"w":75,"h":174},
	"sourceSize": {"w":75,"h":174}
}
,{
	"filename": "<Group>_74 instance 10045",
	"frame": {"x":649,"y":304,"w":59,"h":148},
	"rotated": false,
	"trimmed": true,
	"spriteSourceSize": {"x":8,"y":26,"w":75,"h":174},
	"sourceSize": {"w":75,"h":174}
}
,{
	"filename": "<Group>_74 instance 10046",
	"frame": {"x":708,"y":304,"w":59,"h":148},
	"rotated": false,
	"trimmed": true,
	"spriteSourceSize": {"x":8,"y":26,"w":75,"h":174},
	"sourceSize": {"w":75,"h":174}
}
,{
	"filename": "<Group>_74 instance 10047",
	"frame": {"x":767,"y":304,"w":59,"h":148},
	"rotated": false,
	"trimmed": true,
	"spriteSourceSize": {"x":8,"y":26,"w":75,"h":174},
	"sourceSize": {"w":75,"h":174}
}
,{
	"filename": "<Group>_74 instance 10048",
	"frame": {"x":826,"y":304,"w":59,"h":148},
	"rotated": false,
	"trimmed": true,
	"spriteSourceSize": {"x":8,"y":26,"w":75,"h":174},
	"sourceSize": {"w":75,"h":174}
}
,{
	"filename": "<Group>_74 instance 10049",
	"frame": {"x":885,"y":304,"w":59,"h":148},
	"rotated": false,
	"trimmed": true,
	"spriteSourceSize": {"x":8,"y":26,"w":75,"h":174},
	"sourceSize": {"w":75,"h":174}
}
,{
	"filename": "<Group>_74 instance 10050",
	"frame": {"x":944,"y":304,"w":59,"h":148},
	"rotated": false,
	"trimmed": true,
	"spriteSourceSize": {"x":8,"y":26,"w":75,"h":174},
	"sourceSize": {"w":75,"h":174}
}
,{
	"filename": "<Group>_74 instance 10051",
	"frame": {"x":0,"y":452,"w":59,"h":148},
	"rotated": false,
	"trimmed": true,
	"spriteSourceSize": {"x":8,"y":26,"w":75,"h":174},
	"sourceSize": {"w":75,"h":174}
}
,{
	"filename": "<Group>_74 instance 10052",
	"frame": {"x":59,"y":452,"w":59,"h":148},
	"rotated": false,
	"trimmed": true,
	"spriteSourceSize": {"x":8,"y":26,"w":75,"h":174},
	"sourceSize": {"w":75,"h":174}
}
,{
	"filename": "<Group>_74 instance 10053",
	"frame": {"x":118,"y":452,"w":59,"h":148},
	"rotated": false,
	"trimmed": true,
	"spriteSourceSize": {"x":8,"y":26,"w":75,"h":174},
	"sourceSize": {"w":75,"h":174}
}
,{
	"filename": "<Group>_74 instance 10054",
	"frame": {"x":177,"y":452,"w":59,"h":148},
	"rotated": false,
	"trimmed": true,
	"spriteSourceSize": {"x":8,"y":26,"w":75,"h":174},
	"sourceSize": {"w":75,"h":174}
}
,{
	"filename": "<Group>_74 instance 10055",
	"frame": {"x":236,"y":452,"w":59,"h":148},
	"rotated": false,
	"trimmed": true,
	"spriteSourceSize": {"x":8,"y":26,"w":75,"h":174},
	"sourceSize": {"w":75,"h":174}
}
,{
	"filename": "<Group>_74 instance 10056",
	"frame": {"x":295,"y":452,"w":59,"h":148},
	"rotated": false,
	"trimmed": true,
	"spriteSourceSize": {"x":8,"y":26,"w":75,"h":174},
	"sourceSize": {"w":75,"h":174}
}
,{
	"filename": "<Group>_74 instance 10057",
	"frame": {"x":354,"y":452,"w":59,"h":148},
	"rotated": false,
	"trimmed": true,
	"spriteSourceSize": {"x":8,"y":26,"w":75,"h":174},
	"sourceSize": {"w":75,"h":174}
}
,{
	"filename": "<Group>_74 instance 10058",
	"frame": {"x":413,"y":452,"w":59,"h":148},
	"rotated": false,
	"trimmed": true,
	"spriteSourceSize": {"x":8,"y":26,"w":75,"h":174},
	"sourceSize": {"w":75,"h":174}
}
,{
	"filename": "<Group>_74 instance 10059",
	"frame": {"x":472,"y":452,"w":59,"h":148},
	"rotated": false,
	"trimmed": true,
	"spriteSourceSize": {"x":8,"y":26,"w":75,"h":174},
	"sourceSize": {"w":75,"h":174}
}
,{
	"filename": "<Group>_74 instance 10060",
	"frame": {"x":531,"y":452,"w":59,"h":148},
	"rotated": false,
	"trimmed": true,
	"spriteSourceSize": {"x":8,"y":26,"w":75,"h":174},
	"sourceSize": {"w":75,"h":174}
}
,{
	"filename": "<Group>_74 instance 10061",
	"frame": {"x":590,"y":452,"w":59,"h":148},
	"rotated": false,
	"trimmed": true,
	"spriteSourceSize": {"x":8,"y":26,"w":75,"h":174},
	"sourceSize": {"w":75,"h":174}
}
,{
	"filename": "<Group>_74 instance 10062",
	"frame": {"x":649,"y":452,"w":59,"h":148},
	"rotated": false,
	"trimmed": true,
	"spriteSourceSize": {"x":8,"y":26,"w":75,"h":174},
	"sourceSize": {"w":75,"h":174}
}
,{
	"filename": "<Group>_74 instance 10063",
	"frame": {"x":708,"y":452,"w":59,"h":148},
	"rotated": false,
	"trimmed": true,
	"spriteSourceSize": {"x":8,"y":26,"w":75,"h":174},
	"sourceSize": {"w":75,"h":174}
}
,{
	"filename": "<Group>_74 instance 10064",
	"frame": {"x":767,"y":452,"w":59,"h":148},
	"rotated": false,
	"trimmed": true,
	"spriteSourceSize": {"x":8,"y":26,"w":75,"h":174},
	"sourceSize": {"w":75,"h":174}
}
,{
	"filename": "<Group>_74 instance 10065",
	"frame": {"x":826,"y":452,"w":59,"h":148},
	"rotated": false,
	"trimmed": true,
	"spriteSourceSize": {"x":8,"y":26,"w":75,"h":174},
	"sourceSize": {"w":75,"h":174}
}
,{
	"filename": "<Group>_74 instance 10066",
	"frame": {"x":885,"y":452,"w":59,"h":148},
	"rotated": false,
	"trimmed": true,
	"spriteSourceSize": {"x":8,"y":26,"w":75,"h":174},
	"sourceSize": {"w":75,"h":174}
}
,{
	"filename": "<Group>_74 instance 10067",
	"frame": {"x":944,"y":452,"w":59,"h":148},
	"rotated": false,
	"trimmed": true,
	"spriteSourceSize": {"x":8,"y":26,"w":75,"h":174},
	"sourceSize": {"w":75,"h":174}
}
,{
	"filename": "<Group>_74 instance 10068",
	"frame": {"x":0,"y":600,"w":59,"h":148},
	"rotated": false,
	"trimmed": true,
	"spriteSourceSize": {"x":8,"y":26,"w":75,"h":174},
	"sourceSize": {"w":75,"h":174}
}
,{
	"filename": "<Group>_74 instance 10069",
	"frame": {"x":59,"y":600,"w":59,"h":148},
	"rotated": false,
	"trimmed": true,
	"spriteSourceSize": {"x":8,"y":26,"w":75,"h":174},
	"sourceSize": {"w":75,"h":174}
}
,{
	"filename": "<Group>_74 instance 10070",
	"frame": {"x":118,"y":600,"w":59,"h":148},
	"rotated": false,
	"trimmed": true,
	"spriteSourceSize": {"x":8,"y":26,"w":75,"h":174},
	"sourceSize": {"w":75,"h":174}
}
,{
	"filename": "<Group>_74 instance 10071",
	"frame": {"x":177,"y":600,"w":59,"h":148},
	"rotated": false,
	"trimmed": true,
	"spriteSourceSize": {"x":8,"y":26,"w":75,"h":174},
	"sourceSize": {"w":75,"h":174}
}
,{
	"filename": "<Group>_74 instance 10072",
	"frame": {"x":236,"y":600,"w":59,"h":148},
	"rotated": false,
	"trimmed": true,
	"spriteSourceSize": {"x":8,"y":26,"w":75,"h":174},
	"sourceSize": {"w":75,"h":174}
}
,{
	"filename": "<Group>_74 instance 10073",
	"frame": {"x":295,"y":600,"w":59,"h":148},
	"rotated": false,
	"trimmed": true,
	"spriteSourceSize": {"x":8,"y":26,"w":75,"h":174},
	"sourceSize": {"w":75,"h":174}
}
,{
	"filename": "<Group>_74 instance 10074",
	"frame": {"x":354,"y":600,"w":59,"h":148},
	"rotated": false,
	"trimmed": true,
	"spriteSourceSize": {"x":8,"y":26,"w":75,"h":174},
	"sourceSize": {"w":75,"h":174}
}
,{
	"filename": "<Group>_74 instance 10075",
	"frame": {"x":413,"y":600,"w":59,"h":148},
	"rotated": false,
	"trimmed": true,
	"spriteSourceSize": {"x":8,"y":26,"w":75,"h":174},
	"sourceSize": {"w":75,"h":174}
}
,{
	"filename": "<Group>_74 instance 10076",
	"frame": {"x":472,"y":600,"w":59,"h":148},
	"rotated": false,
	"trimmed": true,
	"spriteSourceSize": {"x":8,"y":26,"w":75,"h":174},
	"sourceSize": {"w":75,"h":174}
}
,{
	"filename": "<Group>_74 instance 10077",
	"frame": {"x":531,"y":600,"w":59,"h":148},
	"rotated": false,
	"trimmed": true,
	"spriteSourceSize": {"x":8,"y":26,"w":75,"h":174},
	"sourceSize": {"w":75,"h":174}
}
,{
	"filename": "<Group>_74 instance 10078",
	"frame": {"x":590,"y":600,"w":59,"h":148},
	"rotated": false,
	"trimmed": true,
	"spriteSourceSize": {"x":8,"y":26,"w":75,"h":174},
	"sourceSize": {"w":75,"h":174}
}
,{
	"filename": "<Group>_74 instance 10079",
	"frame": {"x":649,"y":600,"w":59,"h":148},
	"rotated": false,
	"trimmed": true,
	"spriteSourceSize": {"x":8,"y":26,"w":75,"h":174},
	"sourceSize": {"w":75,"h":174}
}
,{
	"filename": "<Group>_74 instance 10080",
	"frame": {"x":708,"y":600,"w":59,"h":148},
	"rotated": false,
	"trimmed": true,
	"spriteSourceSize": {"x":8,"y":26,"w":75,"h":174},
	"sourceSize": {"w":75,"h":174}
}
,{
	"filename": "<Group>_74 instance 10081",
	"frame": {"x":767,"y":600,"w":59,"h":148},
	"rotated": false,
	"trimmed": true,
	"spriteSourceSize": {"x":8,"y":26,"w":75,"h":174},
	"sourceSize": {"w":75,"h":174}
}
,{
	"filename": "<Group>_74 instance 10082",
	"frame": {"x":826,"y":600,"w":59,"h":148},
	"rotated": false,
	"trimmed": true,
	"spriteSourceSize": {"x":8,"y":26,"w":75,"h":174},
	"sourceSize": {"w":75,"h":174}
}
,{
	"filename": "<Group>_74 instance 10083",
	"frame": {"x":885,"y":600,"w":59,"h":148},
	"rotated": false,
	"trimmed": true,
	"spriteSourceSize": {"x":8,"y":26,"w":75,"h":174},
	"sourceSize": {"w":75,"h":174}
}
,{
	"filename": "<Group>_74 instance 10084",
	"frame": {"x":944,"y":600,"w":59,"h":148},
	"rotated": false,
	"trimmed": true,
	"spriteSourceSize": {"x":8,"y":26,"w":75,"h":174},
	"sourceSize": {"w":75,"h":174}
}
,{
	"filename": "<Group>_74 instance 10085",
	"frame": {"x":0,"y":748,"w":59,"h":148},
	"rotated": false,
	"trimmed": true,
	"spriteSourceSize": {"x":8,"y":26,"w":75,"h":174},
	"sourceSize": {"w":75,"h":174}
}
,{
	"filename": "<Group>_74 instance 10086",
	"frame": {"x":59,"y":748,"w":59,"h":148},
	"rotated": false,
	"trimmed": true,
	"spriteSourceSize": {"x":8,"y":26,"w":75,"h":174},
	"sourceSize": {"w":75,"h":174}
}
,{
	"filename": "<Group>_74 instance 10087",
	"frame": {"x":118,"y":748,"w":59,"h":148},
	"rotated": false,
	"trimmed": true,
	"spriteSourceSize": {"x":8,"y":26,"w":75,"h":174},
	"sourceSize": {"w":75,"h":174}
}
,{
	"filename": "<Group>_74 instance 10088",
	"frame": {"x":177,"y":748,"w":59,"h":148},
	"rotated": false,
	"trimmed": true,
	"spriteSourceSize": {"x":8,"y":26,"w":75,"h":174},
	"sourceSize": {"w":75,"h":174}
}
,{
	"filename": "<Group>_74 instance 10089",
	"frame": {"x":236,"y":748,"w":59,"h":148},
	"rotated": false,
	"trimmed": true,
	"spriteSourceSize": {"x":8,"y":26,"w":75,"h":174},
	"sourceSize": {"w":75,"h":174}
}
,{
	"filename": "<Group>_74 instance 10090",
	"frame": {"x":295,"y":748,"w":59,"h":148},
	"rotated": false,
	"trimmed": true,
	"spriteSourceSize": {"x":8,"y":26,"w":75,"h":174},
	"sourceSize": {"w":75,"h":174}
}
,{
	"filename": "<Group>_74 instance 10091",
	"frame": {"x":354,"y":748,"w":59,"h":148},
	"rotated": false,
	"trimmed": true,
	"spriteSourceSize": {"x":8,"y":26,"w":75,"h":174},
	"sourceSize": {"w":75,"h":174}
}
,{
	"filename": "<Group>_74 instance 10092",
	"frame": {"x":413,"y":748,"w":59,"h":148},
	"rotated": false,
	"trimmed": true,
	"spriteSourceSize": {"x":8,"y":26,"w":75,"h":174},
	"sourceSize": {"w":75,"h":174}
}
,{
	"filename": "<Group>_74 instance 10093",
	"frame": {"x":472,"y":748,"w":59,"h":148},
	"rotated": false,
	"trimmed": true,
	"spriteSourceSize": {"x":8,"y":26,"w":75,"h":174},
	"sourceSize": {"w":75,"h":174}
}
,{
	"filename": "<Group>_74 instance 10094",
	"frame": {"x":531,"y":748,"w":59,"h":148},
	"rotated": false,
	"trimmed": true,
	"spriteSourceSize": {"x":8,"y":26,"w":75,"h":174},
	"sourceSize": {"w":75,"h":174}
}
,{
	"filename": "<Group>_74 instance 10095",
	"frame": {"x":590,"y":748,"w":59,"h":148},
	"rotated": false,
	"trimmed": true,
	"spriteSourceSize": {"x":8,"y":26,"w":75,"h":174},
	"sourceSize": {"w":75,"h":174}
}
,{
	"filename": "<Group>_74 instance 10096",
	"frame": {"x":649,"y":748,"w":59,"h":148},
	"rotated": false,
	"trimmed": true,
	"spriteSourceSize": {"x":8,"y":26,"w":75,"h":174},
	"sourceSize": {"w":75,"h":174}
}
,{
	"filename": "<Group>_74 instance 10097",
	"frame": {"x":708,"y":748,"w":75,"h":174},
	"rotated": false,
	"trimmed": true,
	"spriteSourceSize": {"x":0,"y":0,"w":75,"h":174},
	"sourceSize": {"w":75,"h":174}
}
,{
	"filename": "<Group>_74 instance 10098",
	"frame": {"x":783,"y":748,"w":75,"h":174},
	"rotated": false,
	"trimmed": true,
	"spriteSourceSize": {"x":0,"y":0,"w":75,"h":174},
	"sourceSize": {"w":75,"h":174}
}
,{
	"filename": "<Group>_74 instance 10099",
	"frame": {"x":858,"y":748,"w":75,"h":174},
	"rotated": false,
	"trimmed": true,
	"spriteSourceSize": {"x":0,"y":0,"w":75,"h":174},
	"sourceSize": {"w":75,"h":174}
}],
"meta": {
	"app": "Adobe Animate",
	"version": "15.1.0.210",
	"image": "loding 3.png",
	"format": "RGB8",
	"size": {"w":1015,"h":932},
	"scale": "1"
}
}
