﻿{"frames": [

{
	"filename": "sss instance 10000",
	"frame": {"x":0,"y":0,"w":82,"h":82},
	"rotated": false,
	"trimmed": false,
	"spriteSourceSize": {"x":0,"y":0,"w":82,"h":82},
	"sourceSize": {"w":82,"h":82}
}
,{
	"filename": "sss instance 10001",
	"frame": {"x":82,"y":0,"w":82,"h":82},
	"rotated": false,
	"trimmed": false,
	"spriteSourceSize": {"x":0,"y":0,"w":82,"h":82},
	"sourceSize": {"w":82,"h":82}
}
,{
	"filename": "sss instance 10002",
	"frame": {"x":164,"y":0,"w":82,"h":82},
	"rotated": false,
	"trimmed": false,
	"spriteSourceSize": {"x":0,"y":0,"w":82,"h":82},
	"sourceSize": {"w":82,"h":82}
}
,{
	"filename": "sss instance 10003",
	"frame": {"x":246,"y":0,"w":82,"h":82},
	"rotated": false,
	"trimmed": false,
	"spriteSourceSize": {"x":0,"y":0,"w":82,"h":82},
	"sourceSize": {"w":82,"h":82}
}
,{
	"filename": "sss instance 10004",
	"frame": {"x":328,"y":0,"w":82,"h":82},
	"rotated": false,
	"trimmed": false,
	"spriteSourceSize": {"x":0,"y":0,"w":82,"h":82},
	"sourceSize": {"w":82,"h":82}
}
,{
	"filename": "sss instance 10005",
	"frame": {"x":410,"y":0,"w":82,"h":82},
	"rotated": false,
	"trimmed": false,
	"spriteSourceSize": {"x":0,"y":0,"w":82,"h":82},
	"sourceSize": {"w":82,"h":82}
}
,{
	"filename": "sss instance 10006",
	"frame": {"x":492,"y":0,"w":82,"h":82},
	"rotated": false,
	"trimmed": false,
	"spriteSourceSize": {"x":0,"y":0,"w":82,"h":82},
	"sourceSize": {"w":82,"h":82}
}
,{
	"filename": "sss instance 10007",
	"frame": {"x":574,"y":0,"w":82,"h":82},
	"rotated": false,
	"trimmed": false,
	"spriteSourceSize": {"x":0,"y":0,"w":82,"h":82},
	"sourceSize": {"w":82,"h":82}
}
,{
	"filename": "sss instance 10008",
	"frame": {"x":656,"y":0,"w":82,"h":82},
	"rotated": false,
	"trimmed": false,
	"spriteSourceSize": {"x":0,"y":0,"w":82,"h":82},
	"sourceSize": {"w":82,"h":82}
}
,{
	"filename": "sss instance 10009",
	"frame": {"x":738,"y":0,"w":82,"h":82},
	"rotated": false,
	"trimmed": false,
	"spriteSourceSize": {"x":0,"y":0,"w":82,"h":82},
	"sourceSize": {"w":82,"h":82}
}
,{
	"filename": "sss instance 10010",
	"frame": {"x":820,"y":0,"w":82,"h":82},
	"rotated": false,
	"trimmed": false,
	"spriteSourceSize": {"x":0,"y":0,"w":82,"h":82},
	"sourceSize": {"w":82,"h":82}
}
,{
	"filename": "sss instance 10011",
	"frame": {"x":902,"y":0,"w":82,"h":82},
	"rotated": false,
	"trimmed": false,
	"spriteSourceSize": {"x":0,"y":0,"w":82,"h":82},
	"sourceSize": {"w":82,"h":82}
}],
"meta": {
	"app": "Adobe Animate",
	"version": "18.0.0.107",
	"image": "loding.png",
	"format": "RGBA8888",
	"size": {"w":992,"h":88},
	"scale": "1"
}
}
