﻿{"frames": [

{
	"filename": "Symbol 26 instance 10000",
	"frame": {"x":0,"y":0,"w":92,"h":97},
	"rotated": false,
	"trimmed": false,
	"spriteSourceSize": {"x":0,"y":0,"w":92,"h":97},
	"sourceSize": {"w":92,"h":97}
}
,{
	"filename": "Symbol 26 instance 10001",
	"frame": {"x":92,"y":0,"w":92,"h":97},
	"rotated": false,
	"trimmed": false,
	"spriteSourceSize": {"x":0,"y":0,"w":92,"h":97},
	"sourceSize": {"w":92,"h":97}
}
,{
	"filename": "Symbol 26 instance 10002",
	"frame": {"x":0,"y":97,"w":92,"h":97},
	"rotated": false,
	"trimmed": false,
	"spriteSourceSize": {"x":0,"y":0,"w":92,"h":97},
	"sourceSize": {"w":92,"h":97}
}
,{
	"filename": "Symbol 26 instance 10003",
	"frame": {"x":92,"y":97,"w":92,"h":97},
	"rotated": false,
	"trimmed": false,
	"spriteSourceSize": {"x":0,"y":0,"w":92,"h":97},
	"sourceSize": {"w":92,"h":97}
}],
"meta": {
	"app": "Adobe Animate",
	"version": "18.0.0.107",
	"image": "2.png",
	"format": "RGBA8888",
	"size": {"w":214,"h":197},
	"scale": "1"
}
}
