﻿{"frames": [

{
	"filename": "Symbol 1 instance 10000",
	"frame": {"x":0,"y":0,"w":161,"h":272},
	"rotated": false,
	"trimmed": false,
	"spriteSourceSize": {"x":0,"y":0,"w":161,"h":272},
	"sourceSize": {"w":161,"h":272}
}
,{
	"filename": "Symbol 1 instance 10001",
	"frame": {"x":161,"y":0,"w":161,"h":265},
	"rotated": false,
	"trimmed": true,
	"spriteSourceSize": {"x":0,"y":3,"w":161,"h":272},
	"sourceSize": {"w":161,"h":272}
}
,{
	"filename": "Symbol 1 instance 10002",
	"frame": {"x":322,"y":0,"w":161,"h":260},
	"rotated": false,
	"trimmed": true,
	"spriteSourceSize": {"x":0,"y":5,"w":161,"h":272},
	"sourceSize": {"w":161,"h":272}
}
,{
	"filename": "Symbol 1 instance 10003",
	"frame": {"x":483,"y":0,"w":161,"h":257},
	"rotated": false,
	"trimmed": true,
	"spriteSourceSize": {"x":0,"y":8,"w":161,"h":272},
	"sourceSize": {"w":161,"h":272}
}
,{
	"filename": "Symbol 1 instance 10004",
	"frame": {"x":644,"y":0,"w":161,"h":255},
	"rotated": false,
	"trimmed": true,
	"spriteSourceSize": {"x":0,"y":10,"w":161,"h":272},
	"sourceSize": {"w":161,"h":272}
}
,{
	"filename": "Symbol 1 instance 10005",
	"frame": {"x":805,"y":0,"w":161,"h":255},
	"rotated": false,
	"trimmed": true,
	"spriteSourceSize": {"x":0,"y":10,"w":161,"h":272},
	"sourceSize": {"w":161,"h":272}
}
,{
	"filename": "Symbol 1 instance 10006",
	"frame": {"x":0,"y":272,"w":161,"h":255},
	"rotated": false,
	"trimmed": true,
	"spriteSourceSize": {"x":0,"y":10,"w":161,"h":272},
	"sourceSize": {"w":161,"h":272}
}
,{
	"filename": "Symbol 1 instance 10007",
	"frame": {"x":161,"y":272,"w":161,"h":255},
	"rotated": false,
	"trimmed": true,
	"spriteSourceSize": {"x":0,"y":10,"w":161,"h":272},
	"sourceSize": {"w":161,"h":272}
}
,{
	"filename": "Symbol 1 instance 10008",
	"frame": {"x":322,"y":272,"w":161,"h":257},
	"rotated": false,
	"trimmed": true,
	"spriteSourceSize": {"x":0,"y":8,"w":161,"h":272},
	"sourceSize": {"w":161,"h":272}
}
,{
	"filename": "Symbol 1 instance 10009",
	"frame": {"x":483,"y":272,"w":161,"h":260},
	"rotated": false,
	"trimmed": true,
	"spriteSourceSize": {"x":0,"y":5,"w":161,"h":272},
	"sourceSize": {"w":161,"h":272}
}
,{
	"filename": "Symbol 1 instance 10010",
	"frame": {"x":644,"y":272,"w":161,"h":265},
	"rotated": false,
	"trimmed": true,
	"spriteSourceSize": {"x":0,"y":3,"w":161,"h":272},
	"sourceSize": {"w":161,"h":272}
}
,{
	"filename": "Symbol 1 instance 10011",
	"frame": {"x":805,"y":272,"w":161,"h":272},
	"rotated": false,
	"trimmed": false,
	"spriteSourceSize": {"x":0,"y":0,"w":161,"h":272},
	"sourceSize": {"w":161,"h":272}
}
,{
	"filename": "Symbol 1 instance 10012",
	"frame": {"x":0,"y":544,"w":161,"h":272},
	"rotated": false,
	"trimmed": false,
	"spriteSourceSize": {"x":0,"y":0,"w":161,"h":272},
	"sourceSize": {"w":161,"h":272}
}
,{
	"filename": "Symbol 1 instance 10013",
	"frame": {"x":161,"y":544,"w":161,"h":272},
	"rotated": false,
	"trimmed": false,
	"spriteSourceSize": {"x":0,"y":0,"w":161,"h":272},
	"sourceSize": {"w":161,"h":272}
}
,{
	"filename": "Symbol 1 instance 10014",
	"frame": {"x":322,"y":544,"w":161,"h":272},
	"rotated": false,
	"trimmed": false,
	"spriteSourceSize": {"x":0,"y":0,"w":161,"h":272},
	"sourceSize": {"w":161,"h":272}
}
,{
	"filename": "Symbol 1 instance 10015",
	"frame": {"x":483,"y":544,"w":161,"h":262},
	"rotated": false,
	"trimmed": true,
	"spriteSourceSize": {"x":0,"y":3,"w":161,"h":272},
	"sourceSize": {"w":161,"h":272}
}
,{
	"filename": "Symbol 1 instance 10016",
	"frame": {"x":644,"y":544,"w":161,"h":260},
	"rotated": false,
	"trimmed": true,
	"spriteSourceSize": {"x":0,"y":5,"w":161,"h":272},
	"sourceSize": {"w":161,"h":272}
}
,{
	"filename": "Symbol 1 instance 10017",
	"frame": {"x":805,"y":544,"w":161,"h":257},
	"rotated": false,
	"trimmed": true,
	"spriteSourceSize": {"x":0,"y":8,"w":161,"h":272},
	"sourceSize": {"w":161,"h":272}
}
,{
	"filename": "Symbol 1 instance 10018",
	"frame": {"x":0,"y":816,"w":161,"h":255},
	"rotated": false,
	"trimmed": true,
	"spriteSourceSize": {"x":0,"y":10,"w":161,"h":272},
	"sourceSize": {"w":161,"h":272}
}
,{
	"filename": "Symbol 1 instance 10019",
	"frame": {"x":161,"y":816,"w":161,"h":255},
	"rotated": false,
	"trimmed": true,
	"spriteSourceSize": {"x":0,"y":10,"w":161,"h":272},
	"sourceSize": {"w":161,"h":272}
}
,{
	"filename": "Symbol 1 instance 10020",
	"frame": {"x":322,"y":816,"w":161,"h":255},
	"rotated": false,
	"trimmed": true,
	"spriteSourceSize": {"x":0,"y":10,"w":161,"h":272},
	"sourceSize": {"w":161,"h":272}
}
,{
	"filename": "Symbol 1 instance 10021",
	"frame": {"x":483,"y":816,"w":161,"h":255},
	"rotated": false,
	"trimmed": true,
	"spriteSourceSize": {"x":0,"y":10,"w":161,"h":272},
	"sourceSize": {"w":161,"h":272}
}
,{
	"filename": "Symbol 1 instance 10022",
	"frame": {"x":644,"y":816,"w":161,"h":257},
	"rotated": false,
	"trimmed": true,
	"spriteSourceSize": {"x":0,"y":8,"w":161,"h":272},
	"sourceSize": {"w":161,"h":272}
}
,{
	"filename": "Symbol 1 instance 10023",
	"frame": {"x":805,"y":816,"w":161,"h":260},
	"rotated": false,
	"trimmed": true,
	"spriteSourceSize": {"x":0,"y":5,"w":161,"h":272},
	"sourceSize": {"w":161,"h":272}
}
,{
	"filename": "Symbol 1 instance 10024",
	"frame": {"x":0,"y":1076,"w":161,"h":262},
	"rotated": false,
	"trimmed": true,
	"spriteSourceSize": {"x":0,"y":3,"w":161,"h":272},
	"sourceSize": {"w":161,"h":272}
}
,{
	"filename": "Symbol 1 instance 10025",
	"frame": {"x":161,"y":1076,"w":161,"h":272},
	"rotated": false,
	"trimmed": false,
	"spriteSourceSize": {"x":0,"y":0,"w":161,"h":272},
	"sourceSize": {"w":161,"h":272}
}],
"meta": {
	"app": "Adobe Animate",
	"version": "18.0.0.107",
	"image": "rabbit eating.png",
	"format": "RGBA8888",
	"size": {"w":1024,"h":1391},
	"scale": "1"
}
}
