﻿{"frames": [

{
	"filename": "Symbol 19 instance 10000",
	"frame": {"x":0,"y":0,"w":32,"h":44},
	"rotated": false,
	"trimmed": false,
	"spriteSourceSize": {"x":0,"y":0,"w":32,"h":44},
	"sourceSize": {"w":32,"h":44}
}
,{
	"filename": "Symbol 19 instance 10001",
	"frame": {"x":32,"y":0,"w":32,"h":44},
	"rotated": false,
	"trimmed": false,
	"spriteSourceSize": {"x":0,"y":0,"w":32,"h":44},
	"sourceSize": {"w":32,"h":44}
}],
"meta": {
	"app": "Adobe Animate",
	"version": "18.0.0.107",
	"image": "q4.png",
	"format": "RGBA8888",
	"size": {"w":64,"h":64},
	"scale": "1"
}
}
