﻿{"frames": [

{
	"filename": "Symbol 6 copy 2 instance 10000",
	"frame": {"x":0,"y":0,"w":35,"h":46},
	"rotated": false,
	"trimmed": false,
	"spriteSourceSize": {"x":0,"y":0,"w":35,"h":46},
	"sourceSize": {"w":35,"h":46}
}
,{
	"filename": "Symbol 6 copy 2 instance 10001",
	"frame": {"x":0,"y":46,"w":35,"h":46},
	"rotated": false,
	"trimmed": false,
	"spriteSourceSize": {"x":0,"y":0,"w":35,"h":46},
	"sourceSize": {"w":35,"h":46}
}],
"meta": {
	"app": "Adobe Animate",
	"version": "18.0.0.107",
	"image": "2.png",
	"format": "RGBA8888",
	"size": {"w":64,"h":128},
	"scale": "1"
}
}
