﻿{"frames": [

{
	"filename": "Symbol 8 copy 2 instance 10000",
	"frame": {"x":0,"y":0,"w":33,"h":43},
	"rotated": false,
	"trimmed": false,
	"spriteSourceSize": {"x":0,"y":0,"w":33,"h":43},
	"sourceSize": {"w":33,"h":43}
}
,{
	"filename": "Symbol 8 copy 2 instance 10001",
	"frame": {"x":0,"y":43,"w":33,"h":43},
	"rotated": false,
	"trimmed": false,
	"spriteSourceSize": {"x":0,"y":0,"w":33,"h":43},
	"sourceSize": {"w":33,"h":43}
}],
"meta": {
	"app": "Adobe Animate",
	"version": "18.0.0.107",
	"image": "8.png",
	"format": "RGBA8888",
	"size": {"w":64,"h":128},
	"scale": "1"
}
}
