﻿{"frames": [

{
	"filename": "Symbol 4 copy 2 instance 10000",
	"frame": {"x":0,"y":0,"w":71,"h":108},
	"rotated": false,
	"trimmed": false,
	"spriteSourceSize": {"x":0,"y":0,"w":71,"h":108},
	"sourceSize": {"w":71,"h":108}
}
,{
	"filename": "Symbol 4 copy 2 instance 10001",
	"frame": {"x":0,"y":108,"w":71,"h":108},
	"rotated": false,
	"trimmed": false,
	"spriteSourceSize": {"x":0,"y":0,"w":71,"h":108},
	"sourceSize": {"w":71,"h":108}
}],
"meta": {
	"app": "Adobe Animate",
	"version": "18.0.0.107",
	"image": "8.png",
	"format": "RGBA8888",
	"size": {"w":128,"h":256},
	"scale": "1"
}
}
