﻿{"frames": [

{
	"filename": "Symbol 6 copy 2 instance 10000",
	"frame": {"x":0,"y":0,"w":77,"h":107},
	"rotated": false,
	"trimmed": false,
	"spriteSourceSize": {"x":0,"y":0,"w":77,"h":107},
	"sourceSize": {"w":77,"h":107}
}
,{
	"filename": "Symbol 6 copy 2 instance 10001",
	"frame": {"x":0,"y":107,"w":77,"h":107},
	"rotated": false,
	"trimmed": false,
	"spriteSourceSize": {"x":0,"y":0,"w":77,"h":107},
	"sourceSize": {"w":77,"h":107}
}],
"meta": {
	"app": "Adobe Animate",
	"version": "18.0.0.107",
	"image": "6.png",
	"format": "RGBA8888",
	"size": {"w":128,"h":256},
	"scale": "1"
}
}
