﻿{"frames": [

{
	"filename": "Symbol 15 instance 10000",
	"frame": {"x":0,"y":0,"w":99,"h":106},
	"rotated": false,
	"trimmed": false,
	"spriteSourceSize": {"x":0,"y":0,"w":99,"h":106},
	"sourceSize": {"w":99,"h":106}
}
,{
	"filename": "Symbol 15 instance 10001",
	"frame": {"x":99,"y":0,"w":99,"h":106},
	"rotated": false,
	"trimmed": false,
	"spriteSourceSize": {"x":0,"y":0,"w":99,"h":106},
	"sourceSize": {"w":99,"h":106}
}],
"meta": {
	"app": "Adobe Animate",
	"version": "20.0.1.19255",
	"image": "Cat.png",
	"format": "RGBA8888",
	"size": {"w":203,"h":109},
	"scale": "1"
}
}
