﻿{"frames": [

{
	"filename": "Symbol 54 instance 10000",
	"frame": {"x":0,"y":0,"w":731,"h":267},
	"rotated": false,
	"trimmed": false,
	"spriteSourceSize": {"x":0,"y":0,"w":731,"h":267},
	"sourceSize": {"w":731,"h":267}
}
,{
	"filename": "Symbol 54 instance 10001",
	"frame": {"x":731,"y":0,"w":731,"h":267},
	"rotated": false,
	"trimmed": false,
	"spriteSourceSize": {"x":0,"y":0,"w":731,"h":267},
	"sourceSize": {"w":731,"h":267}
}
,{
	"filename": "Symbol 54 instance 10002",
	"frame": {"x":1462,"y":0,"w":731,"h":267},
	"rotated": false,
	"trimmed": false,
	"spriteSourceSize": {"x":0,"y":0,"w":731,"h":267},
	"sourceSize": {"w":731,"h":267}
}
,{
	"filename": "Symbol 54 instance 10003",
	"frame": {"x":2193,"y":0,"w":731,"h":267},
	"rotated": false,
	"trimmed": false,
	"spriteSourceSize": {"x":0,"y":0,"w":731,"h":267},
	"sourceSize": {"w":731,"h":267}
}
,{
	"filename": "Symbol 54 instance 10004",
	"frame": {"x":2924,"y":0,"w":731,"h":267},
	"rotated": false,
	"trimmed": false,
	"spriteSourceSize": {"x":0,"y":0,"w":731,"h":267},
	"sourceSize": {"w":731,"h":267}
}
,{
	"filename": "Symbol 54 instance 10005",
	"frame": {"x":0,"y":267,"w":731,"h":267},
	"rotated": false,
	"trimmed": false,
	"spriteSourceSize": {"x":0,"y":0,"w":731,"h":267},
	"sourceSize": {"w":731,"h":267}
}
,{
	"filename": "Symbol 54 instance 10006",
	"frame": {"x":731,"y":267,"w":731,"h":267},
	"rotated": false,
	"trimmed": false,
	"spriteSourceSize": {"x":0,"y":0,"w":731,"h":267},
	"sourceSize": {"w":731,"h":267}
}
,{
	"filename": "Symbol 54 instance 10007",
	"frame": {"x":1462,"y":267,"w":731,"h":267},
	"rotated": false,
	"trimmed": false,
	"spriteSourceSize": {"x":0,"y":0,"w":731,"h":267},
	"sourceSize": {"w":731,"h":267}
}
,{
	"filename": "Symbol 54 instance 10008",
	"frame": {"x":2193,"y":267,"w":731,"h":267},
	"rotated": false,
	"trimmed": false,
	"spriteSourceSize": {"x":0,"y":0,"w":731,"h":267},
	"sourceSize": {"w":731,"h":267}
}
,{
	"filename": "Symbol 54 instance 10009",
	"frame": {"x":2924,"y":267,"w":731,"h":267},
	"rotated": false,
	"trimmed": false,
	"spriteSourceSize": {"x":0,"y":0,"w":731,"h":267},
	"sourceSize": {"w":731,"h":267}
}
,{
	"filename": "Symbol 54 instance 10010",
	"frame": {"x":0,"y":534,"w":731,"h":267},
	"rotated": false,
	"trimmed": false,
	"spriteSourceSize": {"x":0,"y":0,"w":731,"h":267},
	"sourceSize": {"w":731,"h":267}
}
,{
	"filename": "Symbol 54 instance 10011",
	"frame": {"x":731,"y":534,"w":731,"h":267},
	"rotated": false,
	"trimmed": false,
	"spriteSourceSize": {"x":0,"y":0,"w":731,"h":267},
	"sourceSize": {"w":731,"h":267}
}
,{
	"filename": "Symbol 54 instance 10012",
	"frame": {"x":1462,"y":534,"w":731,"h":267},
	"rotated": false,
	"trimmed": false,
	"spriteSourceSize": {"x":0,"y":0,"w":731,"h":267},
	"sourceSize": {"w":731,"h":267}
}
,{
	"filename": "Symbol 54 instance 10013",
	"frame": {"x":2193,"y":534,"w":731,"h":267},
	"rotated": false,
	"trimmed": false,
	"spriteSourceSize": {"x":0,"y":0,"w":731,"h":267},
	"sourceSize": {"w":731,"h":267}
}
,{
	"filename": "Symbol 54 instance 10014",
	"frame": {"x":2924,"y":534,"w":731,"h":267},
	"rotated": false,
	"trimmed": false,
	"spriteSourceSize": {"x":0,"y":0,"w":731,"h":267},
	"sourceSize": {"w":731,"h":267}
}],
"meta": {
	"app": "Adobe Animate",
	"version": "20.0.1.19255",
	"image": "Ground floor.png",
	"format": "RGBA8888",
	"size": {"w":3655,"h":819},
	"scale": "1"
}
}
