﻿{"frames": [

{
	"filename": "<Group>_4 copy instance 10000",
	"frame": {"x":0,"y":0,"w":90,"h":89},
	"rotated": false,
	"trimmed": false,
	"spriteSourceSize": {"x":0,"y":0,"w":90,"h":89},
	"sourceSize": {"w":90,"h":89}
}
,{
	"filename": "<Group>_4 copy instance 10001",
	"frame": {"x":0,"y":89,"w":90,"h":89},
	"rotated": false,
	"trimmed": false,
	"spriteSourceSize": {"x":0,"y":0,"w":90,"h":89},
	"sourceSize": {"w":90,"h":89}
}],
"meta": {
	"app": "Adobe Animate",
	"version": "18.0.0.107",
	"image": "NSF2.4.png",
	"format": "RGBA8888",
	"size": {"w":128,"h":256},
	"scale": "1"
}
}
