﻿{"frames": [

{
	"filename": "Symbol 4 copy 2 instance 10000",
	"frame": {"x":0,"y":0,"w":68,"h":63},
	"rotated": false,
	"trimmed": false,
	"spriteSourceSize": {"x":0,"y":0,"w":68,"h":63},
	"sourceSize": {"w":68,"h":63}
}
,{
	"filename": "Symbol 4 copy 2 instance 10001",
	"frame": {"x":68,"y":0,"w":68,"h":63},
	"rotated": false,
	"trimmed": false,
	"spriteSourceSize": {"x":0,"y":0,"w":68,"h":63},
	"sourceSize": {"w":68,"h":63}
}
,{
	"filename": "Symbol 4 copy 2 instance 10002",
	"frame": {"x":136,"y":0,"w":68,"h":63},
	"rotated": false,
	"trimmed": false,
	"spriteSourceSize": {"x":0,"y":0,"w":68,"h":63},
	"sourceSize": {"w":68,"h":63}
}
,{
	"filename": "Symbol 4 copy 2 instance 10003",
	"frame": {"x":0,"y":63,"w":68,"h":63},
	"rotated": false,
	"trimmed": false,
	"spriteSourceSize": {"x":0,"y":0,"w":68,"h":63},
	"sourceSize": {"w":68,"h":63}
}
,{
	"filename": "Symbol 4 copy 2 instance 10004",
	"frame": {"x":0,"y":126,"w":68,"h":63},
	"rotated": false,
	"trimmed": false,
	"spriteSourceSize": {"x":0,"y":0,"w":68,"h":63},
	"sourceSize": {"w":68,"h":63}
}
,{
	"filename": "Symbol 4 copy 2 instance 10005",
	"frame": {"x":0,"y":189,"w":68,"h":63},
	"rotated": false,
	"trimmed": false,
	"spriteSourceSize": {"x":0,"y":0,"w":68,"h":63},
	"sourceSize": {"w":68,"h":63}
}
,{
	"filename": "Symbol 4 copy 2 instance 10006",
	"frame": {"x":68,"y":63,"w":68,"h":63},
	"rotated": false,
	"trimmed": false,
	"spriteSourceSize": {"x":0,"y":0,"w":68,"h":63},
	"sourceSize": {"w":68,"h":63}
}
,{
	"filename": "Symbol 4 copy 2 instance 10007",
	"frame": {"x":136,"y":63,"w":68,"h":63},
	"rotated": false,
	"trimmed": false,
	"spriteSourceSize": {"x":0,"y":0,"w":68,"h":63},
	"sourceSize": {"w":68,"h":63}
}
,{
	"filename": "Symbol 4 copy 2 instance 10008",
	"frame": {"x":68,"y":126,"w":68,"h":63},
	"rotated": false,
	"trimmed": false,
	"spriteSourceSize": {"x":0,"y":0,"w":68,"h":63},
	"sourceSize": {"w":68,"h":63}
}
,{
	"filename": "Symbol 4 copy 2 instance 10009",
	"frame": {"x":68,"y":189,"w":68,"h":63},
	"rotated": false,
	"trimmed": false,
	"spriteSourceSize": {"x":0,"y":0,"w":68,"h":63},
	"sourceSize": {"w":68,"h":63}
}
,{
	"filename": "Symbol 4 copy 2 instance 10010",
	"frame": {"x":136,"y":126,"w":68,"h":63},
	"rotated": false,
	"trimmed": false,
	"spriteSourceSize": {"x":0,"y":0,"w":68,"h":63},
	"sourceSize": {"w":68,"h":63}
}],
"meta": {
	"app": "Adobe Animate",
	"version": "18.0.0.107",
	"image": "4.png",
	"format": "RGBA8888",
	"size": {"w":256,"h":256},
	"scale": "1"
}
}
