{ 
    "en": { 
        "play": "Play", 
        "score": "Score", 
        "language": "Language", 
        "selectedlanguage": "English", 
        "level": "Level 1.1",
         "TotalScore": "TotalStars", 
        "End":"Level Complete",
        "Replay":"   Replay"



    }, 
    "hn": { 
        "play": "खेलो", 
        "score": "स्कोर ", 
        "TotalScore": "स्कोर", 
        "language": "भाषा",
        "selectedlanguage": "Hindi",
          "End":"लेवल पूरा हुवा",
         "Replay":"फिर से खेलना"


    },
    "kan": { 
        "play": "ಆಡು", 
        "score": "ಸ್ಕೋರ್",
        "TotalScore": "ಸ್ಕೋರ್",
        "language": "ಭಾಷೆ", 
        "selectedlanguage": "Kannada",
        "level": "ಹಂತ 1.1", 
          "End":"ಲೆವೆಲ್ ಸಂಪೂರ್ಣ",
        "Replay":   "   ಪುನ್ಹ ಪ್ರಯತ್ನಿಸಿ"
    },
    "guj":{
            "play": "રમવા",
            "selectedlanguage": "Gujarati",
            "level": "સ્તર 1.1", 
            "Replay":   "   ફરીથી ચલાવો"
            }
}