﻿{"frames": [

{
	"filename": "Symbol 53 instance 10000",
	"frame": {"x":0,"y":0,"w":727,"h":276},
	"rotated": false,
	"trimmed": false,
	"spriteSourceSize": {"x":0,"y":0,"w":727,"h":276},
	"sourceSize": {"w":727,"h":276}
}
,{
	"filename": "Symbol 53 instance 10001",
	"frame": {"x":727,"y":0,"w":727,"h":276},
	"rotated": false,
	"trimmed": false,
	"spriteSourceSize": {"x":0,"y":0,"w":727,"h":276},
	"sourceSize": {"w":727,"h":276}
}],
"meta": {
	"app": "Adobe Animate",
	"version": "20.0.1.19255",
	"image": "under ground.png",
	"format": "RGBA8888",
	"size": {"w":1458,"h":276},
	"scale": "1"
}
}
