﻿{"frames": [

{
	"filename": "Symbol 3 instance 10000",
	"frame": {"x":0,"y":0,"w":113,"h":138},
	"rotated": false,
	"trimmed": false,
	"spriteSourceSize": {"x":0,"y":0,"w":113,"h":138},
	"sourceSize": {"w":113,"h":138}
}
,{
	"filename": "Symbol 3 instance 10001",
	"frame": {"x":113,"y":0,"w":113,"h":138},
	"rotated": false,
	"trimmed": false,
	"spriteSourceSize": {"x":0,"y":0,"w":113,"h":138},
	"sourceSize": {"w":113,"h":138}
}],
"meta": {
	"app": "Adobe Animate",
	"version": "18.0.0.107",
	"image": "image1.png",
	"format": "RGBA8888",
	"size": {"w":239,"h":142},
	"scale": "1"
}
}
