﻿{"frames": [

{
	"filename": "Symbol 75 instance 10000",
	"frame": {"x":0,"y":0,"w":33,"h":47},
	"rotated": false,
	"trimmed": false,
	"spriteSourceSize": {"x":0,"y":0,"w":33,"h":47},
	"sourceSize": {"w":33,"h":47}
}
,{
	"filename": "Symbol 75 instance 10001",
	"frame": {"x":0,"y":47,"w":33,"h":47},
	"rotated": false,
	"trimmed": false,
	"spriteSourceSize": {"x":0,"y":0,"w":33,"h":47},
	"sourceSize": {"w":33,"h":47}
}],
"meta": {
	"app": "Adobe Animate",
	"version": "18.0.0.107",
	"image": "4.png",
	"format": "RGBA8888",
	"size": {"w":64,"h":128},
	"scale": "1"
}
}
