﻿{"frames": [

{
	"filename": "Symbol 3 copy 2 instance 10000",
	"frame": {"x":0,"y":0,"w":31,"h":47},
	"rotated": false,
	"trimmed": false,
	"spriteSourceSize": {"x":0,"y":0,"w":31,"h":47},
	"sourceSize": {"w":31,"h":47}
}
,{
	"filename": "Symbol 3 copy 2 instance 10001",
	"frame": {"x":31,"y":0,"w":31,"h":47},
	"rotated": false,
	"trimmed": false,
	"spriteSourceSize": {"x":0,"y":0,"w":31,"h":47},
	"sourceSize": {"w":31,"h":47}
}],
"meta": {
	"app": "Adobe Animate",
	"version": "18.0.0.107",
	"image": "5.png",
	"format": "RGBA8888",
	"size": {"w":64,"h":64},
	"scale": "1"
}
}
