﻿{"frames": [

{
	"filename": "Symbol 10 copy 2 instance 10000",
	"frame": {"x":0,"y":0,"w":36,"h":45},
	"rotated": false,
	"trimmed": false,
	"spriteSourceSize": {"x":0,"y":0,"w":36,"h":45},
	"sourceSize": {"w":36,"h":45}
}
,{
	"filename": "Symbol 10 copy 2 instance 10001",
	"frame": {"x":0,"y":45,"w":36,"h":45},
	"rotated": false,
	"trimmed": false,
	"spriteSourceSize": {"x":0,"y":0,"w":36,"h":45},
	"sourceSize": {"w":36,"h":45}
}],
"meta": {
	"app": "Adobe Animate",
	"version": "18.0.0.107",
	"image": "6.png",
	"format": "RGBA8888",
	"size": {"w":64,"h":128},
	"scale": "1"
}
}
