﻿{"frames": [

{
	"filename": "Symbol 8 copy instance 10000",
	"frame": {"x":0,"y":0,"w":120,"h":74},
	"rotated": false,
	"trimmed": false,
	"spriteSourceSize": {"x":0,"y":0,"w":120,"h":74},
	"sourceSize": {"w":120,"h":74}
}
,{
	"filename": "Symbol 8 copy instance 10001",
	"frame": {"x":120,"y":0,"w":120,"h":74},
	"rotated": false,
	"trimmed": false,
	"spriteSourceSize": {"x":0,"y":0,"w":120,"h":74},
	"sourceSize": {"w":120,"h":74}
}
,{
	"filename": "Symbol 8 copy instance 10002",
	"frame": {"x":240,"y":0,"w":120,"h":74},
	"rotated": false,
	"trimmed": false,
	"spriteSourceSize": {"x":0,"y":0,"w":120,"h":74},
	"sourceSize": {"w":120,"h":74}
}
,{
	"filename": "Symbol 8 copy instance 10003",
	"frame": {"x":360,"y":0,"w":120,"h":74},
	"rotated": false,
	"trimmed": false,
	"spriteSourceSize": {"x":0,"y":0,"w":120,"h":74},
	"sourceSize": {"w":120,"h":74}
}
,{
	"filename": "Symbol 8 copy instance 10004",
	"frame": {"x":480,"y":0,"w":120,"h":74},
	"rotated": false,
	"trimmed": false,
	"spriteSourceSize": {"x":0,"y":0,"w":120,"h":74},
	"sourceSize": {"w":120,"h":74}
}
,{
	"filename": "Symbol 8 copy instance 10005",
	"frame": {"x":600,"y":0,"w":120,"h":74},
	"rotated": false,
	"trimmed": false,
	"spriteSourceSize": {"x":0,"y":0,"w":120,"h":74},
	"sourceSize": {"w":120,"h":74}
}
,{
	"filename": "Symbol 8 copy instance 10006",
	"frame": {"x":720,"y":0,"w":120,"h":74},
	"rotated": false,
	"trimmed": false,
	"spriteSourceSize": {"x":0,"y":0,"w":120,"h":74},
	"sourceSize": {"w":120,"h":74}
}
,{
	"filename": "Symbol 8 copy instance 10007",
	"frame": {"x":840,"y":0,"w":120,"h":74},
	"rotated": false,
	"trimmed": false,
	"spriteSourceSize": {"x":0,"y":0,"w":120,"h":74},
	"sourceSize": {"w":120,"h":74}
}
,{
	"filename": "Symbol 8 copy instance 10008",
	"frame": {"x":960,"y":0,"w":120,"h":74},
	"rotated": false,
	"trimmed": false,
	"spriteSourceSize": {"x":0,"y":0,"w":120,"h":74},
	"sourceSize": {"w":120,"h":74}
}
,{
	"filename": "Symbol 8 copy instance 10009",
	"frame": {"x":1080,"y":0,"w":120,"h":74},
	"rotated": false,
	"trimmed": false,
	"spriteSourceSize": {"x":0,"y":0,"w":120,"h":74},
	"sourceSize": {"w":120,"h":74}
}
,{
	"filename": "Symbol 8 copy instance 10010",
	"frame": {"x":1200,"y":0,"w":120,"h":74},
	"rotated": false,
	"trimmed": false,
	"spriteSourceSize": {"x":0,"y":0,"w":120,"h":74},
	"sourceSize": {"w":120,"h":74}
}
,{
	"filename": "Symbol 8 copy instance 10011",
	"frame": {"x":1320,"y":0,"w":120,"h":74},
	"rotated": false,
	"trimmed": false,
	"spriteSourceSize": {"x":0,"y":0,"w":120,"h":74},
	"sourceSize": {"w":120,"h":74}
}
,{
	"filename": "Symbol 8 copy instance 10012",
	"frame": {"x":1440,"y":0,"w":120,"h":74},
	"rotated": false,
	"trimmed": false,
	"spriteSourceSize": {"x":0,"y":0,"w":120,"h":74},
	"sourceSize": {"w":120,"h":74}
}
,{
	"filename": "Symbol 8 copy instance 10013",
	"frame": {"x":1560,"y":0,"w":120,"h":74},
	"rotated": false,
	"trimmed": false,
	"spriteSourceSize": {"x":0,"y":0,"w":120,"h":74},
	"sourceSize": {"w":120,"h":74}
}
,{
	"filename": "Symbol 8 copy instance 10014",
	"frame": {"x":1680,"y":0,"w":120,"h":74},
	"rotated": false,
	"trimmed": false,
	"spriteSourceSize": {"x":0,"y":0,"w":120,"h":74},
	"sourceSize": {"w":120,"h":74}
}
,{
	"filename": "Symbol 8 copy instance 10015",
	"frame": {"x":1800,"y":0,"w":120,"h":74},
	"rotated": false,
	"trimmed": false,
	"spriteSourceSize": {"x":0,"y":0,"w":120,"h":74},
	"sourceSize": {"w":120,"h":74}
}
,{
	"filename": "Symbol 8 copy instance 10016",
	"frame": {"x":1920,"y":0,"w":120,"h":74},
	"rotated": false,
	"trimmed": false,
	"spriteSourceSize": {"x":0,"y":0,"w":120,"h":74},
	"sourceSize": {"w":120,"h":74}
}
,{
	"filename": "Symbol 8 copy instance 10017",
	"frame": {"x":2040,"y":0,"w":120,"h":74},
	"rotated": false,
	"trimmed": false,
	"spriteSourceSize": {"x":0,"y":0,"w":120,"h":74},
	"sourceSize": {"w":120,"h":74}
}
,{
	"filename": "Symbol 8 copy instance 10018",
	"frame": {"x":2160,"y":0,"w":120,"h":74},
	"rotated": false,
	"trimmed": false,
	"spriteSourceSize": {"x":0,"y":0,"w":120,"h":74},
	"sourceSize": {"w":120,"h":74}
}
,{
	"filename": "Symbol 8 copy instance 10019",
	"frame": {"x":2280,"y":0,"w":120,"h":74},
	"rotated": false,
	"trimmed": false,
	"spriteSourceSize": {"x":0,"y":0,"w":120,"h":74},
	"sourceSize": {"w":120,"h":74}
}],
"meta": {
	"app": "Adobe Animate",
	"version": "20.0.1.19255",
	"image": "Fish 3 anim.png",
	"format": "RGBA8888",
	"size": {"w":2433,"h":80},
	"scale": "1"
}
}
