﻿{"frames": [

{
	"filename": "Symbol 8 copy instance 10000",
	"frame": {"x":0,"y":0,"w":121,"h":74},
	"rotated": false,
	"trimmed": false,
	"spriteSourceSize": {"x":0,"y":0,"w":121,"h":74},
	"sourceSize": {"w":121,"h":74}
}
,{
	"filename": "Symbol 8 copy instance 10001",
	"frame": {"x":121,"y":0,"w":121,"h":74},
	"rotated": false,
	"trimmed": false,
	"spriteSourceSize": {"x":0,"y":0,"w":121,"h":74},
	"sourceSize": {"w":121,"h":74}
}
,{
	"filename": "Symbol 8 copy instance 10002",
	"frame": {"x":242,"y":0,"w":121,"h":74},
	"rotated": false,
	"trimmed": false,
	"spriteSourceSize": {"x":0,"y":0,"w":121,"h":74},
	"sourceSize": {"w":121,"h":74}
}
,{
	"filename": "Symbol 8 copy instance 10003",
	"frame": {"x":363,"y":0,"w":121,"h":74},
	"rotated": false,
	"trimmed": false,
	"spriteSourceSize": {"x":0,"y":0,"w":121,"h":74},
	"sourceSize": {"w":121,"h":74}
}
,{
	"filename": "Symbol 8 copy instance 10004",
	"frame": {"x":484,"y":0,"w":121,"h":74},
	"rotated": false,
	"trimmed": false,
	"spriteSourceSize": {"x":0,"y":0,"w":121,"h":74},
	"sourceSize": {"w":121,"h":74}
}
,{
	"filename": "Symbol 8 copy instance 10005",
	"frame": {"x":605,"y":0,"w":121,"h":74},
	"rotated": false,
	"trimmed": false,
	"spriteSourceSize": {"x":0,"y":0,"w":121,"h":74},
	"sourceSize": {"w":121,"h":74}
}
,{
	"filename": "Symbol 8 copy instance 10006",
	"frame": {"x":726,"y":0,"w":121,"h":74},
	"rotated": false,
	"trimmed": false,
	"spriteSourceSize": {"x":0,"y":0,"w":121,"h":74},
	"sourceSize": {"w":121,"h":74}
}
,{
	"filename": "Symbol 8 copy instance 10007",
	"frame": {"x":847,"y":0,"w":121,"h":74},
	"rotated": false,
	"trimmed": false,
	"spriteSourceSize": {"x":0,"y":0,"w":121,"h":74},
	"sourceSize": {"w":121,"h":74}
}
,{
	"filename": "Symbol 8 copy instance 10008",
	"frame": {"x":968,"y":0,"w":121,"h":74},
	"rotated": false,
	"trimmed": false,
	"spriteSourceSize": {"x":0,"y":0,"w":121,"h":74},
	"sourceSize": {"w":121,"h":74}
}
,{
	"filename": "Symbol 8 copy instance 10009",
	"frame": {"x":1089,"y":0,"w":121,"h":74},
	"rotated": false,
	"trimmed": false,
	"spriteSourceSize": {"x":0,"y":0,"w":121,"h":74},
	"sourceSize": {"w":121,"h":74}
}
,{
	"filename": "Symbol 8 copy instance 10010",
	"frame": {"x":1210,"y":0,"w":121,"h":74},
	"rotated": false,
	"trimmed": false,
	"spriteSourceSize": {"x":0,"y":0,"w":121,"h":74},
	"sourceSize": {"w":121,"h":74}
}
,{
	"filename": "Symbol 8 copy instance 10011",
	"frame": {"x":1331,"y":0,"w":121,"h":74},
	"rotated": false,
	"trimmed": false,
	"spriteSourceSize": {"x":0,"y":0,"w":121,"h":74},
	"sourceSize": {"w":121,"h":74}
}
,{
	"filename": "Symbol 8 copy instance 10012",
	"frame": {"x":1452,"y":0,"w":121,"h":74},
	"rotated": false,
	"trimmed": false,
	"spriteSourceSize": {"x":0,"y":0,"w":121,"h":74},
	"sourceSize": {"w":121,"h":74}
}
,{
	"filename": "Symbol 8 copy instance 10013",
	"frame": {"x":1573,"y":0,"w":121,"h":74},
	"rotated": false,
	"trimmed": false,
	"spriteSourceSize": {"x":0,"y":0,"w":121,"h":74},
	"sourceSize": {"w":121,"h":74}
}
,{
	"filename": "Symbol 8 copy instance 10014",
	"frame": {"x":1694,"y":0,"w":121,"h":74},
	"rotated": false,
	"trimmed": false,
	"spriteSourceSize": {"x":0,"y":0,"w":121,"h":74},
	"sourceSize": {"w":121,"h":74}
}
,{
	"filename": "Symbol 8 copy instance 10015",
	"frame": {"x":1815,"y":0,"w":121,"h":74},
	"rotated": false,
	"trimmed": false,
	"spriteSourceSize": {"x":0,"y":0,"w":121,"h":74},
	"sourceSize": {"w":121,"h":74}
}
,{
	"filename": "Symbol 8 copy instance 10016",
	"frame": {"x":1936,"y":0,"w":121,"h":74},
	"rotated": false,
	"trimmed": false,
	"spriteSourceSize": {"x":0,"y":0,"w":121,"h":74},
	"sourceSize": {"w":121,"h":74}
}
,{
	"filename": "Symbol 8 copy instance 10017",
	"frame": {"x":2057,"y":0,"w":121,"h":74},
	"rotated": false,
	"trimmed": false,
	"spriteSourceSize": {"x":0,"y":0,"w":121,"h":74},
	"sourceSize": {"w":121,"h":74}
}
,{
	"filename": "Symbol 8 copy instance 10018",
	"frame": {"x":2178,"y":0,"w":121,"h":74},
	"rotated": false,
	"trimmed": false,
	"spriteSourceSize": {"x":0,"y":0,"w":121,"h":74},
	"sourceSize": {"w":121,"h":74}
}
,{
	"filename": "Symbol 8 copy instance 10019",
	"frame": {"x":2299,"y":0,"w":121,"h":74},
	"rotated": false,
	"trimmed": false,
	"spriteSourceSize": {"x":0,"y":0,"w":121,"h":74},
	"sourceSize": {"w":121,"h":74}
}],
"meta": {
	"app": "Adobe Animate",
	"version": "20.0.1.19255",
	"image": "Fish 1 anim.png",
	"format": "RGBA8888",
	"size": {"w":2433,"h":80},
	"scale": "1"
}
}
