﻿{"frames": [

{
	"filename": "Symbol 1 instance 10000",
	"frame": {"x":0,"y":0,"w":776,"h":211},
	"rotated": false,
	"trimmed": false,
	"spriteSourceSize": {"x":0,"y":0,"w":776,"h":211},
	"sourceSize": {"w":776,"h":211}
}
,{
	"filename": "Symbol 1 instance 10001",
	"frame": {"x":776,"y":0,"w":776,"h":211},
	"rotated": false,
	"trimmed": false,
	"spriteSourceSize": {"x":0,"y":0,"w":776,"h":211},
	"sourceSize": {"w":776,"h":211}
}
,{
	"filename": "Symbol 1 instance 10002",
	"frame": {"x":1552,"y":0,"w":776,"h":211},
	"rotated": false,
	"trimmed": false,
	"spriteSourceSize": {"x":0,"y":0,"w":776,"h":211},
	"sourceSize": {"w":776,"h":211}
}
,{
	"filename": "Symbol 1 instance 10003",
	"frame": {"x":2328,"y":0,"w":776,"h":211},
	"rotated": false,
	"trimmed": false,
	"spriteSourceSize": {"x":0,"y":0,"w":776,"h":211},
	"sourceSize": {"w":776,"h":211}
}
,{
	"filename": "Symbol 1 instance 10004",
	"frame": {"x":3104,"y":0,"w":776,"h":211},
	"rotated": false,
	"trimmed": false,
	"spriteSourceSize": {"x":0,"y":0,"w":776,"h":211},
	"sourceSize": {"w":776,"h":211}
}
,{
	"filename": "Symbol 1 instance 10005",
	"frame": {"x":0,"y":211,"w":776,"h":211},
	"rotated": false,
	"trimmed": false,
	"spriteSourceSize": {"x":0,"y":0,"w":776,"h":211},
	"sourceSize": {"w":776,"h":211}
}
,{
	"filename": "Symbol 1 instance 10006",
	"frame": {"x":776,"y":211,"w":776,"h":211},
	"rotated": false,
	"trimmed": false,
	"spriteSourceSize": {"x":0,"y":0,"w":776,"h":211},
	"sourceSize": {"w":776,"h":211}
}
,{
	"filename": "Symbol 1 instance 10007",
	"frame": {"x":1552,"y":211,"w":776,"h":211},
	"rotated": false,
	"trimmed": false,
	"spriteSourceSize": {"x":0,"y":0,"w":776,"h":211},
	"sourceSize": {"w":776,"h":211}
}
,{
	"filename": "Symbol 1 instance 10008",
	"frame": {"x":2328,"y":211,"w":776,"h":211},
	"rotated": false,
	"trimmed": false,
	"spriteSourceSize": {"x":0,"y":0,"w":776,"h":211},
	"sourceSize": {"w":776,"h":211}
}
,{
	"filename": "Symbol 1 instance 10009",
	"frame": {"x":3104,"y":211,"w":776,"h":211},
	"rotated": false,
	"trimmed": false,
	"spriteSourceSize": {"x":0,"y":0,"w":776,"h":211},
	"sourceSize": {"w":776,"h":211}
}
,{
	"filename": "Symbol 1 instance 10010",
	"frame": {"x":0,"y":422,"w":776,"h":211},
	"rotated": false,
	"trimmed": false,
	"spriteSourceSize": {"x":0,"y":0,"w":776,"h":211},
	"sourceSize": {"w":776,"h":211}
}
,{
	"filename": "Symbol 1 instance 10011",
	"frame": {"x":776,"y":422,"w":776,"h":211},
	"rotated": false,
	"trimmed": false,
	"spriteSourceSize": {"x":0,"y":0,"w":776,"h":211},
	"sourceSize": {"w":776,"h":211}
}
,{
	"filename": "Symbol 1 instance 10012",
	"frame": {"x":1552,"y":422,"w":776,"h":211},
	"rotated": false,
	"trimmed": false,
	"spriteSourceSize": {"x":0,"y":0,"w":776,"h":211},
	"sourceSize": {"w":776,"h":211}
}
,{
	"filename": "Symbol 1 instance 10013",
	"frame": {"x":2328,"y":422,"w":776,"h":211},
	"rotated": false,
	"trimmed": false,
	"spriteSourceSize": {"x":0,"y":0,"w":776,"h":211},
	"sourceSize": {"w":776,"h":211}
}
,{
	"filename": "Symbol 1 instance 10014",
	"frame": {"x":3104,"y":422,"w":776,"h":211},
	"rotated": false,
	"trimmed": false,
	"spriteSourceSize": {"x":0,"y":0,"w":776,"h":211},
	"sourceSize": {"w":776,"h":211}
}
,{
	"filename": "Symbol 1 instance 10015",
	"frame": {"x":0,"y":633,"w":776,"h":211},
	"rotated": false,
	"trimmed": false,
	"spriteSourceSize": {"x":0,"y":0,"w":776,"h":211},
	"sourceSize": {"w":776,"h":211}
}
,{
	"filename": "Symbol 1 instance 10016",
	"frame": {"x":776,"y":633,"w":776,"h":211},
	"rotated": false,
	"trimmed": false,
	"spriteSourceSize": {"x":0,"y":0,"w":776,"h":211},
	"sourceSize": {"w":776,"h":211}
}
,{
	"filename": "Symbol 1 instance 10017",
	"frame": {"x":1552,"y":633,"w":776,"h":211},
	"rotated": false,
	"trimmed": false,
	"spriteSourceSize": {"x":0,"y":0,"w":776,"h":211},
	"sourceSize": {"w":776,"h":211}
}
,{
	"filename": "Symbol 1 instance 10018",
	"frame": {"x":2328,"y":633,"w":776,"h":211},
	"rotated": false,
	"trimmed": false,
	"spriteSourceSize": {"x":0,"y":0,"w":776,"h":211},
	"sourceSize": {"w":776,"h":211}
}
,{
	"filename": "Symbol 1 instance 10019",
	"frame": {"x":3104,"y":633,"w":776,"h":211},
	"rotated": false,
	"trimmed": false,
	"spriteSourceSize": {"x":0,"y":0,"w":776,"h":211},
	"sourceSize": {"w":776,"h":211}
}
,{
	"filename": "Symbol 1 instance 10020",
	"frame": {"x":0,"y":844,"w":776,"h":211},
	"rotated": false,
	"trimmed": false,
	"spriteSourceSize": {"x":0,"y":0,"w":776,"h":211},
	"sourceSize": {"w":776,"h":211}
}
,{
	"filename": "Symbol 1 instance 10021",
	"frame": {"x":776,"y":844,"w":776,"h":211},
	"rotated": false,
	"trimmed": false,
	"spriteSourceSize": {"x":0,"y":0,"w":776,"h":211},
	"sourceSize": {"w":776,"h":211}
}
,{
	"filename": "Symbol 1 instance 10022",
	"frame": {"x":1552,"y":844,"w":776,"h":211},
	"rotated": false,
	"trimmed": false,
	"spriteSourceSize": {"x":0,"y":0,"w":776,"h":211},
	"sourceSize": {"w":776,"h":211}
}
,{
	"filename": "Symbol 1 instance 10023",
	"frame": {"x":2328,"y":844,"w":776,"h":211},
	"rotated": false,
	"trimmed": false,
	"spriteSourceSize": {"x":0,"y":0,"w":776,"h":211},
	"sourceSize": {"w":776,"h":211}
}
,{
	"filename": "Symbol 1 instance 10024",
	"frame": {"x":3104,"y":844,"w":776,"h":211},
	"rotated": false,
	"trimmed": false,
	"spriteSourceSize": {"x":0,"y":0,"w":776,"h":211},
	"sourceSize": {"w":776,"h":211}
}
,{
	"filename": "Symbol 1 instance 10025",
	"frame": {"x":0,"y":1055,"w":776,"h":211},
	"rotated": false,
	"trimmed": false,
	"spriteSourceSize": {"x":0,"y":0,"w":776,"h":211},
	"sourceSize": {"w":776,"h":211}
}
,{
	"filename": "Symbol 1 instance 10026",
	"frame": {"x":776,"y":1055,"w":776,"h":211},
	"rotated": false,
	"trimmed": false,
	"spriteSourceSize": {"x":0,"y":0,"w":776,"h":211},
	"sourceSize": {"w":776,"h":211}
}
,{
	"filename": "Symbol 1 instance 10027",
	"frame": {"x":1552,"y":1055,"w":776,"h":211},
	"rotated": false,
	"trimmed": false,
	"spriteSourceSize": {"x":0,"y":0,"w":776,"h":211},
	"sourceSize": {"w":776,"h":211}
}
,{
	"filename": "Symbol 1 instance 10028",
	"frame": {"x":2328,"y":1055,"w":776,"h":211},
	"rotated": false,
	"trimmed": false,
	"spriteSourceSize": {"x":0,"y":0,"w":776,"h":211},
	"sourceSize": {"w":776,"h":211}
}
,{
	"filename": "Symbol 1 instance 10029",
	"frame": {"x":3104,"y":1055,"w":776,"h":211},
	"rotated": false,
	"trimmed": false,
	"spriteSourceSize": {"x":0,"y":0,"w":776,"h":211},
	"sourceSize": {"w":776,"h":211}
}
,{
	"filename": "Symbol 1 instance 10030",
	"frame": {"x":0,"y":1266,"w":776,"h":211},
	"rotated": false,
	"trimmed": false,
	"spriteSourceSize": {"x":0,"y":0,"w":776,"h":211},
	"sourceSize": {"w":776,"h":211}
}
,{
	"filename": "Symbol 1 instance 10031",
	"frame": {"x":776,"y":1266,"w":776,"h":211},
	"rotated": false,
	"trimmed": false,
	"spriteSourceSize": {"x":0,"y":0,"w":776,"h":211},
	"sourceSize": {"w":776,"h":211}
}
,{
	"filename": "Symbol 1 instance 10032",
	"frame": {"x":1552,"y":1266,"w":776,"h":211},
	"rotated": false,
	"trimmed": false,
	"spriteSourceSize": {"x":0,"y":0,"w":776,"h":211},
	"sourceSize": {"w":776,"h":211}
}
,{
	"filename": "Symbol 1 instance 10033",
	"frame": {"x":2328,"y":1266,"w":776,"h":211},
	"rotated": false,
	"trimmed": false,
	"spriteSourceSize": {"x":0,"y":0,"w":776,"h":211},
	"sourceSize": {"w":776,"h":211}
}
,{
	"filename": "Symbol 1 instance 10034",
	"frame": {"x":3104,"y":1266,"w":776,"h":211},
	"rotated": false,
	"trimmed": false,
	"spriteSourceSize": {"x":0,"y":0,"w":776,"h":211},
	"sourceSize": {"w":776,"h":211}
}
,{
	"filename": "Symbol 1 instance 10035",
	"frame": {"x":0,"y":1477,"w":776,"h":211},
	"rotated": false,
	"trimmed": false,
	"spriteSourceSize": {"x":0,"y":0,"w":776,"h":211},
	"sourceSize": {"w":776,"h":211}
}
,{
	"filename": "Symbol 1 instance 10036",
	"frame": {"x":776,"y":1477,"w":776,"h":211},
	"rotated": false,
	"trimmed": false,
	"spriteSourceSize": {"x":0,"y":0,"w":776,"h":211},
	"sourceSize": {"w":776,"h":211}
}
,{
	"filename": "Symbol 1 instance 10037",
	"frame": {"x":1552,"y":1477,"w":776,"h":211},
	"rotated": false,
	"trimmed": false,
	"spriteSourceSize": {"x":0,"y":0,"w":776,"h":211},
	"sourceSize": {"w":776,"h":211}
}
,{
	"filename": "Symbol 1 instance 10038",
	"frame": {"x":2328,"y":1477,"w":776,"h":211},
	"rotated": false,
	"trimmed": false,
	"spriteSourceSize": {"x":0,"y":0,"w":776,"h":211},
	"sourceSize": {"w":776,"h":211}
}
,{
	"filename": "Symbol 1 instance 10039",
	"frame": {"x":3104,"y":1477,"w":776,"h":211},
	"rotated": false,
	"trimmed": false,
	"spriteSourceSize": {"x":0,"y":0,"w":776,"h":211},
	"sourceSize": {"w":776,"h":211}
}
,{
	"filename": "Symbol 1 instance 10040",
	"frame": {"x":0,"y":1688,"w":776,"h":211},
	"rotated": false,
	"trimmed": false,
	"spriteSourceSize": {"x":0,"y":0,"w":776,"h":211},
	"sourceSize": {"w":776,"h":211}
}
,{
	"filename": "Symbol 1 instance 10041",
	"frame": {"x":776,"y":1688,"w":776,"h":211},
	"rotated": false,
	"trimmed": false,
	"spriteSourceSize": {"x":0,"y":0,"w":776,"h":211},
	"sourceSize": {"w":776,"h":211}
}
,{
	"filename": "Symbol 1 instance 10042",
	"frame": {"x":1552,"y":1688,"w":776,"h":211},
	"rotated": false,
	"trimmed": false,
	"spriteSourceSize": {"x":0,"y":0,"w":776,"h":211},
	"sourceSize": {"w":776,"h":211}
}
,{
	"filename": "Symbol 1 instance 10043",
	"frame": {"x":2328,"y":1688,"w":776,"h":211},
	"rotated": false,
	"trimmed": false,
	"spriteSourceSize": {"x":0,"y":0,"w":776,"h":211},
	"sourceSize": {"w":776,"h":211}
}
,{
	"filename": "Symbol 1 instance 10044",
	"frame": {"x":3104,"y":1688,"w":776,"h":211},
	"rotated": false,
	"trimmed": false,
	"spriteSourceSize": {"x":0,"y":0,"w":776,"h":211},
	"sourceSize": {"w":776,"h":211}
}
,{
	"filename": "Symbol 1 instance 10045",
	"frame": {"x":0,"y":1899,"w":776,"h":211},
	"rotated": false,
	"trimmed": false,
	"spriteSourceSize": {"x":0,"y":0,"w":776,"h":211},
	"sourceSize": {"w":776,"h":211}
}
,{
	"filename": "Symbol 1 instance 10046",
	"frame": {"x":776,"y":1899,"w":776,"h":211},
	"rotated": false,
	"trimmed": false,
	"spriteSourceSize": {"x":0,"y":0,"w":776,"h":211},
	"sourceSize": {"w":776,"h":211}
}
,{
	"filename": "Symbol 1 instance 10047",
	"frame": {"x":1552,"y":1899,"w":776,"h":211},
	"rotated": false,
	"trimmed": false,
	"spriteSourceSize": {"x":0,"y":0,"w":776,"h":211},
	"sourceSize": {"w":776,"h":211}
}
,{
	"filename": "Symbol 1 instance 10048",
	"frame": {"x":2328,"y":1899,"w":776,"h":211},
	"rotated": false,
	"trimmed": false,
	"spriteSourceSize": {"x":0,"y":0,"w":776,"h":211},
	"sourceSize": {"w":776,"h":211}
}
,{
	"filename": "Symbol 1 instance 10049",
	"frame": {"x":3104,"y":1899,"w":776,"h":211},
	"rotated": false,
	"trimmed": false,
	"spriteSourceSize": {"x":0,"y":0,"w":776,"h":211},
	"sourceSize": {"w":776,"h":211}
}
,{
	"filename": "Symbol 1 instance 10050",
	"frame": {"x":0,"y":2110,"w":776,"h":211},
	"rotated": false,
	"trimmed": false,
	"spriteSourceSize": {"x":0,"y":0,"w":776,"h":211},
	"sourceSize": {"w":776,"h":211}
}
,{
	"filename": "Symbol 1 instance 10051",
	"frame": {"x":776,"y":2110,"w":776,"h":211},
	"rotated": false,
	"trimmed": false,
	"spriteSourceSize": {"x":0,"y":0,"w":776,"h":211},
	"sourceSize": {"w":776,"h":211}
}
,{
	"filename": "Symbol 1 instance 10052",
	"frame": {"x":1552,"y":2110,"w":776,"h":211},
	"rotated": false,
	"trimmed": false,
	"spriteSourceSize": {"x":0,"y":0,"w":776,"h":211},
	"sourceSize": {"w":776,"h":211}
}
,{
	"filename": "Symbol 1 instance 10053",
	"frame": {"x":2328,"y":2110,"w":776,"h":211},
	"rotated": false,
	"trimmed": false,
	"spriteSourceSize": {"x":0,"y":0,"w":776,"h":211},
	"sourceSize": {"w":776,"h":211}
}
,{
	"filename": "Symbol 1 instance 10054",
	"frame": {"x":3104,"y":2110,"w":776,"h":211},
	"rotated": false,
	"trimmed": false,
	"spriteSourceSize": {"x":0,"y":0,"w":776,"h":211},
	"sourceSize": {"w":776,"h":211}
}
,{
	"filename": "Symbol 1 instance 10055",
	"frame": {"x":0,"y":2321,"w":776,"h":211},
	"rotated": false,
	"trimmed": false,
	"spriteSourceSize": {"x":0,"y":0,"w":776,"h":211},
	"sourceSize": {"w":776,"h":211}
}
,{
	"filename": "Symbol 1 instance 10056",
	"frame": {"x":776,"y":2321,"w":776,"h":211},
	"rotated": false,
	"trimmed": false,
	"spriteSourceSize": {"x":0,"y":0,"w":776,"h":211},
	"sourceSize": {"w":776,"h":211}
}
,{
	"filename": "Symbol 1 instance 10057",
	"frame": {"x":1552,"y":2321,"w":776,"h":211},
	"rotated": false,
	"trimmed": false,
	"spriteSourceSize": {"x":0,"y":0,"w":776,"h":211},
	"sourceSize": {"w":776,"h":211}
}
,{
	"filename": "Symbol 1 instance 10058",
	"frame": {"x":2328,"y":2321,"w":776,"h":211},
	"rotated": false,
	"trimmed": false,
	"spriteSourceSize": {"x":0,"y":0,"w":776,"h":211},
	"sourceSize": {"w":776,"h":211}
}
,{
	"filename": "Symbol 1 instance 10059",
	"frame": {"x":3104,"y":2321,"w":776,"h":211},
	"rotated": false,
	"trimmed": false,
	"spriteSourceSize": {"x":0,"y":0,"w":776,"h":211},
	"sourceSize": {"w":776,"h":211}
}],
"meta": {
	"app": "Adobe Animate",
	"version": "20.0.1.19255",
	"image": "waves.png",
	"format": "RGBA8888",
	"size": {"w":4004,"h":2784},
	"scale": "1"
}
}
