﻿{"frames": [

{
	"filename": "Symbol 6 copy instance 10000",
	"frame": {"x":0,"y":0,"w":52,"h":52},
	"rotated": false,
	"trimmed": false,
	"spriteSourceSize": {"x":0,"y":0,"w":52,"h":52},
	"sourceSize": {"w":52,"h":52}
}
,{
	"filename": "Symbol 6 copy instance 10001",
	"frame": {"x":52,"y":0,"w":52,"h":52},
	"rotated": false,
	"trimmed": false,
	"spriteSourceSize": {"x":0,"y":0,"w":52,"h":52},
	"sourceSize": {"w":52,"h":52}
}],
"meta": {
	"app": "Adobe Animate",
	"version": "20.0.1.19255",
	"image": "symbol_2.png",
	"format": "RGBA8888",
	"size": {"w":104,"h":52},
	"scale": "1"
}
}
