﻿{"frames": [

{
	"filename": "Symbol 22 instance 10000",
	"frame": {"x":0,"y":0,"w":30,"h":46},
	"rotated": false,
	"trimmed": false,
	"spriteSourceSize": {"x":0,"y":0,"w":30,"h":46},
	"sourceSize": {"w":30,"h":46}
}
,{
	"filename": "Symbol 22 instance 10001",
	"frame": {"x":30,"y":0,"w":30,"h":46},
	"rotated": false,
	"trimmed": false,
	"spriteSourceSize": {"x":0,"y":0,"w":30,"h":46},
	"sourceSize": {"w":30,"h":46}
}],
"meta": {
	"app": "Adobe Animate",
	"version": "18.0.0.107",
	"image": "q7.png",
	"format": "RGBA8888",
	"size": {"w":64,"h":64},
	"scale": "1"
}
}
