﻿{"frames": [

{
	"filename": "Symbol 23 instance 10000",
	"frame": {"x":0,"y":0,"w":58,"h":57},
	"rotated": false,
	"trimmed": false,
	"spriteSourceSize": {"x":0,"y":0,"w":58,"h":57},
	"sourceSize": {"w":58,"h":57}
}
,{
	"filename": "Symbol 23 instance 10001",
	"frame": {"x":58,"y":0,"w":58,"h":57},
	"rotated": false,
	"trimmed": false,
	"spriteSourceSize": {"x":0,"y":0,"w":58,"h":57},
	"sourceSize": {"w":58,"h":57}
}],
"meta": {
	"app": "Adobe Animate",
	"version": "20.0.1.19255",
	"image": "1X4 square small_1.png",
	"format": "RGBA8888",
	"size": {"w":116,"h":57},
	"scale": "1"
}
}
