﻿{"frames": [

{
	"filename": "Symbol 6 copy 10 instance 10000",
	"frame": {"x":0,"y":0,"w":430,"h":430},
	"rotated": false,
	"trimmed": false,
	"spriteSourceSize": {"x":0,"y":0,"w":430,"h":430},
	"sourceSize": {"w":430,"h":430}
}
,{
	"filename": "Symbol 6 copy 10 instance 10001",
	"frame": {"x":430,"y":0,"w":430,"h":430},
	"rotated": false,
	"trimmed": false,
	"spriteSourceSize": {"x":0,"y":0,"w":430,"h":430},
	"sourceSize": {"w":430,"h":430}
}
,{
	"filename": "Symbol 6 copy 10 instance 10002",
	"frame": {"x":860,"y":0,"w":430,"h":430},
	"rotated": false,
	"trimmed": false,
	"spriteSourceSize": {"x":0,"y":0,"w":430,"h":430},
	"sourceSize": {"w":430,"h":430}
}
,{
	"filename": "Symbol 6 copy 10 instance 10003",
	"frame": {"x":1290,"y":0,"w":430,"h":430},
	"rotated": false,
	"trimmed": false,
	"spriteSourceSize": {"x":0,"y":0,"w":430,"h":430},
	"sourceSize": {"w":430,"h":430}
}
,{
	"filename": "Symbol 6 copy 10 instance 10004",
	"frame": {"x":0,"y":430,"w":430,"h":430},
	"rotated": false,
	"trimmed": false,
	"spriteSourceSize": {"x":0,"y":0,"w":430,"h":430},
	"sourceSize": {"w":430,"h":430}
}
,{
	"filename": "Symbol 6 copy 10 instance 10005",
	"frame": {"x":430,"y":430,"w":430,"h":430},
	"rotated": false,
	"trimmed": false,
	"spriteSourceSize": {"x":0,"y":0,"w":430,"h":430},
	"sourceSize": {"w":430,"h":430}
}
,{
	"filename": "Symbol 6 copy 10 instance 10006",
	"frame": {"x":860,"y":430,"w":430,"h":430},
	"rotated": false,
	"trimmed": false,
	"spriteSourceSize": {"x":0,"y":0,"w":430,"h":430},
	"sourceSize": {"w":430,"h":430}
}
,{
	"filename": "Symbol 6 copy 10 instance 10007",
	"frame": {"x":1290,"y":430,"w":430,"h":430},
	"rotated": false,
	"trimmed": false,
	"spriteSourceSize": {"x":0,"y":0,"w":430,"h":430},
	"sourceSize": {"w":430,"h":430}
}
,{
	"filename": "Symbol 6 copy 10 instance 10008",
	"frame": {"x":0,"y":860,"w":430,"h":430},
	"rotated": false,
	"trimmed": false,
	"spriteSourceSize": {"x":0,"y":0,"w":430,"h":430},
	"sourceSize": {"w":430,"h":430}
}
,{
	"filename": "Symbol 6 copy 10 instance 10009",
	"frame": {"x":430,"y":860,"w":430,"h":430},
	"rotated": false,
	"trimmed": false,
	"spriteSourceSize": {"x":0,"y":0,"w":430,"h":430},
	"sourceSize": {"w":430,"h":430}
}
,{
	"filename": "Symbol 6 copy 10 instance 10010",
	"frame": {"x":860,"y":860,"w":430,"h":430},
	"rotated": false,
	"trimmed": false,
	"spriteSourceSize": {"x":0,"y":0,"w":430,"h":430},
	"sourceSize": {"w":430,"h":430}
}
,{
	"filename": "Symbol 6 copy 10 instance 10011",
	"frame": {"x":1290,"y":860,"w":430,"h":430},
	"rotated": false,
	"trimmed": false,
	"spriteSourceSize": {"x":0,"y":0,"w":430,"h":430},
	"sourceSize": {"w":430,"h":430}
}
,{
	"filename": "Symbol 6 copy 10 instance 10012",
	"frame": {"x":0,"y":1290,"w":430,"h":430},
	"rotated": false,
	"trimmed": false,
	"spriteSourceSize": {"x":0,"y":0,"w":430,"h":430},
	"sourceSize": {"w":430,"h":430}
}
,{
	"filename": "Symbol 6 copy 10 instance 10013",
	"frame": {"x":430,"y":1290,"w":430,"h":430},
	"rotated": false,
	"trimmed": false,
	"spriteSourceSize": {"x":0,"y":0,"w":430,"h":430},
	"sourceSize": {"w":430,"h":430}
}
,{
	"filename": "Symbol 6 copy 10 instance 10014",
	"frame": {"x":860,"y":1290,"w":430,"h":430},
	"rotated": false,
	"trimmed": false,
	"spriteSourceSize": {"x":0,"y":0,"w":430,"h":430},
	"sourceSize": {"w":430,"h":430}
}
,{
	"filename": "Symbol 6 copy 10 instance 10015",
	"frame": {"x":1290,"y":1290,"w":430,"h":430},
	"rotated": false,
	"trimmed": false,
	"spriteSourceSize": {"x":0,"y":0,"w":430,"h":430},
	"sourceSize": {"w":430,"h":430}
}
,{
	"filename": "Symbol 6 copy 10 instance 10016",
	"frame": {"x":0,"y":1720,"w":430,"h":430},
	"rotated": false,
	"trimmed": false,
	"spriteSourceSize": {"x":0,"y":0,"w":430,"h":430},
	"sourceSize": {"w":430,"h":430}
}
,{
	"filename": "Symbol 6 copy 10 instance 10017",
	"frame": {"x":430,"y":1720,"w":430,"h":430},
	"rotated": false,
	"trimmed": false,
	"spriteSourceSize": {"x":0,"y":0,"w":430,"h":430},
	"sourceSize": {"w":430,"h":430}
}
,{
	"filename": "Symbol 6 copy 10 instance 10018",
	"frame": {"x":860,"y":1720,"w":430,"h":430},
	"rotated": false,
	"trimmed": false,
	"spriteSourceSize": {"x":0,"y":0,"w":430,"h":430},
	"sourceSize": {"w":430,"h":430}
}
,{
	"filename": "Symbol 6 copy 10 instance 10019",
	"frame": {"x":1290,"y":1720,"w":430,"h":430},
	"rotated": false,
	"trimmed": false,
	"spriteSourceSize": {"x":0,"y":0,"w":430,"h":430},
	"sourceSize": {"w":430,"h":430}
}
,{
	"filename": "Symbol 6 copy 10 instance 10020",
	"frame": {"x":0,"y":2150,"w":430,"h":430},
	"rotated": false,
	"trimmed": false,
	"spriteSourceSize": {"x":0,"y":0,"w":430,"h":430},
	"sourceSize": {"w":430,"h":430}
}
,{
	"filename": "Symbol 6 copy 10 instance 10021",
	"frame": {"x":430,"y":2150,"w":430,"h":430},
	"rotated": false,
	"trimmed": false,
	"spriteSourceSize": {"x":0,"y":0,"w":430,"h":430},
	"sourceSize": {"w":430,"h":430}
}
,{
	"filename": "Symbol 6 copy 10 instance 10022",
	"frame": {"x":860,"y":2150,"w":430,"h":430},
	"rotated": false,
	"trimmed": false,
	"spriteSourceSize": {"x":0,"y":0,"w":430,"h":430},
	"sourceSize": {"w":430,"h":430}
}
,{
	"filename": "Symbol 6 copy 10 instance 10023",
	"frame": {"x":1290,"y":2150,"w":430,"h":430},
	"rotated": false,
	"trimmed": false,
	"spriteSourceSize": {"x":0,"y":0,"w":430,"h":430},
	"sourceSize": {"w":430,"h":430}
}
,{
	"filename": "Symbol 6 copy 10 instance 10024",
	"frame": {"x":0,"y":2580,"w":430,"h":430},
	"rotated": false,
	"trimmed": false,
	"spriteSourceSize": {"x":0,"y":0,"w":430,"h":430},
	"sourceSize": {"w":430,"h":430}
}
,{
	"filename": "Symbol 6 copy 10 instance 10025",
	"frame": {"x":430,"y":2580,"w":430,"h":430},
	"rotated": false,
	"trimmed": false,
	"spriteSourceSize": {"x":0,"y":0,"w":430,"h":430},
	"sourceSize": {"w":430,"h":430}
}
,{
	"filename": "Symbol 6 copy 10 instance 10026",
	"frame": {"x":860,"y":2580,"w":430,"h":430},
	"rotated": false,
	"trimmed": false,
	"spriteSourceSize": {"x":0,"y":0,"w":430,"h":430},
	"sourceSize": {"w":430,"h":430}
}
,{
	"filename": "Symbol 6 copy 10 instance 10027",
	"frame": {"x":1290,"y":2580,"w":430,"h":430},
	"rotated": false,
	"trimmed": false,
	"spriteSourceSize": {"x":0,"y":0,"w":430,"h":430},
	"sourceSize": {"w":430,"h":430}
}],
"meta": {
	"app": "Adobe Animate",
	"version": "18.0.0.107",
	"image": "q5.png",
	"format": "RGBA8888",
	"size": {"w":2048,"h":3044},
	"scale": "1"
}
}
