﻿{"frames": [

{
	"filename": "Symbol 6 copy 10 instance 10000",
	"frame": {"x":0,"y":0,"w":417,"h":417},
	"rotated": false,
	"trimmed": false,
	"spriteSourceSize": {"x":0,"y":0,"w":417,"h":417},
	"sourceSize": {"w":417,"h":417}
}
,{
	"filename": "Symbol 6 copy 10 instance 10001",
	"frame": {"x":417,"y":0,"w":417,"h":417},
	"rotated": false,
	"trimmed": false,
	"spriteSourceSize": {"x":0,"y":0,"w":417,"h":417},
	"sourceSize": {"w":417,"h":417}
}
,{
	"filename": "Symbol 6 copy 10 instance 10002",
	"frame": {"x":834,"y":0,"w":417,"h":417},
	"rotated": false,
	"trimmed": false,
	"spriteSourceSize": {"x":0,"y":0,"w":417,"h":417},
	"sourceSize": {"w":417,"h":417}
}
,{
	"filename": "Symbol 6 copy 10 instance 10003",
	"frame": {"x":1251,"y":0,"w":417,"h":417},
	"rotated": false,
	"trimmed": false,
	"spriteSourceSize": {"x":0,"y":0,"w":417,"h":417},
	"sourceSize": {"w":417,"h":417}
}
,{
	"filename": "Symbol 6 copy 10 instance 10004",
	"frame": {"x":0,"y":417,"w":417,"h":417},
	"rotated": false,
	"trimmed": false,
	"spriteSourceSize": {"x":0,"y":0,"w":417,"h":417},
	"sourceSize": {"w":417,"h":417}
}
,{
	"filename": "Symbol 6 copy 10 instance 10005",
	"frame": {"x":417,"y":417,"w":417,"h":417},
	"rotated": false,
	"trimmed": false,
	"spriteSourceSize": {"x":0,"y":0,"w":417,"h":417},
	"sourceSize": {"w":417,"h":417}
}
,{
	"filename": "Symbol 6 copy 10 instance 10006",
	"frame": {"x":834,"y":417,"w":417,"h":417},
	"rotated": false,
	"trimmed": false,
	"spriteSourceSize": {"x":0,"y":0,"w":417,"h":417},
	"sourceSize": {"w":417,"h":417}
}
,{
	"filename": "Symbol 6 copy 10 instance 10007",
	"frame": {"x":1251,"y":417,"w":417,"h":417},
	"rotated": false,
	"trimmed": false,
	"spriteSourceSize": {"x":0,"y":0,"w":417,"h":417},
	"sourceSize": {"w":417,"h":417}
}
,{
	"filename": "Symbol 6 copy 10 instance 10008",
	"frame": {"x":0,"y":834,"w":417,"h":417},
	"rotated": false,
	"trimmed": false,
	"spriteSourceSize": {"x":0,"y":0,"w":417,"h":417},
	"sourceSize": {"w":417,"h":417}
}
,{
	"filename": "Symbol 6 copy 10 instance 10009",
	"frame": {"x":417,"y":834,"w":417,"h":417},
	"rotated": false,
	"trimmed": false,
	"spriteSourceSize": {"x":0,"y":0,"w":417,"h":417},
	"sourceSize": {"w":417,"h":417}
}
,{
	"filename": "Symbol 6 copy 10 instance 10010",
	"frame": {"x":834,"y":834,"w":417,"h":417},
	"rotated": false,
	"trimmed": false,
	"spriteSourceSize": {"x":0,"y":0,"w":417,"h":417},
	"sourceSize": {"w":417,"h":417}
}
,{
	"filename": "Symbol 6 copy 10 instance 10011",
	"frame": {"x":1251,"y":834,"w":417,"h":417},
	"rotated": false,
	"trimmed": false,
	"spriteSourceSize": {"x":0,"y":0,"w":417,"h":417},
	"sourceSize": {"w":417,"h":417}
}
,{
	"filename": "Symbol 6 copy 10 instance 10012",
	"frame": {"x":0,"y":1251,"w":417,"h":417},
	"rotated": false,
	"trimmed": false,
	"spriteSourceSize": {"x":0,"y":0,"w":417,"h":417},
	"sourceSize": {"w":417,"h":417}
}
,{
	"filename": "Symbol 6 copy 10 instance 10013",
	"frame": {"x":417,"y":1251,"w":417,"h":417},
	"rotated": false,
	"trimmed": false,
	"spriteSourceSize": {"x":0,"y":0,"w":417,"h":417},
	"sourceSize": {"w":417,"h":417}
}
,{
	"filename": "Symbol 6 copy 10 instance 10014",
	"frame": {"x":834,"y":1251,"w":417,"h":417},
	"rotated": false,
	"trimmed": false,
	"spriteSourceSize": {"x":0,"y":0,"w":417,"h":417},
	"sourceSize": {"w":417,"h":417}
}
,{
	"filename": "Symbol 6 copy 10 instance 10015",
	"frame": {"x":1251,"y":1251,"w":417,"h":417},
	"rotated": false,
	"trimmed": false,
	"spriteSourceSize": {"x":0,"y":0,"w":417,"h":417},
	"sourceSize": {"w":417,"h":417}
}
,{
	"filename": "Symbol 6 copy 10 instance 10016",
	"frame": {"x":0,"y":1668,"w":417,"h":417},
	"rotated": false,
	"trimmed": false,
	"spriteSourceSize": {"x":0,"y":0,"w":417,"h":417},
	"sourceSize": {"w":417,"h":417}
}
,{
	"filename": "Symbol 6 copy 10 instance 10017",
	"frame": {"x":417,"y":1668,"w":417,"h":417},
	"rotated": false,
	"trimmed": false,
	"spriteSourceSize": {"x":0,"y":0,"w":417,"h":417},
	"sourceSize": {"w":417,"h":417}
}
,{
	"filename": "Symbol 6 copy 10 instance 10018",
	"frame": {"x":834,"y":1668,"w":417,"h":417},
	"rotated": false,
	"trimmed": false,
	"spriteSourceSize": {"x":0,"y":0,"w":417,"h":417},
	"sourceSize": {"w":417,"h":417}
}
,{
	"filename": "Symbol 6 copy 10 instance 10019",
	"frame": {"x":1251,"y":1668,"w":417,"h":417},
	"rotated": false,
	"trimmed": false,
	"spriteSourceSize": {"x":0,"y":0,"w":417,"h":417},
	"sourceSize": {"w":417,"h":417}
}],
"meta": {
	"app": "Adobe Animate",
	"version": "18.0.0.107",
	"image": "1.png",
	"format": "RGBA8888",
	"size": {"w":2048,"h":4096},
	"scale": "1"
}
}
