﻿{"frames": [

{
	"filename": "Symbol 2 instance 10000",
	"frame": {"x":0,"y":0,"w":960,"h":540},
	"rotated": false,
	"trimmed": false,
	"spriteSourceSize": {"x":0,"y":0,"w":960,"h":540},
	"sourceSize": {"w":960,"h":540}
}
,{
	"filename": "Symbol 2 instance 10001",
	"frame": {"x":960,"y":0,"w":960,"h":540},
	"rotated": false,
	"trimmed": false,
	"spriteSourceSize": {"x":0,"y":0,"w":960,"h":540},
	"sourceSize": {"w":960,"h":540}
}
,{
	"filename": "Symbol 2 instance 10002",
	"frame": {"x":0,"y":540,"w":960,"h":540},
	"rotated": false,
	"trimmed": false,
	"spriteSourceSize": {"x":0,"y":0,"w":960,"h":540},
	"sourceSize": {"w":960,"h":540}
}
,{
	"filename": "Symbol 2 instance 10003",
	"frame": {"x":960,"y":540,"w":960,"h":540},
	"rotated": false,
	"trimmed": false,
	"spriteSourceSize": {"x":0,"y":0,"w":960,"h":540},
	"sourceSize": {"w":960,"h":540}
}
,{
	"filename": "Symbol 2 instance 10004",
	"frame": {"x":0,"y":1080,"w":960,"h":540},
	"rotated": false,
	"trimmed": false,
	"spriteSourceSize": {"x":0,"y":0,"w":960,"h":540},
	"sourceSize": {"w":960,"h":540}
}
,{
	"filename": "Symbol 2 instance 10005",
	"frame": {"x":960,"y":1080,"w":960,"h":540},
	"rotated": false,
	"trimmed": false,
	"spriteSourceSize": {"x":0,"y":0,"w":960,"h":540},
	"sourceSize": {"w":960,"h":540}
}
,{
	"filename": "Symbol 2 instance 10006",
	"frame": {"x":0,"y":1620,"w":960,"h":540},
	"rotated": false,
	"trimmed": false,
	"spriteSourceSize": {"x":0,"y":0,"w":960,"h":540},
	"sourceSize": {"w":960,"h":540}
}
,{
	"filename": "Symbol 2 instance 10007",
	"frame": {"x":960,"y":1620,"w":960,"h":540},
	"rotated": false,
	"trimmed": false,
	"spriteSourceSize": {"x":0,"y":0,"w":960,"h":540},
	"sourceSize": {"w":960,"h":540}
}
,{
	"filename": "Symbol 2 instance 10008",
	"frame": {"x":0,"y":2160,"w":960,"h":540},
	"rotated": false,
	"trimmed": false,
	"spriteSourceSize": {"x":0,"y":0,"w":960,"h":540},
	"sourceSize": {"w":960,"h":540}
}
,{
	"filename": "Symbol 2 instance 10009",
	"frame": {"x":960,"y":2160,"w":960,"h":540},
	"rotated": false,
	"trimmed": false,
	"spriteSourceSize": {"x":0,"y":0,"w":960,"h":540},
	"sourceSize": {"w":960,"h":540}
}],
"meta": {
	"app": "Adobe Animate",
	"version": "18.0.0.107",
	"image": "all png.png",
	"format": "RGBA8888",
	"size": {"w":1963,"h":2720},
	"scale": "1"
}
}
