﻿{"frames": [

{
	"filename": "Symbol 26 instance 10000",
	"frame": {"x":0,"y":0,"w":171,"h":101},
	"rotated": false,
	"trimmed": false,
	"spriteSourceSize": {"x":0,"y":0,"w":171,"h":101},
	"sourceSize": {"w":171,"h":101}
}
,{
	"filename": "Symbol 26 instance 10001",
	"frame": {"x":0,"y":101,"w":171,"h":101},
	"rotated": false,
	"trimmed": false,
	"spriteSourceSize": {"x":0,"y":0,"w":171,"h":101},
	"sourceSize": {"w":171,"h":101}
}
,{
	"filename": "Symbol 26 instance 10002",
	"frame": {"x":0,"y":202,"w":171,"h":101},
	"rotated": false,
	"trimmed": false,
	"spriteSourceSize": {"x":0,"y":0,"w":171,"h":101},
	"sourceSize": {"w":171,"h":101}
}
,{
	"filename": "Symbol 26 instance 10003",
	"frame": {"x":0,"y":303,"w":171,"h":101},
	"rotated": false,
	"trimmed": false,
	"spriteSourceSize": {"x":0,"y":0,"w":171,"h":101},
	"sourceSize": {"w":171,"h":101}
}],
"meta": {
	"app": "Adobe Animate",
	"version": "18.0.0.107",
	"image": "1 to 3 new new.png",
	"format": "RGBA8888",
	"size": {"w":216,"h":471},
	"scale": "1"
}
}
