﻿{"frames": [

{
	"filename": "<Group>_449 instance 10000",
	"frame": {"x":0,"y":0,"w":179,"h":222},
	"rotated": false,
	"trimmed": true,
	"spriteSourceSize": {"x":0,"y":35,"w":179,"h":257},
	"sourceSize": {"w":179,"h":257}
}
,{
	"filename": "<Group>_449 instance 10001",
	"frame": {"x":179,"y":0,"w":179,"h":222},
	"rotated": false,
	"trimmed": true,
	"spriteSourceSize": {"x":0,"y":35,"w":179,"h":257},
	"sourceSize": {"w":179,"h":257}
}
,{
	"filename": "<Group>_449 instance 10002",
	"frame": {"x":358,"y":0,"w":179,"h":222},
	"rotated": false,
	"trimmed": true,
	"spriteSourceSize": {"x":0,"y":35,"w":179,"h":257},
	"sourceSize": {"w":179,"h":257}
}
,{
	"filename": "<Group>_449 instance 10003",
	"frame": {"x":537,"y":0,"w":179,"h":222},
	"rotated": false,
	"trimmed": true,
	"spriteSourceSize": {"x":0,"y":35,"w":179,"h":257},
	"sourceSize": {"w":179,"h":257}
}
,{
	"filename": "<Group>_449 instance 10004",
	"frame": {"x":716,"y":0,"w":179,"h":222},
	"rotated": false,
	"trimmed": true,
	"spriteSourceSize": {"x":0,"y":35,"w":179,"h":257},
	"sourceSize": {"w":179,"h":257}
}
,{
	"filename": "<Group>_449 instance 10005",
	"frame": {"x":895,"y":0,"w":179,"h":222},
	"rotated": false,
	"trimmed": true,
	"spriteSourceSize": {"x":0,"y":35,"w":179,"h":257},
	"sourceSize": {"w":179,"h":257}
}
,{
	"filename": "<Group>_449 instance 10006",
	"frame": {"x":1074,"y":0,"w":179,"h":222},
	"rotated": false,
	"trimmed": true,
	"spriteSourceSize": {"x":0,"y":35,"w":179,"h":257},
	"sourceSize": {"w":179,"h":257}
}
,{
	"filename": "<Group>_449 instance 10007",
	"frame": {"x":1253,"y":0,"w":179,"h":222},
	"rotated": false,
	"trimmed": true,
	"spriteSourceSize": {"x":0,"y":35,"w":179,"h":257},
	"sourceSize": {"w":179,"h":257}
}
,{
	"filename": "<Group>_449 instance 10008",
	"frame": {"x":1432,"y":0,"w":179,"h":222},
	"rotated": false,
	"trimmed": true,
	"spriteSourceSize": {"x":0,"y":35,"w":179,"h":257},
	"sourceSize": {"w":179,"h":257}
}
,{
	"filename": "<Group>_449 instance 10009",
	"frame": {"x":1611,"y":0,"w":179,"h":222},
	"rotated": false,
	"trimmed": true,
	"spriteSourceSize": {"x":0,"y":35,"w":179,"h":257},
	"sourceSize": {"w":179,"h":257}
}
,{
	"filename": "<Group>_449 instance 10010",
	"frame": {"x":1790,"y":0,"w":179,"h":222},
	"rotated": false,
	"trimmed": true,
	"spriteSourceSize": {"x":0,"y":35,"w":179,"h":257},
	"sourceSize": {"w":179,"h":257}
}
,{
	"filename": "<Group>_449 instance 10011",
	"frame": {"x":0,"y":222,"w":179,"h":222},
	"rotated": false,
	"trimmed": true,
	"spriteSourceSize": {"x":0,"y":35,"w":179,"h":257},
	"sourceSize": {"w":179,"h":257}
}
,{
	"filename": "<Group>_449 instance 10012",
	"frame": {"x":179,"y":222,"w":179,"h":222},
	"rotated": false,
	"trimmed": true,
	"spriteSourceSize": {"x":0,"y":35,"w":179,"h":257},
	"sourceSize": {"w":179,"h":257}
}
,{
	"filename": "<Group>_449 instance 10013",
	"frame": {"x":358,"y":222,"w":179,"h":222},
	"rotated": false,
	"trimmed": true,
	"spriteSourceSize": {"x":0,"y":35,"w":179,"h":257},
	"sourceSize": {"w":179,"h":257}
}
,{
	"filename": "<Group>_449 instance 10014",
	"frame": {"x":537,"y":222,"w":179,"h":222},
	"rotated": false,
	"trimmed": true,
	"spriteSourceSize": {"x":0,"y":35,"w":179,"h":257},
	"sourceSize": {"w":179,"h":257}
}
,{
	"filename": "<Group>_449 instance 10015",
	"frame": {"x":716,"y":222,"w":179,"h":222},
	"rotated": false,
	"trimmed": true,
	"spriteSourceSize": {"x":0,"y":35,"w":179,"h":257},
	"sourceSize": {"w":179,"h":257}
}
,{
	"filename": "<Group>_449 instance 10016",
	"frame": {"x":895,"y":222,"w":179,"h":222},
	"rotated": false,
	"trimmed": true,
	"spriteSourceSize": {"x":0,"y":35,"w":179,"h":257},
	"sourceSize": {"w":179,"h":257}
}
,{
	"filename": "<Group>_449 instance 10017",
	"frame": {"x":1074,"y":222,"w":179,"h":222},
	"rotated": false,
	"trimmed": true,
	"spriteSourceSize": {"x":0,"y":35,"w":179,"h":257},
	"sourceSize": {"w":179,"h":257}
}
,{
	"filename": "<Group>_449 instance 10018",
	"frame": {"x":1253,"y":222,"w":179,"h":222},
	"rotated": false,
	"trimmed": true,
	"spriteSourceSize": {"x":0,"y":35,"w":179,"h":257},
	"sourceSize": {"w":179,"h":257}
}
,{
	"filename": "<Group>_449 instance 10019",
	"frame": {"x":1432,"y":222,"w":179,"h":222},
	"rotated": false,
	"trimmed": true,
	"spriteSourceSize": {"x":0,"y":35,"w":179,"h":257},
	"sourceSize": {"w":179,"h":257}
}
,{
	"filename": "<Group>_449 instance 10020",
	"frame": {"x":1611,"y":222,"w":179,"h":222},
	"rotated": false,
	"trimmed": true,
	"spriteSourceSize": {"x":0,"y":35,"w":179,"h":257},
	"sourceSize": {"w":179,"h":257}
}
,{
	"filename": "<Group>_449 instance 10021",
	"frame": {"x":1790,"y":222,"w":179,"h":222},
	"rotated": false,
	"trimmed": true,
	"spriteSourceSize": {"x":0,"y":35,"w":179,"h":257},
	"sourceSize": {"w":179,"h":257}
}
,{
	"filename": "<Group>_449 instance 10022",
	"frame": {"x":0,"y":444,"w":179,"h":222},
	"rotated": false,
	"trimmed": true,
	"spriteSourceSize": {"x":0,"y":35,"w":179,"h":257},
	"sourceSize": {"w":179,"h":257}
}
,{
	"filename": "<Group>_449 instance 10023",
	"frame": {"x":179,"y":444,"w":179,"h":222},
	"rotated": false,
	"trimmed": true,
	"spriteSourceSize": {"x":0,"y":35,"w":179,"h":257},
	"sourceSize": {"w":179,"h":257}
}
,{
	"filename": "<Group>_449 instance 10024",
	"frame": {"x":358,"y":444,"w":179,"h":222},
	"rotated": false,
	"trimmed": true,
	"spriteSourceSize": {"x":0,"y":35,"w":179,"h":257},
	"sourceSize": {"w":179,"h":257}
}
,{
	"filename": "<Group>_449 instance 10025",
	"frame": {"x":537,"y":444,"w":179,"h":222},
	"rotated": false,
	"trimmed": true,
	"spriteSourceSize": {"x":0,"y":35,"w":179,"h":257},
	"sourceSize": {"w":179,"h":257}
}
,{
	"filename": "<Group>_449 instance 10026",
	"frame": {"x":716,"y":444,"w":179,"h":222},
	"rotated": false,
	"trimmed": true,
	"spriteSourceSize": {"x":0,"y":35,"w":179,"h":257},
	"sourceSize": {"w":179,"h":257}
}
,{
	"filename": "<Group>_449 instance 10027",
	"frame": {"x":895,"y":444,"w":179,"h":222},
	"rotated": false,
	"trimmed": true,
	"spriteSourceSize": {"x":0,"y":35,"w":179,"h":257},
	"sourceSize": {"w":179,"h":257}
}
,{
	"filename": "<Group>_449 instance 10028",
	"frame": {"x":1074,"y":444,"w":179,"h":222},
	"rotated": false,
	"trimmed": true,
	"spriteSourceSize": {"x":0,"y":35,"w":179,"h":257},
	"sourceSize": {"w":179,"h":257}
}
,{
	"filename": "<Group>_449 instance 10029",
	"frame": {"x":1253,"y":444,"w":179,"h":222},
	"rotated": false,
	"trimmed": true,
	"spriteSourceSize": {"x":0,"y":35,"w":179,"h":257},
	"sourceSize": {"w":179,"h":257}
}
,{
	"filename": "<Group>_449 instance 10030",
	"frame": {"x":1432,"y":444,"w":179,"h":222},
	"rotated": false,
	"trimmed": true,
	"spriteSourceSize": {"x":0,"y":35,"w":179,"h":257},
	"sourceSize": {"w":179,"h":257}
}
,{
	"filename": "<Group>_449 instance 10031",
	"frame": {"x":1611,"y":444,"w":179,"h":222},
	"rotated": false,
	"trimmed": true,
	"spriteSourceSize": {"x":0,"y":35,"w":179,"h":257},
	"sourceSize": {"w":179,"h":257}
}
,{
	"filename": "<Group>_449 instance 10032",
	"frame": {"x":1790,"y":444,"w":179,"h":222},
	"rotated": false,
	"trimmed": true,
	"spriteSourceSize": {"x":0,"y":35,"w":179,"h":257},
	"sourceSize": {"w":179,"h":257}
}
,{
	"filename": "<Group>_449 instance 10033",
	"frame": {"x":0,"y":666,"w":179,"h":222},
	"rotated": false,
	"trimmed": true,
	"spriteSourceSize": {"x":0,"y":35,"w":179,"h":257},
	"sourceSize": {"w":179,"h":257}
}
,{
	"filename": "<Group>_449 instance 10034",
	"frame": {"x":179,"y":666,"w":179,"h":222},
	"rotated": false,
	"trimmed": true,
	"spriteSourceSize": {"x":0,"y":35,"w":179,"h":257},
	"sourceSize": {"w":179,"h":257}
}
,{
	"filename": "<Group>_449 instance 10035",
	"frame": {"x":358,"y":666,"w":179,"h":222},
	"rotated": false,
	"trimmed": true,
	"spriteSourceSize": {"x":0,"y":35,"w":179,"h":257},
	"sourceSize": {"w":179,"h":257}
}
,{
	"filename": "<Group>_449 instance 10036",
	"frame": {"x":537,"y":666,"w":179,"h":222},
	"rotated": false,
	"trimmed": true,
	"spriteSourceSize": {"x":0,"y":35,"w":179,"h":257},
	"sourceSize": {"w":179,"h":257}
}
,{
	"filename": "<Group>_449 instance 10037",
	"frame": {"x":716,"y":666,"w":179,"h":222},
	"rotated": false,
	"trimmed": true,
	"spriteSourceSize": {"x":0,"y":35,"w":179,"h":257},
	"sourceSize": {"w":179,"h":257}
}
,{
	"filename": "<Group>_449 instance 10038",
	"frame": {"x":895,"y":666,"w":179,"h":222},
	"rotated": false,
	"trimmed": true,
	"spriteSourceSize": {"x":0,"y":35,"w":179,"h":257},
	"sourceSize": {"w":179,"h":257}
}
,{
	"filename": "<Group>_449 instance 10039",
	"frame": {"x":1074,"y":666,"w":179,"h":222},
	"rotated": false,
	"trimmed": true,
	"spriteSourceSize": {"x":0,"y":35,"w":179,"h":257},
	"sourceSize": {"w":179,"h":257}
}
,{
	"filename": "<Group>_449 instance 10040",
	"frame": {"x":1253,"y":666,"w":179,"h":222},
	"rotated": false,
	"trimmed": true,
	"spriteSourceSize": {"x":0,"y":35,"w":179,"h":257},
	"sourceSize": {"w":179,"h":257}
}
,{
	"filename": "<Group>_449 instance 10041",
	"frame": {"x":1432,"y":666,"w":179,"h":222},
	"rotated": false,
	"trimmed": true,
	"spriteSourceSize": {"x":0,"y":35,"w":179,"h":257},
	"sourceSize": {"w":179,"h":257}
}
,{
	"filename": "<Group>_449 instance 10042",
	"frame": {"x":1611,"y":666,"w":179,"h":222},
	"rotated": false,
	"trimmed": true,
	"spriteSourceSize": {"x":0,"y":35,"w":179,"h":257},
	"sourceSize": {"w":179,"h":257}
}
,{
	"filename": "<Group>_449 instance 10043",
	"frame": {"x":1790,"y":666,"w":179,"h":222},
	"rotated": false,
	"trimmed": true,
	"spriteSourceSize": {"x":0,"y":35,"w":179,"h":257},
	"sourceSize": {"w":179,"h":257}
}
,{
	"filename": "<Group>_449 instance 10044",
	"frame": {"x":0,"y":888,"w":179,"h":222},
	"rotated": false,
	"trimmed": true,
	"spriteSourceSize": {"x":0,"y":35,"w":179,"h":257},
	"sourceSize": {"w":179,"h":257}
}
,{
	"filename": "<Group>_449 instance 10045",
	"frame": {"x":179,"y":888,"w":179,"h":222},
	"rotated": false,
	"trimmed": true,
	"spriteSourceSize": {"x":0,"y":35,"w":179,"h":257},
	"sourceSize": {"w":179,"h":257}
}
,{
	"filename": "<Group>_449 instance 10046",
	"frame": {"x":358,"y":888,"w":179,"h":222},
	"rotated": false,
	"trimmed": true,
	"spriteSourceSize": {"x":0,"y":35,"w":179,"h":257},
	"sourceSize": {"w":179,"h":257}
}
,{
	"filename": "<Group>_449 instance 10047",
	"frame": {"x":537,"y":888,"w":179,"h":222},
	"rotated": false,
	"trimmed": true,
	"spriteSourceSize": {"x":0,"y":35,"w":179,"h":257},
	"sourceSize": {"w":179,"h":257}
}
,{
	"filename": "<Group>_449 instance 10048",
	"frame": {"x":716,"y":888,"w":179,"h":222},
	"rotated": false,
	"trimmed": true,
	"spriteSourceSize": {"x":0,"y":35,"w":179,"h":257},
	"sourceSize": {"w":179,"h":257}
}
,{
	"filename": "<Group>_449 instance 10049",
	"frame": {"x":895,"y":888,"w":179,"h":222},
	"rotated": false,
	"trimmed": true,
	"spriteSourceSize": {"x":0,"y":35,"w":179,"h":257},
	"sourceSize": {"w":179,"h":257}
}
,{
	"filename": "<Group>_449 instance 10050",
	"frame": {"x":1074,"y":888,"w":179,"h":222},
	"rotated": false,
	"trimmed": true,
	"spriteSourceSize": {"x":0,"y":35,"w":179,"h":257},
	"sourceSize": {"w":179,"h":257}
}
,{
	"filename": "<Group>_449 instance 10051",
	"frame": {"x":1253,"y":888,"w":179,"h":222},
	"rotated": false,
	"trimmed": true,
	"spriteSourceSize": {"x":0,"y":35,"w":179,"h":257},
	"sourceSize": {"w":179,"h":257}
}
,{
	"filename": "<Group>_449 instance 10052",
	"frame": {"x":1432,"y":888,"w":179,"h":222},
	"rotated": false,
	"trimmed": true,
	"spriteSourceSize": {"x":0,"y":35,"w":179,"h":257},
	"sourceSize": {"w":179,"h":257}
}
,{
	"filename": "<Group>_449 instance 10053",
	"frame": {"x":1611,"y":888,"w":179,"h":222},
	"rotated": false,
	"trimmed": true,
	"spriteSourceSize": {"x":0,"y":35,"w":179,"h":257},
	"sourceSize": {"w":179,"h":257}
}
,{
	"filename": "<Group>_449 instance 10054",
	"frame": {"x":1790,"y":888,"w":179,"h":222},
	"rotated": false,
	"trimmed": true,
	"spriteSourceSize": {"x":0,"y":35,"w":179,"h":257},
	"sourceSize": {"w":179,"h":257}
}
,{
	"filename": "<Group>_449 instance 10055",
	"frame": {"x":0,"y":1110,"w":179,"h":222},
	"rotated": false,
	"trimmed": true,
	"spriteSourceSize": {"x":0,"y":35,"w":179,"h":257},
	"sourceSize": {"w":179,"h":257}
}
,{
	"filename": "<Group>_449 instance 10056",
	"frame": {"x":179,"y":1110,"w":179,"h":222},
	"rotated": false,
	"trimmed": true,
	"spriteSourceSize": {"x":0,"y":35,"w":179,"h":257},
	"sourceSize": {"w":179,"h":257}
}
,{
	"filename": "<Group>_449 instance 10057",
	"frame": {"x":358,"y":1110,"w":179,"h":222},
	"rotated": false,
	"trimmed": true,
	"spriteSourceSize": {"x":0,"y":35,"w":179,"h":257},
	"sourceSize": {"w":179,"h":257}
}
,{
	"filename": "<Group>_449 instance 10058",
	"frame": {"x":537,"y":1110,"w":179,"h":222},
	"rotated": false,
	"trimmed": true,
	"spriteSourceSize": {"x":0,"y":35,"w":179,"h":257},
	"sourceSize": {"w":179,"h":257}
}
,{
	"filename": "<Group>_449 instance 10059",
	"frame": {"x":716,"y":1110,"w":179,"h":222},
	"rotated": false,
	"trimmed": true,
	"spriteSourceSize": {"x":0,"y":35,"w":179,"h":257},
	"sourceSize": {"w":179,"h":257}
}
,{
	"filename": "<Group>_449 instance 10060",
	"frame": {"x":895,"y":1110,"w":179,"h":222},
	"rotated": false,
	"trimmed": true,
	"spriteSourceSize": {"x":0,"y":35,"w":179,"h":257},
	"sourceSize": {"w":179,"h":257}
}
,{
	"filename": "<Group>_449 instance 10061",
	"frame": {"x":1074,"y":1110,"w":179,"h":222},
	"rotated": false,
	"trimmed": true,
	"spriteSourceSize": {"x":0,"y":35,"w":179,"h":257},
	"sourceSize": {"w":179,"h":257}
}
,{
	"filename": "<Group>_449 instance 10062",
	"frame": {"x":1253,"y":1110,"w":179,"h":222},
	"rotated": false,
	"trimmed": true,
	"spriteSourceSize": {"x":0,"y":35,"w":179,"h":257},
	"sourceSize": {"w":179,"h":257}
}
,{
	"filename": "<Group>_449 instance 10063",
	"frame": {"x":1432,"y":1110,"w":179,"h":222},
	"rotated": false,
	"trimmed": true,
	"spriteSourceSize": {"x":0,"y":35,"w":179,"h":257},
	"sourceSize": {"w":179,"h":257}
}
,{
	"filename": "<Group>_449 instance 10064",
	"frame": {"x":1611,"y":1110,"w":179,"h":222},
	"rotated": false,
	"trimmed": true,
	"spriteSourceSize": {"x":0,"y":35,"w":179,"h":257},
	"sourceSize": {"w":179,"h":257}
}
,{
	"filename": "<Group>_449 instance 10065",
	"frame": {"x":1790,"y":1110,"w":179,"h":222},
	"rotated": false,
	"trimmed": true,
	"spriteSourceSize": {"x":0,"y":35,"w":179,"h":257},
	"sourceSize": {"w":179,"h":257}
}
,{
	"filename": "<Group>_449 instance 10066",
	"frame": {"x":0,"y":1332,"w":179,"h":222},
	"rotated": false,
	"trimmed": true,
	"spriteSourceSize": {"x":0,"y":35,"w":179,"h":257},
	"sourceSize": {"w":179,"h":257}
}
,{
	"filename": "<Group>_449 instance 10067",
	"frame": {"x":179,"y":1332,"w":179,"h":222},
	"rotated": false,
	"trimmed": true,
	"spriteSourceSize": {"x":0,"y":35,"w":179,"h":257},
	"sourceSize": {"w":179,"h":257}
}
,{
	"filename": "<Group>_449 instance 10068",
	"frame": {"x":358,"y":1332,"w":179,"h":222},
	"rotated": false,
	"trimmed": true,
	"spriteSourceSize": {"x":0,"y":35,"w":179,"h":257},
	"sourceSize": {"w":179,"h":257}
}
,{
	"filename": "<Group>_449 instance 10069",
	"frame": {"x":537,"y":1332,"w":179,"h":222},
	"rotated": false,
	"trimmed": true,
	"spriteSourceSize": {"x":0,"y":35,"w":179,"h":257},
	"sourceSize": {"w":179,"h":257}
}
,{
	"filename": "<Group>_449 instance 10070",
	"frame": {"x":716,"y":1332,"w":179,"h":222},
	"rotated": false,
	"trimmed": true,
	"spriteSourceSize": {"x":0,"y":35,"w":179,"h":257},
	"sourceSize": {"w":179,"h":257}
}
,{
	"filename": "<Group>_449 instance 10071",
	"frame": {"x":895,"y":1332,"w":179,"h":222},
	"rotated": false,
	"trimmed": true,
	"spriteSourceSize": {"x":0,"y":35,"w":179,"h":257},
	"sourceSize": {"w":179,"h":257}
}
,{
	"filename": "<Group>_449 instance 10072",
	"frame": {"x":1074,"y":1332,"w":179,"h":222},
	"rotated": false,
	"trimmed": true,
	"spriteSourceSize": {"x":0,"y":35,"w":179,"h":257},
	"sourceSize": {"w":179,"h":257}
}
,{
	"filename": "<Group>_449 instance 10073",
	"frame": {"x":1253,"y":1332,"w":179,"h":222},
	"rotated": false,
	"trimmed": true,
	"spriteSourceSize": {"x":0,"y":35,"w":179,"h":257},
	"sourceSize": {"w":179,"h":257}
}
,{
	"filename": "<Group>_449 instance 10074",
	"frame": {"x":1432,"y":1332,"w":179,"h":222},
	"rotated": false,
	"trimmed": true,
	"spriteSourceSize": {"x":0,"y":35,"w":179,"h":257},
	"sourceSize": {"w":179,"h":257}
}
,{
	"filename": "<Group>_449 instance 10075",
	"frame": {"x":1611,"y":1332,"w":179,"h":222},
	"rotated": false,
	"trimmed": true,
	"spriteSourceSize": {"x":0,"y":35,"w":179,"h":257},
	"sourceSize": {"w":179,"h":257}
}
,{
	"filename": "<Group>_449 instance 10076",
	"frame": {"x":1790,"y":1332,"w":179,"h":222},
	"rotated": false,
	"trimmed": true,
	"spriteSourceSize": {"x":0,"y":35,"w":179,"h":257},
	"sourceSize": {"w":179,"h":257}
}
,{
	"filename": "<Group>_449 instance 10077",
	"frame": {"x":0,"y":1554,"w":179,"h":222},
	"rotated": false,
	"trimmed": true,
	"spriteSourceSize": {"x":0,"y":35,"w":179,"h":257},
	"sourceSize": {"w":179,"h":257}
}
,{
	"filename": "<Group>_449 instance 10078",
	"frame": {"x":179,"y":1554,"w":179,"h":222},
	"rotated": false,
	"trimmed": true,
	"spriteSourceSize": {"x":0,"y":35,"w":179,"h":257},
	"sourceSize": {"w":179,"h":257}
}
,{
	"filename": "<Group>_449 instance 10079",
	"frame": {"x":358,"y":1554,"w":179,"h":222},
	"rotated": false,
	"trimmed": true,
	"spriteSourceSize": {"x":0,"y":35,"w":179,"h":257},
	"sourceSize": {"w":179,"h":257}
}
,{
	"filename": "<Group>_449 instance 10080",
	"frame": {"x":537,"y":1554,"w":179,"h":222},
	"rotated": false,
	"trimmed": true,
	"spriteSourceSize": {"x":0,"y":35,"w":179,"h":257},
	"sourceSize": {"w":179,"h":257}
}
,{
	"filename": "<Group>_449 instance 10081",
	"frame": {"x":716,"y":1554,"w":179,"h":222},
	"rotated": false,
	"trimmed": true,
	"spriteSourceSize": {"x":0,"y":35,"w":179,"h":257},
	"sourceSize": {"w":179,"h":257}
}
,{
	"filename": "<Group>_449 instance 10082",
	"frame": {"x":895,"y":1554,"w":179,"h":222},
	"rotated": false,
	"trimmed": true,
	"spriteSourceSize": {"x":0,"y":35,"w":179,"h":257},
	"sourceSize": {"w":179,"h":257}
}
,{
	"filename": "<Group>_449 instance 10083",
	"frame": {"x":1074,"y":1554,"w":179,"h":222},
	"rotated": false,
	"trimmed": true,
	"spriteSourceSize": {"x":0,"y":35,"w":179,"h":257},
	"sourceSize": {"w":179,"h":257}
}
,{
	"filename": "<Group>_449 instance 10084",
	"frame": {"x":1253,"y":1554,"w":179,"h":222},
	"rotated": false,
	"trimmed": true,
	"spriteSourceSize": {"x":0,"y":35,"w":179,"h":257},
	"sourceSize": {"w":179,"h":257}
}
,{
	"filename": "<Group>_449 instance 10085",
	"frame": {"x":1432,"y":1554,"w":179,"h":222},
	"rotated": false,
	"trimmed": true,
	"spriteSourceSize": {"x":0,"y":35,"w":179,"h":257},
	"sourceSize": {"w":179,"h":257}
}
,{
	"filename": "<Group>_449 instance 10086",
	"frame": {"x":1611,"y":1554,"w":179,"h":222},
	"rotated": false,
	"trimmed": true,
	"spriteSourceSize": {"x":0,"y":35,"w":179,"h":257},
	"sourceSize": {"w":179,"h":257}
}
,{
	"filename": "<Group>_449 instance 10087",
	"frame": {"x":1790,"y":1554,"w":179,"h":222},
	"rotated": false,
	"trimmed": true,
	"spriteSourceSize": {"x":0,"y":35,"w":179,"h":257},
	"sourceSize": {"w":179,"h":257}
}
,{
	"filename": "<Group>_449 instance 10088",
	"frame": {"x":0,"y":1776,"w":179,"h":222},
	"rotated": false,
	"trimmed": true,
	"spriteSourceSize": {"x":0,"y":35,"w":179,"h":257},
	"sourceSize": {"w":179,"h":257}
}
,{
	"filename": "<Group>_449 instance 10089",
	"frame": {"x":179,"y":1776,"w":179,"h":222},
	"rotated": false,
	"trimmed": true,
	"spriteSourceSize": {"x":0,"y":35,"w":179,"h":257},
	"sourceSize": {"w":179,"h":257}
}
,{
	"filename": "<Group>_449 instance 10090",
	"frame": {"x":358,"y":1776,"w":179,"h":222},
	"rotated": false,
	"trimmed": true,
	"spriteSourceSize": {"x":0,"y":35,"w":179,"h":257},
	"sourceSize": {"w":179,"h":257}
}
,{
	"filename": "<Group>_449 instance 10091",
	"frame": {"x":537,"y":1776,"w":179,"h":222},
	"rotated": false,
	"trimmed": true,
	"spriteSourceSize": {"x":0,"y":35,"w":179,"h":257},
	"sourceSize": {"w":179,"h":257}
}
,{
	"filename": "<Group>_449 instance 10092",
	"frame": {"x":716,"y":1776,"w":179,"h":222},
	"rotated": false,
	"trimmed": true,
	"spriteSourceSize": {"x":0,"y":35,"w":179,"h":257},
	"sourceSize": {"w":179,"h":257}
}
,{
	"filename": "<Group>_449 instance 10093",
	"frame": {"x":895,"y":1776,"w":179,"h":222},
	"rotated": false,
	"trimmed": true,
	"spriteSourceSize": {"x":0,"y":35,"w":179,"h":257},
	"sourceSize": {"w":179,"h":257}
}
,{
	"filename": "<Group>_449 instance 10094",
	"frame": {"x":1074,"y":1776,"w":179,"h":222},
	"rotated": false,
	"trimmed": true,
	"spriteSourceSize": {"x":0,"y":35,"w":179,"h":257},
	"sourceSize": {"w":179,"h":257}
}
,{
	"filename": "<Group>_449 instance 10095",
	"frame": {"x":1253,"y":1776,"w":179,"h":222},
	"rotated": false,
	"trimmed": true,
	"spriteSourceSize": {"x":0,"y":35,"w":179,"h":257},
	"sourceSize": {"w":179,"h":257}
}
,{
	"filename": "<Group>_449 instance 10096",
	"frame": {"x":1432,"y":1776,"w":179,"h":222},
	"rotated": false,
	"trimmed": true,
	"spriteSourceSize": {"x":0,"y":35,"w":179,"h":257},
	"sourceSize": {"w":179,"h":257}
}
,{
	"filename": "<Group>_449 instance 10097",
	"frame": {"x":1611,"y":1776,"w":179,"h":257},
	"rotated": false,
	"trimmed": true,
	"spriteSourceSize": {"x":0,"y":0,"w":179,"h":257},
	"sourceSize": {"w":179,"h":257}
}
,{
	"filename": "<Group>_449 instance 10098",
	"frame": {"x":1790,"y":1776,"w":179,"h":257},
	"rotated": false,
	"trimmed": true,
	"spriteSourceSize": {"x":0,"y":0,"w":179,"h":257},
	"sourceSize": {"w":179,"h":257}
}
,{
	"filename": "<Group>_449 instance 10099",
	"frame": {"x":0,"y":2033,"w":179,"h":257},
	"rotated": false,
	"trimmed": true,
	"spriteSourceSize": {"x":0,"y":0,"w":179,"h":257},
	"sourceSize": {"w":179,"h":257}
}],
"meta": {
	"app": "Adobe Animate",
	"version": "15.1.0.210",
	"image": "loding 2.png",
	"format": "RGB8",
	"size": {"w":2015,"h":2328},
	"scale": "1"
}
}
