﻿{"frames": [

{
	"filename": "Symbol 6 instance 10000",
	"frame": {"x":0,"y":0,"w":257,"h":153},
	"rotated": false,
	"trimmed": false,
	"spriteSourceSize": {"x":0,"y":0,"w":257,"h":153},
	"sourceSize": {"w":257,"h":153}
}
,{
	"filename": "Symbol 6 instance 10001",
	"frame": {"x":257,"y":0,"w":257,"h":153},
	"rotated": false,
	"trimmed": false,
	"spriteSourceSize": {"x":0,"y":0,"w":257,"h":153},
	"sourceSize": {"w":257,"h":153}
}
,{
	"filename": "Symbol 6 instance 10002",
	"frame": {"x":514,"y":0,"w":257,"h":153},
	"rotated": false,
	"trimmed": false,
	"spriteSourceSize": {"x":0,"y":0,"w":257,"h":153},
	"sourceSize": {"w":257,"h":153}
}
,{
	"filename": "Symbol 6 instance 10003",
	"frame": {"x":0,"y":153,"w":257,"h":153},
	"rotated": false,
	"trimmed": false,
	"spriteSourceSize": {"x":0,"y":0,"w":257,"h":153},
	"sourceSize": {"w":257,"h":153}
}
,{
	"filename": "Symbol 6 instance 10004",
	"frame": {"x":257,"y":153,"w":257,"h":153},
	"rotated": false,
	"trimmed": false,
	"spriteSourceSize": {"x":0,"y":0,"w":257,"h":153},
	"sourceSize": {"w":257,"h":153}
}
,{
	"filename": "Symbol 6 instance 10005",
	"frame": {"x":514,"y":153,"w":257,"h":153},
	"rotated": false,
	"trimmed": false,
	"spriteSourceSize": {"x":0,"y":0,"w":257,"h":153},
	"sourceSize": {"w":257,"h":153}
}
,{
	"filename": "Symbol 6 instance 10006",
	"frame": {"x":0,"y":306,"w":257,"h":153},
	"rotated": false,
	"trimmed": false,
	"spriteSourceSize": {"x":0,"y":0,"w":257,"h":153},
	"sourceSize": {"w":257,"h":153}
}
,{
	"filename": "Symbol 6 instance 10007",
	"frame": {"x":257,"y":306,"w":257,"h":153},
	"rotated": false,
	"trimmed": false,
	"spriteSourceSize": {"x":0,"y":0,"w":257,"h":153},
	"sourceSize": {"w":257,"h":153}
}
,{
	"filename": "Symbol 6 instance 10008",
	"frame": {"x":514,"y":306,"w":257,"h":153},
	"rotated": false,
	"trimmed": false,
	"spriteSourceSize": {"x":0,"y":0,"w":257,"h":153},
	"sourceSize": {"w":257,"h":153}
}
,{
	"filename": "Symbol 6 instance 10009",
	"frame": {"x":0,"y":459,"w":257,"h":153},
	"rotated": false,
	"trimmed": false,
	"spriteSourceSize": {"x":0,"y":0,"w":257,"h":153},
	"sourceSize": {"w":257,"h":153}
}
,{
	"filename": "Symbol 6 instance 10010",
	"frame": {"x":0,"y":612,"w":257,"h":153},
	"rotated": false,
	"trimmed": false,
	"spriteSourceSize": {"x":0,"y":0,"w":257,"h":153},
	"sourceSize": {"w":257,"h":153}
}
,{
	"filename": "Symbol 6 instance 10011",
	"frame": {"x":0,"y":765,"w":257,"h":153},
	"rotated": false,
	"trimmed": false,
	"spriteSourceSize": {"x":0,"y":0,"w":257,"h":153},
	"sourceSize": {"w":257,"h":153}
}
,{
	"filename": "Symbol 6 instance 10012",
	"frame": {"x":257,"y":459,"w":257,"h":153},
	"rotated": false,
	"trimmed": false,
	"spriteSourceSize": {"x":0,"y":0,"w":257,"h":153},
	"sourceSize": {"w":257,"h":153}
}
,{
	"filename": "Symbol 6 instance 10013",
	"frame": {"x":514,"y":459,"w":257,"h":153},
	"rotated": false,
	"trimmed": false,
	"spriteSourceSize": {"x":0,"y":0,"w":257,"h":153},
	"sourceSize": {"w":257,"h":153}
}
,{
	"filename": "Symbol 6 instance 10014",
	"frame": {"x":257,"y":612,"w":257,"h":153},
	"rotated": false,
	"trimmed": false,
	"spriteSourceSize": {"x":0,"y":0,"w":257,"h":153},
	"sourceSize": {"w":257,"h":153}
}
,{
	"filename": "Symbol 6 instance 10015",
	"frame": {"x":257,"y":765,"w":257,"h":153},
	"rotated": false,
	"trimmed": false,
	"spriteSourceSize": {"x":0,"y":0,"w":257,"h":153},
	"sourceSize": {"w":257,"h":153}
}
,{
	"filename": "Symbol 6 instance 10016",
	"frame": {"x":514,"y":612,"w":257,"h":153},
	"rotated": false,
	"trimmed": false,
	"spriteSourceSize": {"x":0,"y":0,"w":257,"h":153},
	"sourceSize": {"w":257,"h":153}
}],
"meta": {
	"app": "Adobe Animate",
	"version": "18.0.1.115",
	"image": "7.png",
	"format": "RGB8",
	"size": {"w":837,"h":977},
	"scale": "1"
}
}
