﻿{"frames": [

{
	"filename": "Symbol 3 instance 10000",
	"frame": {"x":0,"y":0,"w":350,"h":49},
	"rotated": false,
	"trimmed": false,
	"spriteSourceSize": {"x":0,"y":0,"w":350,"h":49},
	"sourceSize": {"w":350,"h":49}
}
,{
	"filename": "Symbol 3 instance 10001",
	"frame": {"x":0,"y":49,"w":350,"h":49},
	"rotated": false,
	"trimmed": false,
	"spriteSourceSize": {"x":0,"y":0,"w":350,"h":49},
	"sourceSize": {"w":350,"h":49}
}
,{
	"filename": "Symbol 3 instance 10002",
	"frame": {"x":0,"y":98,"w":350,"h":49},
	"rotated": false,
	"trimmed": false,
	"spriteSourceSize": {"x":0,"y":0,"w":350,"h":49},
	"sourceSize": {"w":350,"h":49}
}
,{
	"filename": "Symbol 3 instance 10003",
	"frame": {"x":0,"y":147,"w":350,"h":49},
	"rotated": false,
	"trimmed": false,
	"spriteSourceSize": {"x":0,"y":0,"w":350,"h":49},
	"sourceSize": {"w":350,"h":49}
}],
"meta": {
	"app": "Adobe Animate",
	"version": "18.0.0.107",
	"image": "we.png",
	"format": "RGBA8888",
	"size": {"w":355,"h":200},
	"scale": "1"
}
}
