﻿{"frames": [

{
	"filename": "Symbol 2 instance 10000",
	"frame": {"x":0,"y":0,"w":158,"h":281},
	"rotated": false,
	"trimmed": false,
	"spriteSourceSize": {"x":0,"y":0,"w":158,"h":281},
	"sourceSize": {"w":158,"h":281}
}
,{
	"filename": "Symbol 2 instance 10001",
	"frame": {"x":158,"y":0,"w":158,"h":281},
	"rotated": false,
	"trimmed": false,
	"spriteSourceSize": {"x":0,"y":0,"w":158,"h":281},
	"sourceSize": {"w":158,"h":281}
}
,{
	"filename": "Symbol 2 instance 10002",
	"frame": {"x":316,"y":0,"w":158,"h":281},
	"rotated": false,
	"trimmed": false,
	"spriteSourceSize": {"x":0,"y":0,"w":158,"h":281},
	"sourceSize": {"w":158,"h":281}
}
,{
	"filename": "Symbol 2 instance 10003",
	"frame": {"x":474,"y":0,"w":158,"h":281},
	"rotated": false,
	"trimmed": false,
	"spriteSourceSize": {"x":0,"y":0,"w":158,"h":281},
	"sourceSize": {"w":158,"h":281}
}
,{
	"filename": "Symbol 2 instance 10004",
	"frame": {"x":632,"y":0,"w":158,"h":281},
	"rotated": false,
	"trimmed": false,
	"spriteSourceSize": {"x":0,"y":0,"w":158,"h":281},
	"sourceSize": {"w":158,"h":281}
}
,{
	"filename": "Symbol 2 instance 10005",
	"frame": {"x":790,"y":0,"w":158,"h":281},
	"rotated": false,
	"trimmed": false,
	"spriteSourceSize": {"x":0,"y":0,"w":158,"h":281},
	"sourceSize": {"w":158,"h":281}
}
,{
	"filename": "Symbol 2 instance 10006",
	"frame": {"x":948,"y":0,"w":158,"h":281},
	"rotated": false,
	"trimmed": false,
	"spriteSourceSize": {"x":0,"y":0,"w":158,"h":281},
	"sourceSize": {"w":158,"h":281}
}
,{
	"filename": "Symbol 2 instance 10007",
	"frame": {"x":1106,"y":0,"w":158,"h":281},
	"rotated": false,
	"trimmed": false,
	"spriteSourceSize": {"x":0,"y":0,"w":158,"h":281},
	"sourceSize": {"w":158,"h":281}
}
,{
	"filename": "Symbol 2 instance 10008",
	"frame": {"x":1264,"y":0,"w":158,"h":281},
	"rotated": false,
	"trimmed": false,
	"spriteSourceSize": {"x":0,"y":0,"w":158,"h":281},
	"sourceSize": {"w":158,"h":281}
}
,{
	"filename": "Symbol 2 instance 10009",
	"frame": {"x":1422,"y":0,"w":158,"h":281},
	"rotated": false,
	"trimmed": false,
	"spriteSourceSize": {"x":0,"y":0,"w":158,"h":281},
	"sourceSize": {"w":158,"h":281}
}
,{
	"filename": "Symbol 2 instance 10010",
	"frame": {"x":1580,"y":0,"w":158,"h":281},
	"rotated": false,
	"trimmed": false,
	"spriteSourceSize": {"x":0,"y":0,"w":158,"h":281},
	"sourceSize": {"w":158,"h":281}
}
,{
	"filename": "Symbol 2 instance 10011",
	"frame": {"x":1738,"y":0,"w":158,"h":281},
	"rotated": false,
	"trimmed": false,
	"spriteSourceSize": {"x":0,"y":0,"w":158,"h":281},
	"sourceSize": {"w":158,"h":281}
}
,{
	"filename": "Symbol 2 instance 10012",
	"frame": {"x":1896,"y":0,"w":158,"h":281},
	"rotated": false,
	"trimmed": false,
	"spriteSourceSize": {"x":0,"y":0,"w":158,"h":281},
	"sourceSize": {"w":158,"h":281}
}
,{
	"filename": "Symbol 2 instance 10013",
	"frame": {"x":2054,"y":0,"w":158,"h":281},
	"rotated": false,
	"trimmed": false,
	"spriteSourceSize": {"x":0,"y":0,"w":158,"h":281},
	"sourceSize": {"w":158,"h":281}
}
,{
	"filename": "Symbol 2 instance 10014",
	"frame": {"x":2212,"y":0,"w":158,"h":281},
	"rotated": false,
	"trimmed": false,
	"spriteSourceSize": {"x":0,"y":0,"w":158,"h":281},
	"sourceSize": {"w":158,"h":281}
}],
"meta": {
	"app": "Adobe Animate",
	"version": "18.0.0.107",
	"image": "Rabbit anim.png",
	"format": "RGB8",
	"size": {"w":2370,"h":283},
	"scale": "1"
}
}
