﻿{"frames": [

{
	"filename": "Symbol 2 copy instance 10000",
	"frame": {"x":182,"y":0,"w":181,"h":334},
	"rotated": false,
	"trimmed": true,
	"spriteSourceSize": {"x":0,"y":6,"w":305,"h":340},
	"sourceSize": {"w":305,"h":340}
}
,{
	"filename": "Symbol 2 copy instance 10001",
	"frame": {"x":182,"y":0,"w":181,"h":334},
	"rotated": false,
	"trimmed": true,
	"spriteSourceSize": {"x":13,"y":6,"w":305,"h":340},
	"sourceSize": {"w":305,"h":340}
}
,{
	"filename": "Symbol 2 copy instance 10002",
	"frame": {"x":362,"y":334,"w":181,"h":306},
	"rotated": false,
	"trimmed": true,
	"spriteSourceSize": {"x":29,"y":0,"w":305,"h":340},
	"sourceSize": {"w":305,"h":340}
}
,{
	"filename": "Symbol 2 copy instance 10003",
	"frame": {"x":362,"y":334,"w":181,"h":306},
	"rotated": false,
	"trimmed": true,
	"spriteSourceSize": {"x":41,"y":0,"w":305,"h":340},
	"sourceSize": {"w":305,"h":340}
}
,{
	"filename": "Symbol 2 copy instance 10004",
	"frame": {"x":363,"y":0,"w":181,"h":334},
	"rotated": false,
	"trimmed": true,
	"spriteSourceSize": {"x":50,"y":6,"w":305,"h":340},
	"sourceSize": {"w":305,"h":340}
}
,{
	"filename": "Symbol 2 copy instance 10005",
	"frame": {"x":544,"y":0,"w":181,"h":334},
	"rotated": false,
	"trimmed": true,
	"spriteSourceSize": {"x":62,"y":6,"w":305,"h":340},
	"sourceSize": {"w":305,"h":340}
}
,{
	"filename": "Symbol 2 copy instance 10006",
	"frame": {"x":0,"y":0,"w":182,"h":334},
	"rotated": false,
	"trimmed": true,
	"spriteSourceSize": {"x":74,"y":6,"w":305,"h":340},
	"sourceSize": {"w":305,"h":340}
}
,{
	"filename": "Symbol 2 copy instance 10007",
	"frame": {"x":0,"y":0,"w":182,"h":334},
	"rotated": false,
	"trimmed": true,
	"spriteSourceSize": {"x":87,"y":6,"w":305,"h":340},
	"sourceSize": {"w":305,"h":340}
}
,{
	"filename": "Symbol 2 copy instance 10008",
	"frame": {"x":0,"y":334,"w":181,"h":327},
	"rotated": false,
	"trimmed": true,
	"spriteSourceSize": {"x":99,"y":6,"w":305,"h":340},
	"sourceSize": {"w":305,"h":340}
}
,{
	"filename": "Symbol 2 copy instance 10009",
	"frame": {"x":0,"y":334,"w":181,"h":327},
	"rotated": false,
	"trimmed": true,
	"spriteSourceSize": {"x":112,"y":6,"w":305,"h":340},
	"sourceSize": {"w":305,"h":340}
}
,{
	"filename": "Symbol 2 copy instance 10010",
	"frame": {"x":181,"y":334,"w":181,"h":327},
	"rotated": false,
	"trimmed": true,
	"spriteSourceSize": {"x":124,"y":6,"w":305,"h":340},
	"sourceSize": {"w":305,"h":340}
}],
"meta": {
	"app": "Adobe Animate",
	"version": "18.0.1.115",
	"image": "Rabbit_Idle2.png",
	"format": "RGB8",
	"size": {"w":727,"h":674},
	"scale": "1"
}
}
