﻿{"frames": [

{
	"filename": "Symbol 4 instance 10000",
	"frame": {"x":0,"y":0,"w":66,"h":51},
	"rotated": false,
	"trimmed": false,
	"spriteSourceSize": {"x":0,"y":0,"w":66,"h":51},
	"sourceSize": {"w":66,"h":51}
}
,{
	"filename": "Symbol 4 instance 10001",
	"frame": {"x":66,"y":0,"w":66,"h":51},
	"rotated": false,
	"trimmed": false,
	"spriteSourceSize": {"x":0,"y":0,"w":66,"h":51},
	"sourceSize": {"w":66,"h":51}
}],
"meta": {
	"app": "Adobe Animate",
	"version": "22.0.0.93",
	"image": "equal.png",
	"format": "RGBA8888",
	"size": {"w":132,"h":52},
	"scale": "1"
}
}
