﻿{"frames": [

{
	"filename": "Symbol 21 copy instance 10000",
	"frame": {"x":0,"y":0,"w":59,"h":32},
	"rotated": false,
	"trimmed": false,
	"spriteSourceSize": {"x":0,"y":0,"w":59,"h":32},
	"sourceSize": {"w":59,"h":32}
}
,{
	"filename": "Symbol 21 copy instance 10001",
	"frame": {"x":59,"y":0,"w":59,"h":32},
	"rotated": false,
	"trimmed": false,
	"spriteSourceSize": {"x":0,"y":0,"w":59,"h":32},
	"sourceSize": {"w":59,"h":32}
}
,{
	"filename": "Symbol 21 copy instance 10002",
	"frame": {"x":118,"y":0,"w":59,"h":32},
	"rotated": false,
	"trimmed": false,
	"spriteSourceSize": {"x":0,"y":0,"w":59,"h":32},
	"sourceSize": {"w":59,"h":32}
}
,{
	"filename": "Symbol 21 copy instance 10003",
	"frame": {"x":177,"y":0,"w":59,"h":32},
	"rotated": false,
	"trimmed": false,
	"spriteSourceSize": {"x":0,"y":0,"w":59,"h":32},
	"sourceSize": {"w":59,"h":32}
}
,{
	"filename": "Symbol 21 copy instance 10004",
	"frame": {"x":236,"y":0,"w":59,"h":32},
	"rotated": false,
	"trimmed": false,
	"spriteSourceSize": {"x":0,"y":0,"w":59,"h":32},
	"sourceSize": {"w":59,"h":32}
}
,{
	"filename": "Symbol 21 copy instance 10005",
	"frame": {"x":295,"y":0,"w":59,"h":32},
	"rotated": false,
	"trimmed": false,
	"spriteSourceSize": {"x":0,"y":0,"w":59,"h":32},
	"sourceSize": {"w":59,"h":32}
}
,{
	"filename": "Symbol 21 copy instance 10006",
	"frame": {"x":354,"y":0,"w":59,"h":32},
	"rotated": false,
	"trimmed": false,
	"spriteSourceSize": {"x":0,"y":0,"w":59,"h":32},
	"sourceSize": {"w":59,"h":32}
}
,{
	"filename": "Symbol 21 copy instance 10007",
	"frame": {"x":413,"y":0,"w":59,"h":32},
	"rotated": false,
	"trimmed": false,
	"spriteSourceSize": {"x":0,"y":0,"w":59,"h":32},
	"sourceSize": {"w":59,"h":32}
}
,{
	"filename": "Symbol 21 copy instance 10008",
	"frame": {"x":472,"y":0,"w":59,"h":32},
	"rotated": false,
	"trimmed": false,
	"spriteSourceSize": {"x":0,"y":0,"w":59,"h":32},
	"sourceSize": {"w":59,"h":32}
}
,{
	"filename": "Symbol 21 copy instance 10009",
	"frame": {"x":531,"y":0,"w":59,"h":32},
	"rotated": false,
	"trimmed": false,
	"spriteSourceSize": {"x":0,"y":0,"w":59,"h":32},
	"sourceSize": {"w":59,"h":32}
}
,{
	"filename": "Symbol 21 copy instance 10010",
	"frame": {"x":590,"y":0,"w":59,"h":32},
	"rotated": false,
	"trimmed": false,
	"spriteSourceSize": {"x":0,"y":0,"w":59,"h":32},
	"sourceSize": {"w":59,"h":32}
}
,{
	"filename": "Symbol 21 copy instance 10011",
	"frame": {"x":649,"y":0,"w":59,"h":32},
	"rotated": false,
	"trimmed": false,
	"spriteSourceSize": {"x":0,"y":0,"w":59,"h":32},
	"sourceSize": {"w":59,"h":32}
}
,{
	"filename": "Symbol 21 copy instance 10012",
	"frame": {"x":708,"y":0,"w":59,"h":32},
	"rotated": false,
	"trimmed": false,
	"spriteSourceSize": {"x":0,"y":0,"w":59,"h":32},
	"sourceSize": {"w":59,"h":32}
}
,{
	"filename": "Symbol 21 copy instance 10013",
	"frame": {"x":767,"y":0,"w":59,"h":32},
	"rotated": false,
	"trimmed": false,
	"spriteSourceSize": {"x":0,"y":0,"w":59,"h":32},
	"sourceSize": {"w":59,"h":32}
}
,{
	"filename": "Symbol 21 copy instance 10014",
	"frame": {"x":826,"y":0,"w":59,"h":32},
	"rotated": false,
	"trimmed": false,
	"spriteSourceSize": {"x":0,"y":0,"w":59,"h":32},
	"sourceSize": {"w":59,"h":32}
}],
"meta": {
	"app": "Adobe Animate",
	"version": "22.0.4.185",
	"image": "Orenge  fish anim.png",
	"format": "RGBA8888",
	"size": {"w":888,"h":32},
	"scale": "1"
}
}
