﻿{"frames": [

{
	"filename": "Symbol 6 instance 10000",
	"frame": {"x":0,"y":0,"w":555,"h":498},
	"rotated": false,
	"trimmed": false,
	"spriteSourceSize": {"x":0,"y":0,"w":555,"h":498},
	"sourceSize": {"w":555,"h":498}
}
,{
	"filename": "Symbol 6 instance 10001",
	"frame": {"x":555,"y":0,"w":555,"h":498},
	"rotated": false,
	"trimmed": false,
	"spriteSourceSize": {"x":0,"y":0,"w":555,"h":498},
	"sourceSize": {"w":555,"h":498}
}
,{
	"filename": "Symbol 6 instance 10002",
	"frame": {"x":1110,"y":0,"w":555,"h":498},
	"rotated": false,
	"trimmed": false,
	"spriteSourceSize": {"x":0,"y":0,"w":555,"h":498},
	"sourceSize": {"w":555,"h":498}
}
,{
	"filename": "Symbol 6 instance 10003",
	"frame": {"x":1665,"y":0,"w":555,"h":498},
	"rotated": false,
	"trimmed": false,
	"spriteSourceSize": {"x":0,"y":0,"w":555,"h":498},
	"sourceSize": {"w":555,"h":498}
}
,{
	"filename": "Symbol 6 instance 10004",
	"frame": {"x":2220,"y":0,"w":555,"h":498},
	"rotated": false,
	"trimmed": false,
	"spriteSourceSize": {"x":0,"y":0,"w":555,"h":498},
	"sourceSize": {"w":555,"h":498}
}
,{
	"filename": "Symbol 6 instance 10005",
	"frame": {"x":2775,"y":0,"w":555,"h":498},
	"rotated": false,
	"trimmed": false,
	"spriteSourceSize": {"x":0,"y":0,"w":555,"h":498},
	"sourceSize": {"w":555,"h":498}
}],
"meta": {
	"app": "Adobe Animate",
	"version": "22.0.0.93",
	"image": "Level 7.png",
	"format": "RGBA8888",
	"size": {"w":3338,"h":500},
	"scale": "1"
}
}
