﻿{"frames": [

{
	"filename": "Symbol 1 copy instance 10000",
	"frame": {"x":0,"y":0,"w":74,"h":77},
	"rotated": false,
	"trimmed": false,
	"spriteSourceSize": {"x":0,"y":0,"w":74,"h":77},
	"sourceSize": {"w":74,"h":77}
}
,{
	"filename": "Symbol 1 copy instance 10001",
	"frame": {"x":74,"y":0,"w":74,"h":77},
	"rotated": false,
	"trimmed": false,
	"spriteSourceSize": {"x":0,"y":0,"w":74,"h":77},
	"sourceSize": {"w":74,"h":77}
}],
"meta": {
	"app": "Adobe Animate",
	"version": "22.0.0.93",
	"image": "Down arrow.png",
	"format": "RGBA8888",
	"size": {"w":148,"h":77},
	"scale": "1"
}
}
