﻿{"frames": [

{
	"filename": "Symbol 11 instance 10000",
	"frame": {"x":0,"y":0,"w":49,"h":49},
	"rotated": false,
	"trimmed": false,
	"spriteSourceSize": {"x":0,"y":0,"w":49,"h":49},
	"sourceSize": {"w":49,"h":49}
}
,{
	"filename": "Symbol 11 instance 10001",
	"frame": {"x":49,"y":0,"w":49,"h":49},
	"rotated": false,
	"trimmed": false,
	"spriteSourceSize": {"x":0,"y":0,"w":49,"h":49},
	"sourceSize": {"w":49,"h":49}
}
,{
	"filename": "Symbol 11 instance 10002",
	"frame": {"x":98,"y":0,"w":49,"h":49},
	"rotated": false,
	"trimmed": false,
	"spriteSourceSize": {"x":0,"y":0,"w":49,"h":49},
	"sourceSize": {"w":49,"h":49}
}
,{
	"filename": "Symbol 11 instance 10003",
	"frame": {"x":147,"y":0,"w":49,"h":49},
	"rotated": false,
	"trimmed": false,
	"spriteSourceSize": {"x":0,"y":0,"w":49,"h":49},
	"sourceSize": {"w":49,"h":49}
}
,{
	"filename": "Symbol 11 instance 10004",
	"frame": {"x":196,"y":0,"w":49,"h":49},
	"rotated": false,
	"trimmed": false,
	"spriteSourceSize": {"x":0,"y":0,"w":49,"h":49},
	"sourceSize": {"w":49,"h":49}
}
,{
	"filename": "Symbol 11 instance 10005",
	"frame": {"x":245,"y":0,"w":49,"h":49},
	"rotated": false,
	"trimmed": false,
	"spriteSourceSize": {"x":0,"y":0,"w":49,"h":49},
	"sourceSize": {"w":49,"h":49}
}
,{
	"filename": "Symbol 11 instance 10006",
	"frame": {"x":294,"y":0,"w":49,"h":49},
	"rotated": false,
	"trimmed": false,
	"spriteSourceSize": {"x":0,"y":0,"w":49,"h":49},
	"sourceSize": {"w":49,"h":49}
}
,{
	"filename": "Symbol 11 instance 10007",
	"frame": {"x":343,"y":0,"w":49,"h":49},
	"rotated": false,
	"trimmed": false,
	"spriteSourceSize": {"x":0,"y":0,"w":49,"h":49},
	"sourceSize": {"w":49,"h":49}
}
,{
	"filename": "Symbol 11 instance 10008",
	"frame": {"x":392,"y":0,"w":49,"h":49},
	"rotated": false,
	"trimmed": false,
	"spriteSourceSize": {"x":0,"y":0,"w":49,"h":49},
	"sourceSize": {"w":49,"h":49}
}
,{
	"filename": "Symbol 11 instance 10009",
	"frame": {"x":441,"y":0,"w":49,"h":49},
	"rotated": false,
	"trimmed": false,
	"spriteSourceSize": {"x":0,"y":0,"w":49,"h":49},
	"sourceSize": {"w":49,"h":49}
}
,{
	"filename": "Symbol 11 instance 10010",
	"frame": {"x":490,"y":0,"w":49,"h":49},
	"rotated": false,
	"trimmed": false,
	"spriteSourceSize": {"x":0,"y":0,"w":49,"h":49},
	"sourceSize": {"w":49,"h":49}
}
,{
	"filename": "Symbol 11 instance 10011",
	"frame": {"x":539,"y":0,"w":49,"h":49},
	"rotated": false,
	"trimmed": false,
	"spriteSourceSize": {"x":0,"y":0,"w":49,"h":49},
	"sourceSize": {"w":49,"h":49}
}
,{
	"filename": "Symbol 11 instance 10012",
	"frame": {"x":588,"y":0,"w":49,"h":49},
	"rotated": false,
	"trimmed": false,
	"spriteSourceSize": {"x":0,"y":0,"w":49,"h":49},
	"sourceSize": {"w":49,"h":49}
}],
"meta": {
	"app": "Adobe Animate",
	"version": "22.0.4.185",
	"image": "Number pad anim.png",
	"format": "RGBA8888",
	"size": {"w":637,"h":49},
	"scale": "1"
}
}
