﻿{"frames": [

{
	"filename": "Symbol 1 copy 2 instance 10000",
	"frame": {"x":0,"y":0,"w":74,"h":76},
	"rotated": false,
	"trimmed": false,
	"spriteSourceSize": {"x":0,"y":0,"w":74,"h":76},
	"sourceSize": {"w":74,"h":76}
}
,{
	"filename": "Symbol 1 copy 2 instance 10001",
	"frame": {"x":74,"y":0,"w":74,"h":76},
	"rotated": false,
	"trimmed": false,
	"spriteSourceSize": {"x":0,"y":0,"w":74,"h":76},
	"sourceSize": {"w":74,"h":76}
}],
"meta": {
	"app": "Adobe Animate",
	"version": "22.0.0.93",
	"image": "Right arrow.png",
	"format": "RGBA8888",
	"size": {"w":148,"h":76},
	"scale": "1"
}
}
