﻿{"frames": [

{
	"filename": "Symbol 9 instance 10000",
	"frame": {"x":0,"y":0,"w":392,"h":212},
	"rotated": false,
	"trimmed": false,
	"spriteSourceSize": {"x":0,"y":0,"w":392,"h":212},
	"sourceSize": {"w":392,"h":212}
}
,{
	"filename": "Symbol 9 instance 10001",
	"frame": {"x":392,"y":0,"w":392,"h":212},
	"rotated": false,
	"trimmed": false,
	"spriteSourceSize": {"x":0,"y":0,"w":392,"h":212},
	"sourceSize": {"w":392,"h":212}
}
,{
	"filename": "Symbol 9 instance 10002",
	"frame": {"x":784,"y":0,"w":392,"h":212},
	"rotated": false,
	"trimmed": false,
	"spriteSourceSize": {"x":0,"y":0,"w":392,"h":212},
	"sourceSize": {"w":392,"h":212}
}
,{
	"filename": "Symbol 9 instance 10003",
	"frame": {"x":1176,"y":0,"w":392,"h":212},
	"rotated": false,
	"trimmed": false,
	"spriteSourceSize": {"x":0,"y":0,"w":392,"h":212},
	"sourceSize": {"w":392,"h":212}
}
,{
	"filename": "Symbol 9 instance 10004",
	"frame": {"x":1568,"y":0,"w":392,"h":212},
	"rotated": false,
	"trimmed": false,
	"spriteSourceSize": {"x":0,"y":0,"w":392,"h":212},
	"sourceSize": {"w":392,"h":212}
}
,{
	"filename": "Symbol 9 instance 10005",
	"frame": {"x":1960,"y":0,"w":392,"h":212},
	"rotated": false,
	"trimmed": false,
	"spriteSourceSize": {"x":0,"y":0,"w":392,"h":212},
	"sourceSize": {"w":392,"h":212}
}
,{
	"filename": "Symbol 9 instance 10006",
	"frame": {"x":2352,"y":0,"w":392,"h":212},
	"rotated": false,
	"trimmed": false,
	"spriteSourceSize": {"x":0,"y":0,"w":392,"h":212},
	"sourceSize": {"w":392,"h":212}
}
,{
	"filename": "Symbol 9 instance 10007",
	"frame": {"x":2744,"y":0,"w":392,"h":212},
	"rotated": false,
	"trimmed": false,
	"spriteSourceSize": {"x":0,"y":0,"w":392,"h":212},
	"sourceSize": {"w":392,"h":212}
}
,{
	"filename": "Symbol 9 instance 10008",
	"frame": {"x":3136,"y":0,"w":392,"h":212},
	"rotated": false,
	"trimmed": false,
	"spriteSourceSize": {"x":0,"y":0,"w":392,"h":212},
	"sourceSize": {"w":392,"h":212}
}
,{
	"filename": "Symbol 9 instance 10009",
	"frame": {"x":3528,"y":0,"w":392,"h":212},
	"rotated": false,
	"trimmed": false,
	"spriteSourceSize": {"x":0,"y":0,"w":392,"h":212},
	"sourceSize": {"w":392,"h":212}
}
,{
	"filename": "Symbol 9 instance 10010",
	"frame": {"x":3920,"y":0,"w":392,"h":212},
	"rotated": false,
	"trimmed": false,
	"spriteSourceSize": {"x":0,"y":0,"w":392,"h":212},
	"sourceSize": {"w":392,"h":212}
}
,{
	"filename": "Symbol 9 instance 10011",
	"frame": {"x":4312,"y":0,"w":392,"h":212},
	"rotated": false,
	"trimmed": false,
	"spriteSourceSize": {"x":0,"y":0,"w":392,"h":212},
	"sourceSize": {"w":392,"h":212}
}
,{
	"filename": "Symbol 9 instance 10012",
	"frame": {"x":4704,"y":0,"w":392,"h":212},
	"rotated": false,
	"trimmed": false,
	"spriteSourceSize": {"x":0,"y":0,"w":392,"h":212},
	"sourceSize": {"w":392,"h":212}
}
,{
	"filename": "Symbol 9 instance 10013",
	"frame": {"x":5096,"y":0,"w":392,"h":212},
	"rotated": false,
	"trimmed": false,
	"spriteSourceSize": {"x":0,"y":0,"w":392,"h":212},
	"sourceSize": {"w":392,"h":212}
}
,{
	"filename": "Symbol 9 instance 10014",
	"frame": {"x":5488,"y":0,"w":392,"h":212},
	"rotated": false,
	"trimmed": false,
	"spriteSourceSize": {"x":0,"y":0,"w":392,"h":212},
	"sourceSize": {"w":392,"h":212}
}
,{
	"filename": "Symbol 9 instance 10015",
	"frame": {"x":5880,"y":0,"w":392,"h":212},
	"rotated": false,
	"trimmed": false,
	"spriteSourceSize": {"x":0,"y":0,"w":392,"h":212},
	"sourceSize": {"w":392,"h":212}
}
,{
	"filename": "Symbol 9 instance 10016",
	"frame": {"x":6272,"y":0,"w":392,"h":212},
	"rotated": false,
	"trimmed": false,
	"spriteSourceSize": {"x":0,"y":0,"w":392,"h":212},
	"sourceSize": {"w":392,"h":212}
}],
"meta": {
	"app": "Adobe Animate",
	"version": "22.0.0.93",
	"image": "winning animation.png",
	"format": "RGBA8888",
	"size": {"w":6700,"h":225},
	"scale": "1"
}
}
