﻿{"frames": [

{
	"filename": "Symbol 18 instance 10000",
	"frame": {"x":0,"y":0,"w":57,"h":110},
	"rotated": false,
	"trimmed": false,
	"spriteSourceSize": {"x":0,"y":0,"w":57,"h":110},
	"sourceSize": {"w":57,"h":110}
}
,{
	"filename": "Symbol 18 instance 10001",
	"frame": {"x":57,"y":0,"w":57,"h":110},
	"rotated": false,
	"trimmed": false,
	"spriteSourceSize": {"x":0,"y":0,"w":57,"h":110},
	"sourceSize": {"w":57,"h":110}
}],
"meta": {
	"app": "Adobe Animate",
	"version": "18.0.0.107",
	"image": "3.png",
	"format": "RGBA8888",
	"size": {"w":128,"h":128},
	"scale": "1"
}
}
