﻿{"frames": [

{
	"filename": "Symbol 20 instance 10000",
	"frame": {"x":0,"y":0,"w":81,"h":91},
	"rotated": false,
	"trimmed": false,
	"spriteSourceSize": {"x":0,"y":0,"w":81,"h":91},
	"sourceSize": {"w":81,"h":91}
}
,{
	"filename": "Symbol 20 instance 10001",
	"frame": {"x":0,"y":91,"w":81,"h":91},
	"rotated": false,
	"trimmed": false,
	"spriteSourceSize": {"x":0,"y":0,"w":81,"h":91},
	"sourceSize": {"w":81,"h":91}
}],
"meta": {
	"app": "Adobe Animate",
	"version": "18.0.0.107",
	"image": "5.png",
	"format": "RGBA8888",
	"size": {"w":128,"h":256},
	"scale": "1"
}
}
