﻿{"frames": [

{
	"filename": "Symbol 3 instance 10000",
	"frame": {"x":0,"y":0,"w":46,"h":40},
	"rotated": false,
	"trimmed": false,
	"spriteSourceSize": {"x":0,"y":0,"w":46,"h":40},
	"sourceSize": {"w":46,"h":40}
}
,{
	"filename": "Symbol 3 instance 10001",
	"frame": {"x":46,"y":0,"w":46,"h":40},
	"rotated": false,
	"trimmed": false,
	"spriteSourceSize": {"x":0,"y":0,"w":46,"h":40},
	"sourceSize": {"w":46,"h":40}
}],
"meta": {
	"app": "Adobe Animate",
	"version": "20.0.1.19255",
	"image": "yellow&green Blocks_2.png",
	"format": "RGBA8888",
	"size": {"w":93,"h":45},
	"scale": "1"
}
}
