﻿{"frames": [

{
	"filename": "Symbol 24 instance 10000",
	"frame": {"x":0,"y":0,"w":41,"h":110},
	"rotated": false,
	"trimmed": false,
	"spriteSourceSize": {"x":0,"y":0,"w":41,"h":110},
	"sourceSize": {"w":41,"h":110}
}
,{
	"filename": "Symbol 24 instance 10001",
	"frame": {"x":41,"y":0,"w":41,"h":110},
	"rotated": false,
	"trimmed": false,
	"spriteSourceSize": {"x":0,"y":0,"w":41,"h":110},
	"sourceSize": {"w":41,"h":110}
}],
"meta": {
	"app": "Adobe Animate",
	"version": "18.0.0.107",
	"image": "9.png",
	"format": "RGBA8888",
	"size": {"w":128,"h":128},
	"scale": "1"
}
}
