﻿{"frames": [

{
	"filename": "Symbol 1 instance 10000",
	"frame": {"x":0,"y":0,"w":212,"h":71},
	"rotated": false,
	"trimmed": false,
	"spriteSourceSize": {"x":0,"y":0,"w":212,"h":71},
	"sourceSize": {"w":212,"h":71}
}
,{
	"filename": "Symbol 1 instance 10001",
	"frame": {"x":0,"y":71,"w":212,"h":71},
	"rotated": false,
	"trimmed": false,
	"spriteSourceSize": {"x":0,"y":0,"w":212,"h":71},
	"sourceSize": {"w":212,"h":71}
}],
"meta": {
	"app": "Adobe Animate",
	"version": "16.5.1.104",
	"image": "b1.png",
	"format": "RGB8",
	"size": {"w":213,"h":144},
	"scale": "1"
}
}
