﻿{"frames": [

{
	"filename": "Symbol 5 instance 10000",
	"frame": {"x":0,"y":0,"w":67,"h":52},
	"rotated": false,
	"trimmed": false,
	"spriteSourceSize": {"x":0,"y":0,"w":67,"h":52},
	"sourceSize": {"w":67,"h":52}
}
,{
	"filename": "Symbol 5 instance 10001",
	"frame": {"x":67,"y":0,"w":67,"h":52},
	"rotated": false,
	"trimmed": false,
	"spriteSourceSize": {"x":0,"y":0,"w":67,"h":52},
	"sourceSize": {"w":67,"h":52}
}],
"meta": {
	"app": "Adobe Animate",
	"version": "22.0.0.93",
	"image": "sym_1.png",
	"format": "RGBA8888",
	"size": {"w":134,"h":52},
	"scale": "1"
}
}
