﻿{"frames": [

{
	"filename": "Symbol 27 instance 10000",
	"frame": {"x":0,"y":0,"w":72,"h":94},
	"rotated": false,
	"trimmed": false,
	"spriteSourceSize": {"x":0,"y":0,"w":72,"h":94},
	"sourceSize": {"w":72,"h":94}
}
,{
	"filename": "Symbol 27 instance 10001",
	"frame": {"x":0,"y":94,"w":72,"h":94},
	"rotated": false,
	"trimmed": false,
	"spriteSourceSize": {"x":0,"y":0,"w":72,"h":94},
	"sourceSize": {"w":72,"h":94}
}],
"meta": {
	"app": "Adobe Animate",
	"version": "18.0.0.107",
	"image": "11.png",
	"format": "RGBA8888",
	"size": {"w":128,"h":256},
	"scale": "1"
}
}
