﻿{"frames": [

{
	"filename": "Symbol 28 instance 10000",
	"frame": {"x":0,"y":0,"w":80,"h":87},
	"rotated": false,
	"trimmed": false,
	"spriteSourceSize": {"x":0,"y":0,"w":80,"h":87},
	"sourceSize": {"w":80,"h":87}
}
,{
	"filename": "Symbol 28 instance 10001",
	"frame": {"x":0,"y":87,"w":80,"h":87},
	"rotated": false,
	"trimmed": false,
	"spriteSourceSize": {"x":0,"y":0,"w":80,"h":87},
	"sourceSize": {"w":80,"h":87}
}],
"meta": {
	"app": "Adobe Animate",
	"version": "18.0.0.107",
	"image": "14.png",
	"format": "RGBA8888",
	"size": {"w":128,"h":256},
	"scale": "1"
}
}
