﻿{"frames": [

{
	"filename": "<Group>_1 copy instance 10000",
	"frame": {"x":0,"y":0,"w":55,"h":54},
	"rotated": false,
	"trimmed": false,
	"spriteSourceSize": {"x":0,"y":0,"w":55,"h":54},
	"sourceSize": {"w":55,"h":54}
}
,{
	"filename": "<Group>_1 copy instance 10001",
	"frame": {"x":55,"y":0,"w":55,"h":54},
	"rotated": false,
	"trimmed": false,
	"spriteSourceSize": {"x":0,"y":0,"w":55,"h":54},
	"sourceSize": {"w":55,"h":54}
}
,{
	"filename": "<Group>_1 copy instance 10002",
	"frame": {"x":0,"y":54,"w":55,"h":54},
	"rotated": false,
	"trimmed": false,
	"spriteSourceSize": {"x":0,"y":0,"w":55,"h":54},
	"sourceSize": {"w":55,"h":54}
}],
"meta": {
	"app": "Adobe Animate",
	"version": "18.0.0.107",
	"image": "b1.png",
	"format": "RGBA8888",
	"size": {"w":128,"h":128},
	"scale": "1"
}
}
