﻿{"frames": [

{
	"filename": "Symbol 2 instance 10000",
	"frame": {"x":0,"y":0,"w":134,"h":132},
	"rotated": false,
	"trimmed": false,
	"spriteSourceSize": {"x":0,"y":0,"w":134,"h":132},
	"sourceSize": {"w":134,"h":132}
}
,{
	"filename": "Symbol 2 instance 10001",
	"frame": {"x":0,"y":132,"w":134,"h":132},
	"rotated": false,
	"trimmed": false,
	"spriteSourceSize": {"x":0,"y":0,"w":134,"h":132},
	"sourceSize": {"w":134,"h":132}
}],
"meta": {
	"app": "Adobe Animate",
	"version": "18.0.0.107",
	"image": "B2.png",
	"format": "RGBA8888",
	"size": {"w":256,"h":512},
	"scale": "1"
}
}
