﻿{"frames": [

{
	"filename": "Symbol 9 copy instance 10000",
	"frame": {"x":0,"y":0,"w":64,"h":76},
	"rotated": false,
	"trimmed": false,
	"spriteSourceSize": {"x":0,"y":0,"w":64,"h":76},
	"sourceSize": {"w":64,"h":76}
}
,{
	"filename": "Symbol 9 copy instance 10001",
	"frame": {"x":64,"y":0,"w":64,"h":76},
	"rotated": false,
	"trimmed": false,
	"spriteSourceSize": {"x":0,"y":0,"w":64,"h":76},
	"sourceSize": {"w":64,"h":76}
}],
"meta": {
	"app": "Adobe Animate",
	"version": "18.0.0.107",
	"image": "9.png",
	"format": "RGBA8888",
	"size": {"w":128,"h":128},
	"scale": "1"
}
}
