﻿{"frames": [

{
	"filename": "Symbol 6 instance 10000",
	"frame": {"x":0,"y":0,"w":46,"h":44},
	"rotated": false,
	"trimmed": false,
	"spriteSourceSize": {"x":0,"y":0,"w":46,"h":44},
	"sourceSize": {"w":46,"h":44}
}
,{
	"filename": "Symbol 6 instance 10001",
	"frame": {"x":46,"y":0,"w":46,"h":44},
	"rotated": false,
	"trimmed": false,
	"spriteSourceSize": {"x":0,"y":0,"w":46,"h":44},
	"sourceSize": {"w":46,"h":44}
}],
"meta": {
	"app": "Adobe Animate",
	"version": "20.0.1.19255",
	"image": "egg.png",
	"format": "RGBA8888",
	"size": {"w":94,"h":47},
	"scale": "1"
}
}
