﻿{"frames": [

{
	"filename": "Symbol 12 instance 10000",
	"frame": {"x":0,"y":0,"w":67,"h":63},
	"rotated": false,
	"trimmed": false,
	"spriteSourceSize": {"x":0,"y":0,"w":67,"h":63},
	"sourceSize": {"w":67,"h":63}
}
,{
	"filename": "Symbol 12 instance 10001",
	"frame": {"x":67,"y":0,"w":67,"h":63},
	"rotated": false,
	"trimmed": false,
	"spriteSourceSize": {"x":0,"y":0,"w":67,"h":63},
	"sourceSize": {"w":67,"h":63}
}],
"meta": {
	"app": "Adobe Animate",
	"version": "20.0.1.19255",
	"image": "Number Box new.png",
	"format": "RGBA8888",
	"size": {"w":138,"h":70},
	"scale": "1"
}
}
