﻿{"frames": [

{
	"filename": "Symbol 4 instance 10000",
	"frame": {"x":0,"y":0,"w":38,"h":43},
	"rotated": false,
	"trimmed": false,
	"spriteSourceSize": {"x":0,"y":0,"w":38,"h":43},
	"sourceSize": {"w":38,"h":43}
}
,{
	"filename": "Symbol 4 instance 10001",
	"frame": {"x":38,"y":0,"w":38,"h":43},
	"rotated": false,
	"trimmed": false,
	"spriteSourceSize": {"x":0,"y":0,"w":38,"h":43},
	"sourceSize": {"w":38,"h":43}
}],
"meta": {
	"app": "Adobe Animate",
	"version": "20.0.1.19255",
	"image": "apple.png",
	"format": "RGBA8888",
	"size": {"w":77,"h":43},
	"scale": "1"
}
}
