﻿{"frames": [

{
	"filename": "Symbol 7 instance 10000",
	"frame": {"x":0,"y":0,"w":108,"h":149},
	"rotated": false,
	"trimmed": false,
	"spriteSourceSize": {"x":0,"y":0,"w":108,"h":149},
	"sourceSize": {"w":108,"h":149}
}
,{
	"filename": "Symbol 7 instance 10001",
	"frame": {"x":108,"y":0,"w":108,"h":149},
	"rotated": false,
	"trimmed": false,
	"spriteSourceSize": {"x":0,"y":0,"w":108,"h":149},
	"sourceSize": {"w":108,"h":149}
}],
"meta": {
	"app": "Adobe Animate",
	"version": "18.0.0.107",
	"image": "B1.png",
	"format": "RGBA8888",
	"size": {"w":256,"h":256},
	"scale": "1"
}
}
