﻿{"frames": [

{
	"filename": "Symbol 48 instance 10000",
	"frame": {"x":0,"y":0,"w":55,"h":128},
	"rotated": false,
	"trimmed": false,
	"spriteSourceSize": {"x":0,"y":0,"w":55,"h":128},
	"sourceSize": {"w":55,"h":128}
}
,{
	"filename": "Symbol 48 instance 10001",
	"frame": {"x":55,"y":0,"w":55,"h":128},
	"rotated": false,
	"trimmed": false,
	"spriteSourceSize": {"x":0,"y":0,"w":55,"h":128},
	"sourceSize": {"w":55,"h":128}
}],
"meta": {
	"app": "Adobe Animate",
	"version": "18.0.0.107",
	"image": "17.png",
	"format": "RGBA8888",
	"size": {"w":128,"h":128},
	"scale": "1"
}
}
