﻿{"frames": [

{
	"filename": "Symbol 27 instance 10000",
	"frame": {"x":0,"y":0,"w":54,"h":130},
	"rotated": false,
	"trimmed": false,
	"spriteSourceSize": {"x":0,"y":0,"w":54,"h":130},
	"sourceSize": {"w":54,"h":130}
}
,{
	"filename": "Symbol 27 instance 10001",
	"frame": {"x":54,"y":0,"w":54,"h":130},
	"rotated": false,
	"trimmed": false,
	"spriteSourceSize": {"x":0,"y":0,"w":54,"h":130},
	"sourceSize": {"w":54,"h":130}
}],
"meta": {
	"app": "Adobe Animate",
	"version": "18.0.0.107",
	"image": "7.png",
	"format": "RGBA8888",
	"size": {"w":128,"h":256},
	"scale": "1"
}
}
