﻿{"frames": [

{
	"filename": "Symbol 36 instance 10000",
	"frame": {"x":0,"y":0,"w":55,"h":240},
	"rotated": false,
	"trimmed": false,
	"spriteSourceSize": {"x":0,"y":0,"w":55,"h":240},
	"sourceSize": {"w":55,"h":240}
}
,{
	"filename": "Symbol 36 instance 10001",
	"frame": {"x":55,"y":0,"w":55,"h":240},
	"rotated": false,
	"trimmed": false,
	"spriteSourceSize": {"x":0,"y":0,"w":55,"h":240},
	"sourceSize": {"w":55,"h":240}
}],
"meta": {
	"app": "Adobe Animate",
	"version": "18.0.0.107",
	"image": "11.png",
	"format": "RGBA8888",
	"size": {"w":128,"h":256},
	"scale": "1"
}
}
