﻿{"frames": [

{
	"filename": "Symbol 12 instance 10000",
	"frame": {"x":0,"y":0,"w":63,"h":248},
	"rotated": false,
	"trimmed": false,
	"spriteSourceSize": {"x":0,"y":0,"w":63,"h":248},
	"sourceSize": {"w":63,"h":248}
}
,{
	"filename": "Symbol 12 instance 10001",
	"frame": {"x":63,"y":0,"w":63,"h":248},
	"rotated": false,
	"trimmed": false,
	"spriteSourceSize": {"x":0,"y":0,"w":63,"h":248},
	"sourceSize": {"w":63,"h":248}
}],
"meta": {
	"app": "Adobe Animate",
	"version": "18.0.0.107",
	"image": "2.png",
	"format": "RGBA8888",
	"size": {"w":128,"h":256},
	"scale": "1"
}
}
