﻿{"frames": [

{
	"filename": "Symbol 5 copy instance 10000",
	"frame": {"x":0,"y":0,"w":63,"h":116},
	"rotated": false,
	"trimmed": false,
	"spriteSourceSize": {"x":0,"y":0,"w":63,"h":116},
	"sourceSize": {"w":63,"h":116}
}
,{
	"filename": "Symbol 5 copy instance 10001",
	"frame": {"x":63,"y":0,"w":63,"h":116},
	"rotated": false,
	"trimmed": false,
	"spriteSourceSize": {"x":0,"y":0,"w":63,"h":116},
	"sourceSize": {"w":63,"h":116}
}],
"meta": {
	"app": "Adobe Animate",
	"version": "18.0.0.107",
	"image": "5.png",
	"format": "RGBA8888",
	"size": {"w":128,"h":128},
	"scale": "1"
}
}
