﻿{"frames": [

{
	"filename": "Symbol 14 copy 4 instance 10000",
	"frame": {"x":0,"y":0,"w":45,"h":46},
	"rotated": false,
	"trimmed": true,
	"spriteSourceSize": {"x":3,"y":1,"w":60,"h":61},
	"sourceSize": {"w":60,"h":61}
}
,{
	"filename": "Symbol 14 copy 4 instance 10001",
	"frame": {"x":45,"y":0,"w":60,"h":61},
	"rotated": false,
	"trimmed": false,
	"spriteSourceSize": {"x":0,"y":0,"w":60,"h":61},
	"sourceSize": {"w":60,"h":61}
}],
"meta": {
	"app": "Adobe Animate",
	"version": "15.1.0.210",
	"image": "tik 1.png",
	"format": "RGB8",
	"size": {"w":110,"h":70},
	"scale": "1"
}
}
