﻿{"frames": [

{
	"filename": "Symbol 10 copy 2 instance 10000",
	"frame": {"x":0,"y":0,"w":32,"h":116},
	"rotated": false,
	"trimmed": false,
	"spriteSourceSize": {"x":0,"y":0,"w":32,"h":116},
	"sourceSize": {"w":32,"h":116}
}
,{
	"filename": "Symbol 10 copy 2 instance 10001",
	"frame": {"x":0,"y":116,"w":32,"h":116},
	"rotated": false,
	"trimmed": false,
	"spriteSourceSize": {"x":0,"y":0,"w":32,"h":116},
	"sourceSize": {"w":32,"h":116}
}
,{
	"filename": "Symbol 10 copy 2 instance 10002",
	"frame": {"x":0,"y":232,"w":32,"h":116},
	"rotated": false,
	"trimmed": false,
	"spriteSourceSize": {"x":0,"y":0,"w":32,"h":116},
	"sourceSize": {"w":32,"h":116}
}
,{
	"filename": "Symbol 10 copy 2 instance 10003",
	"frame": {"x":0,"y":348,"w":32,"h":116},
	"rotated": false,
	"trimmed": false,
	"spriteSourceSize": {"x":0,"y":0,"w":32,"h":116},
	"sourceSize": {"w":32,"h":116}
}
,{
	"filename": "Symbol 10 copy 2 instance 10004",
	"frame": {"x":32,"y":0,"w":32,"h":116},
	"rotated": false,
	"trimmed": false,
	"spriteSourceSize": {"x":0,"y":0,"w":32,"h":116},
	"sourceSize": {"w":32,"h":116}
}
,{
	"filename": "Symbol 10 copy 2 instance 10005",
	"frame": {"x":32,"y":116,"w":32,"h":116},
	"rotated": false,
	"trimmed": false,
	"spriteSourceSize": {"x":0,"y":0,"w":32,"h":116},
	"sourceSize": {"w":32,"h":116}
}
,{
	"filename": "Symbol 10 copy 2 instance 10006",
	"frame": {"x":32,"y":232,"w":32,"h":116},
	"rotated": false,
	"trimmed": false,
	"spriteSourceSize": {"x":0,"y":0,"w":32,"h":116},
	"sourceSize": {"w":32,"h":116}
}
,{
	"filename": "Symbol 10 copy 2 instance 10007",
	"frame": {"x":32,"y":348,"w":32,"h":116},
	"rotated": false,
	"trimmed": false,
	"spriteSourceSize": {"x":0,"y":0,"w":32,"h":116},
	"sourceSize": {"w":32,"h":116}
}
,{
	"filename": "Symbol 10 copy 2 instance 10008",
	"frame": {"x":64,"y":0,"w":32,"h":116},
	"rotated": false,
	"trimmed": false,
	"spriteSourceSize": {"x":0,"y":0,"w":32,"h":116},
	"sourceSize": {"w":32,"h":116}
}
,{
	"filename": "Symbol 10 copy 2 instance 10009",
	"frame": {"x":64,"y":116,"w":32,"h":116},
	"rotated": false,
	"trimmed": false,
	"spriteSourceSize": {"x":0,"y":0,"w":32,"h":116},
	"sourceSize": {"w":32,"h":116}
}
,{
	"filename": "Symbol 10 copy 2 instance 10010",
	"frame": {"x":64,"y":232,"w":32,"h":116},
	"rotated": false,
	"trimmed": false,
	"spriteSourceSize": {"x":0,"y":0,"w":32,"h":116},
	"sourceSize": {"w":32,"h":116}
}
,{
	"filename": "Symbol 10 copy 2 instance 10011",
	"frame": {"x":64,"y":348,"w":32,"h":116},
	"rotated": false,
	"trimmed": false,
	"spriteSourceSize": {"x":0,"y":0,"w":32,"h":116},
	"sourceSize": {"w":32,"h":116}
}
,{
	"filename": "Symbol 10 copy 2 instance 10012",
	"frame": {"x":96,"y":0,"w":32,"h":116},
	"rotated": false,
	"trimmed": false,
	"spriteSourceSize": {"x":0,"y":0,"w":32,"h":116},
	"sourceSize": {"w":32,"h":116}
}
,{
	"filename": "Symbol 10 copy 2 instance 10013",
	"frame": {"x":96,"y":116,"w":32,"h":116},
	"rotated": false,
	"trimmed": false,
	"spriteSourceSize": {"x":0,"y":0,"w":32,"h":116},
	"sourceSize": {"w":32,"h":116}
}
,{
	"filename": "Symbol 10 copy 2 instance 10014",
	"frame": {"x":96,"y":232,"w":32,"h":116},
	"rotated": false,
	"trimmed": false,
	"spriteSourceSize": {"x":0,"y":0,"w":32,"h":116},
	"sourceSize": {"w":32,"h":116}
}
,{
	"filename": "Symbol 10 copy 2 instance 10015",
	"frame": {"x":96,"y":348,"w":32,"h":116},
	"rotated": false,
	"trimmed": false,
	"spriteSourceSize": {"x":0,"y":0,"w":32,"h":116},
	"sourceSize": {"w":32,"h":116}
}
,{
	"filename": "Symbol 10 copy 2 instance 10016",
	"frame": {"x":128,"y":0,"w":32,"h":116},
	"rotated": false,
	"trimmed": false,
	"spriteSourceSize": {"x":0,"y":0,"w":32,"h":116},
	"sourceSize": {"w":32,"h":116}
}
,{
	"filename": "Symbol 10 copy 2 instance 10017",
	"frame": {"x":128,"y":116,"w":32,"h":116},
	"rotated": false,
	"trimmed": false,
	"spriteSourceSize": {"x":0,"y":0,"w":32,"h":116},
	"sourceSize": {"w":32,"h":116}
}
,{
	"filename": "Symbol 10 copy 2 instance 10018",
	"frame": {"x":128,"y":232,"w":32,"h":116},
	"rotated": false,
	"trimmed": false,
	"spriteSourceSize": {"x":0,"y":0,"w":32,"h":116},
	"sourceSize": {"w":32,"h":116}
}
,{
	"filename": "Symbol 10 copy 2 instance 10019",
	"frame": {"x":128,"y":348,"w":32,"h":116},
	"rotated": false,
	"trimmed": false,
	"spriteSourceSize": {"x":0,"y":0,"w":32,"h":116},
	"sourceSize": {"w":32,"h":116}
}
,{
	"filename": "Symbol 10 copy 2 instance 10020",
	"frame": {"x":160,"y":0,"w":32,"h":116},
	"rotated": false,
	"trimmed": false,
	"spriteSourceSize": {"x":0,"y":0,"w":32,"h":116},
	"sourceSize": {"w":32,"h":116}
}
,{
	"filename": "Symbol 10 copy 2 instance 10021",
	"frame": {"x":160,"y":116,"w":32,"h":116},
	"rotated": false,
	"trimmed": false,
	"spriteSourceSize": {"x":0,"y":0,"w":32,"h":116},
	"sourceSize": {"w":32,"h":116}
}
,{
	"filename": "Symbol 10 copy 2 instance 10022",
	"frame": {"x":160,"y":232,"w":32,"h":116},
	"rotated": false,
	"trimmed": false,
	"spriteSourceSize": {"x":0,"y":0,"w":32,"h":116},
	"sourceSize": {"w":32,"h":116}
}
,{
	"filename": "Symbol 10 copy 2 instance 10023",
	"frame": {"x":160,"y":348,"w":32,"h":116},
	"rotated": false,
	"trimmed": false,
	"spriteSourceSize": {"x":0,"y":0,"w":32,"h":116},
	"sourceSize": {"w":32,"h":116}
}
,{
	"filename": "Symbol 10 copy 2 instance 10024",
	"frame": {"x":192,"y":0,"w":32,"h":116},
	"rotated": false,
	"trimmed": false,
	"spriteSourceSize": {"x":0,"y":0,"w":32,"h":116},
	"sourceSize": {"w":32,"h":116}
}
,{
	"filename": "Symbol 10 copy 2 instance 10025",
	"frame": {"x":192,"y":116,"w":32,"h":116},
	"rotated": false,
	"trimmed": false,
	"spriteSourceSize": {"x":0,"y":0,"w":32,"h":116},
	"sourceSize": {"w":32,"h":116}
}
,{
	"filename": "Symbol 10 copy 2 instance 10026",
	"frame": {"x":192,"y":232,"w":32,"h":116},
	"rotated": false,
	"trimmed": false,
	"spriteSourceSize": {"x":0,"y":0,"w":32,"h":116},
	"sourceSize": {"w":32,"h":116}
}
,{
	"filename": "Symbol 10 copy 2 instance 10027",
	"frame": {"x":192,"y":348,"w":32,"h":116},
	"rotated": false,
	"trimmed": false,
	"spriteSourceSize": {"x":0,"y":0,"w":32,"h":116},
	"sourceSize": {"w":32,"h":116}
}
,{
	"filename": "Symbol 10 copy 2 instance 10028",
	"frame": {"x":224,"y":0,"w":32,"h":116},
	"rotated": false,
	"trimmed": false,
	"spriteSourceSize": {"x":0,"y":0,"w":32,"h":116},
	"sourceSize": {"w":32,"h":116}
}
,{
	"filename": "Symbol 10 copy 2 instance 10029",
	"frame": {"x":224,"y":116,"w":32,"h":116},
	"rotated": false,
	"trimmed": false,
	"spriteSourceSize": {"x":0,"y":0,"w":32,"h":116},
	"sourceSize": {"w":32,"h":116}
}
,{
	"filename": "Symbol 10 copy 2 instance 10030",
	"frame": {"x":224,"y":232,"w":32,"h":116},
	"rotated": false,
	"trimmed": false,
	"spriteSourceSize": {"x":0,"y":0,"w":32,"h":116},
	"sourceSize": {"w":32,"h":116}
}
,{
	"filename": "Symbol 10 copy 2 instance 10031",
	"frame": {"x":224,"y":348,"w":32,"h":116},
	"rotated": false,
	"trimmed": false,
	"spriteSourceSize": {"x":0,"y":0,"w":32,"h":116},
	"sourceSize": {"w":32,"h":116}
}
,{
	"filename": "Symbol 10 copy 2 instance 10032",
	"frame": {"x":256,"y":0,"w":32,"h":116},
	"rotated": false,
	"trimmed": false,
	"spriteSourceSize": {"x":0,"y":0,"w":32,"h":116},
	"sourceSize": {"w":32,"h":116}
}
,{
	"filename": "Symbol 10 copy 2 instance 10033",
	"frame": {"x":256,"y":116,"w":32,"h":116},
	"rotated": false,
	"trimmed": false,
	"spriteSourceSize": {"x":0,"y":0,"w":32,"h":116},
	"sourceSize": {"w":32,"h":116}
}
,{
	"filename": "Symbol 10 copy 2 instance 10034",
	"frame": {"x":256,"y":232,"w":32,"h":116},
	"rotated": false,
	"trimmed": false,
	"spriteSourceSize": {"x":0,"y":0,"w":32,"h":116},
	"sourceSize": {"w":32,"h":116}
}
,{
	"filename": "Symbol 10 copy 2 instance 10035",
	"frame": {"x":256,"y":348,"w":32,"h":116},
	"rotated": false,
	"trimmed": false,
	"spriteSourceSize": {"x":0,"y":0,"w":32,"h":116},
	"sourceSize": {"w":32,"h":116}
}],
"meta": {
	"app": "Adobe Animate",
	"version": "15.1.0.210",
	"image": "3.png",
	"format": "RGB8",
	"size": {"w":347,"h":512},
	"scale": "1"
}
}
