﻿{"frames": [

{
	"filename": "Symbol 10 instance 10000",
	"frame": {"x":0,"y":0,"w":26,"h":27},
	"rotated": false,
	"trimmed": false,
	"spriteSourceSize": {"x":0,"y":0,"w":26,"h":27},
	"sourceSize": {"w":26,"h":27}
}
,{
	"filename": "Symbol 10 instance 10001",
	"frame": {"x":26,"y":0,"w":26,"h":27},
	"rotated": false,
	"trimmed": false,
	"spriteSourceSize": {"x":0,"y":0,"w":26,"h":27},
	"sourceSize": {"w":26,"h":27}
}],
"meta": {
	"app": "Adobe Animate",
	"version": "20.0.1.19255",
	"image": "sweet.png",
	"format": "RGBA8888",
	"size": {"w":52,"h":27},
	"scale": "1"
}
}
