{"frames": [

{
	"filename": "1 instance 10000",
	"frame": {"x":0,"y":0,"w":68,"h":66},
	"rotated": false,
	"trimmed": false,
	"spriteSourceSize": {"x":0,"y":0,"w":68,"h":66},
	"sourceSize": {"w":68,"h":66}
}
,{
	"filename": "1 instance 10001",
	"frame": {"x":68,"y":0,"w":68,"h":66},
	"rotated": false,
	"trimmed": false,
	"spriteSourceSize": {"x":0,"y":0,"w":68,"h":66},
	"sourceSize": {"w":68,"h":66}
}],
"meta": {
	"app": "Adobe Animate",
	"version": "22.0.0.93",
	"image": "Untitled-3.png",
	"format": "RGBA8888",
	"size": {"w":138,"h":66},
	"scale": "1"
}
}
