﻿{"frames": [

{
	"filename": "Symbol 15 instance 10000",
	"frame": {"x":0,"y":0,"w":184,"h":150},
	"rotated": false,
	"trimmed": false,
	"spriteSourceSize": {"x":0,"y":0,"w":184,"h":150},
	"sourceSize": {"w":184,"h":150}
}
,{
	"filename": "Symbol 15 instance 10001",
	"frame": {"x":184,"y":0,"w":184,"h":150},
	"rotated": false,
	"trimmed": false,
	"spriteSourceSize": {"x":0,"y":0,"w":184,"h":150},
	"sourceSize": {"w":184,"h":150}
}],
"meta": {
	"app": "Adobe Animate",
	"version": "18.0.0.107",
	"image": "1.4.png",
	"format": "RGBA8888",
	"size": {"w":373,"h":156},
	"scale": "1"
}
}
