﻿{"frames": [

{
	"filename": "Symbol 18 instance 10000",
	"frame": {"x":0,"y":0,"w":115,"h":151},
	"rotated": false,
	"trimmed": false,
	"spriteSourceSize": {"x":0,"y":0,"w":115,"h":151},
	"sourceSize": {"w":115,"h":151}
}
,{
	"filename": "Symbol 18 instance 10001",
	"frame": {"x":115,"y":0,"w":115,"h":151},
	"rotated": false,
	"trimmed": false,
	"spriteSourceSize": {"x":0,"y":0,"w":115,"h":151},
	"sourceSize": {"w":115,"h":151}
}
,{
	"filename": "Symbol 18 instance 10002",
	"frame": {"x":230,"y":0,"w":115,"h":151},
	"rotated": false,
	"trimmed": false,
	"spriteSourceSize": {"x":0,"y":0,"w":115,"h":151},
	"sourceSize": {"w":115,"h":151}
}
,{
	"filename": "Symbol 18 instance 10003",
	"frame": {"x":345,"y":0,"w":115,"h":151},
	"rotated": false,
	"trimmed": false,
	"spriteSourceSize": {"x":0,"y":0,"w":115,"h":151},
	"sourceSize": {"w":115,"h":151}
}
,{
	"filename": "Symbol 18 instance 10004",
	"frame": {"x":460,"y":0,"w":115,"h":151},
	"rotated": false,
	"trimmed": false,
	"spriteSourceSize": {"x":0,"y":0,"w":115,"h":151},
	"sourceSize": {"w":115,"h":151}
}
,{
	"filename": "Symbol 18 instance 10005",
	"frame": {"x":575,"y":0,"w":115,"h":151},
	"rotated": false,
	"trimmed": false,
	"spriteSourceSize": {"x":0,"y":0,"w":115,"h":151},
	"sourceSize": {"w":115,"h":151}
}
,{
	"filename": "Symbol 18 instance 10006",
	"frame": {"x":690,"y":0,"w":115,"h":151},
	"rotated": false,
	"trimmed": false,
	"spriteSourceSize": {"x":0,"y":0,"w":115,"h":151},
	"sourceSize": {"w":115,"h":151}
}
,{
	"filename": "Symbol 18 instance 10007",
	"frame": {"x":805,"y":0,"w":115,"h":151},
	"rotated": false,
	"trimmed": false,
	"spriteSourceSize": {"x":0,"y":0,"w":115,"h":151},
	"sourceSize": {"w":115,"h":151}
}
,{
	"filename": "Symbol 18 instance 10008",
	"frame": {"x":920,"y":0,"w":115,"h":151},
	"rotated": false,
	"trimmed": false,
	"spriteSourceSize": {"x":0,"y":0,"w":115,"h":151},
	"sourceSize": {"w":115,"h":151}
}],
"meta": {
	"app": "Adobe Animate",
	"version": "18.0.0.107",
	"image": "1.7.png",
	"format": "RGBA8888",
	"size": {"w":1040,"h":155},
	"scale": "1"
}
}
