﻿{"frames": [

{
	"filename": "Symbol 19 instance 10000",
	"frame": {"x":0,"y":0,"w":151,"h":125},
	"rotated": false,
	"trimmed": false,
	"spriteSourceSize": {"x":0,"y":0,"w":151,"h":125},
	"sourceSize": {"w":151,"h":125}
}
,{
	"filename": "Symbol 19 instance 10001",
	"frame": {"x":151,"y":0,"w":151,"h":125},
	"rotated": false,
	"trimmed": false,
	"spriteSourceSize": {"x":0,"y":0,"w":151,"h":125},
	"sourceSize": {"w":151,"h":125}
}],
"meta": {
	"app": "Adobe Animate",
	"version": "18.0.0.107",
	"image": "1.8.png",
	"format": "RGBA8888",
	"size": {"w":317,"h":132},
	"scale": "1"
}
}
