﻿{"frames": [

{
	"filename": "Symbol 16 instance 10000",
	"frame": {"x":0,"y":0,"w":114,"h":150},
	"rotated": false,
	"trimmed": false,
	"spriteSourceSize": {"x":0,"y":0,"w":114,"h":150},
	"sourceSize": {"w":114,"h":150}
}
,{
	"filename": "Symbol 16 instance 10001",
	"frame": {"x":114,"y":0,"w":114,"h":150},
	"rotated": false,
	"trimmed": false,
	"spriteSourceSize": {"x":0,"y":0,"w":114,"h":150},
	"sourceSize": {"w":114,"h":150}
}
,{
	"filename": "Symbol 16 instance 10002",
	"frame": {"x":228,"y":0,"w":114,"h":150},
	"rotated": false,
	"trimmed": false,
	"spriteSourceSize": {"x":0,"y":0,"w":114,"h":150},
	"sourceSize": {"w":114,"h":150}
}
,{
	"filename": "Symbol 16 instance 10003",
	"frame": {"x":342,"y":0,"w":114,"h":150},
	"rotated": false,
	"trimmed": false,
	"spriteSourceSize": {"x":0,"y":0,"w":114,"h":150},
	"sourceSize": {"w":114,"h":150}
}
,{
	"filename": "Symbol 16 instance 10004",
	"frame": {"x":456,"y":0,"w":114,"h":150},
	"rotated": false,
	"trimmed": false,
	"spriteSourceSize": {"x":0,"y":0,"w":114,"h":150},
	"sourceSize": {"w":114,"h":150}
}
,{
	"filename": "Symbol 16 instance 10005",
	"frame": {"x":570,"y":0,"w":114,"h":150},
	"rotated": false,
	"trimmed": false,
	"spriteSourceSize": {"x":0,"y":0,"w":114,"h":150},
	"sourceSize": {"w":114,"h":150}
}
,{
	"filename": "Symbol 16 instance 10006",
	"frame": {"x":684,"y":0,"w":114,"h":150},
	"rotated": false,
	"trimmed": false,
	"spriteSourceSize": {"x":0,"y":0,"w":114,"h":150},
	"sourceSize": {"w":114,"h":150}
}
,{
	"filename": "Symbol 16 instance 10007",
	"frame": {"x":798,"y":0,"w":114,"h":150},
	"rotated": false,
	"trimmed": false,
	"spriteSourceSize": {"x":0,"y":0,"w":114,"h":150},
	"sourceSize": {"w":114,"h":150}
}
,{
	"filename": "Symbol 16 instance 10008",
	"frame": {"x":912,"y":0,"w":114,"h":150},
	"rotated": false,
	"trimmed": false,
	"spriteSourceSize": {"x":0,"y":0,"w":114,"h":150},
	"sourceSize": {"w":114,"h":150}
}],
"meta": {
	"app": "Adobe Animate",
	"version": "18.0.0.107",
	"image": "1.5.png",
	"format": "RGBA8888",
	"size": {"w":1026,"h":156},
	"scale": "1"
}
}
