﻿{"frames": [

{
	"filename": "Symbol 7 instance 10000",
	"frame": {"x":0,"y":0,"w":172,"h":206},
	"rotated": false,
	"trimmed": false,
	"spriteSourceSize": {"x":0,"y":0,"w":172,"h":206},
	"sourceSize": {"w":172,"h":206}
}
,{
	"filename": "Symbol 7 instance 10001",
	"frame": {"x":172,"y":0,"w":172,"h":206},
	"rotated": false,
	"trimmed": false,
	"spriteSourceSize": {"x":0,"y":0,"w":172,"h":206},
	"sourceSize": {"w":172,"h":206}
}],
"meta": {
	"app": "Adobe Animate",
	"version": "18.0.0.107",
	"image": "5.png",
	"format": "RGBA8888",
	"size": {"w":349,"h":212},
	"scale": "1"
}
}
