﻿{"frames": [

{
	"filename": "Symbol 10 instance 10000",
	"frame": {"x":0,"y":0,"w":117,"h":118},
	"rotated": false,
	"trimmed": false,
	"spriteSourceSize": {"x":0,"y":0,"w":117,"h":118},
	"sourceSize": {"w":117,"h":118}
}
,{
	"filename": "Symbol 10 instance 10001",
	"frame": {"x":117,"y":0,"w":117,"h":118},
	"rotated": false,
	"trimmed": false,
	"spriteSourceSize": {"x":0,"y":0,"w":117,"h":118},
	"sourceSize": {"w":117,"h":118}
}
,{
	"filename": "Symbol 10 instance 10002",
	"frame": {"x":234,"y":0,"w":117,"h":118},
	"rotated": false,
	"trimmed": false,
	"spriteSourceSize": {"x":0,"y":0,"w":117,"h":118},
	"sourceSize": {"w":117,"h":118}
}
,{
	"filename": "Symbol 10 instance 10003",
	"frame": {"x":351,"y":0,"w":117,"h":118},
	"rotated": false,
	"trimmed": false,
	"spriteSourceSize": {"x":0,"y":0,"w":117,"h":118},
	"sourceSize": {"w":117,"h":118}
}],
"meta": {
	"app": "Adobe Animate",
	"version": "18.0.0.107",
	"image": "ink10.png",
	"format": "RGBA8888",
	"size": {"w":479,"h":121},
	"scale": "1"
}
}
