﻿{"frames": [

{
	"filename": "Symbol 9 instance 10000",
	"frame": {"x":0,"y":0,"w":164,"h":146},
	"rotated": false,
	"trimmed": false,
	"spriteSourceSize": {"x":0,"y":0,"w":164,"h":146},
	"sourceSize": {"w":164,"h":146}
}
,{
	"filename": "Symbol 9 instance 10001",
	"frame": {"x":164,"y":0,"w":164,"h":146},
	"rotated": false,
	"trimmed": false,
	"spriteSourceSize": {"x":0,"y":0,"w":164,"h":146},
	"sourceSize": {"w":164,"h":146}
}
,{
	"filename": "Symbol 9 instance 10002",
	"frame": {"x":328,"y":0,"w":164,"h":146},
	"rotated": false,
	"trimmed": false,
	"spriteSourceSize": {"x":0,"y":0,"w":164,"h":146},
	"sourceSize": {"w":164,"h":146}
}
,{
	"filename": "Symbol 9 instance 10003",
	"frame": {"x":492,"y":0,"w":164,"h":146},
	"rotated": false,
	"trimmed": false,
	"spriteSourceSize": {"x":0,"y":0,"w":164,"h":146},
	"sourceSize": {"w":164,"h":146}
}],
"meta": {
	"app": "Adobe Animate",
	"version": "18.0.0.107",
	"image": "ink9.png",
	"format": "RGBA8888",
	"size": {"w":657,"h":156},
	"scale": "1"
}
}
