﻿{"frames": [

{
	"filename": "Symbol 4 instance 10000",
	"frame": {"x":0,"y":0,"w":206,"h":172},
	"rotated": false,
	"trimmed": false,
	"spriteSourceSize": {"x":0,"y":0,"w":206,"h":172},
	"sourceSize": {"w":206,"h":172}
}
,{
	"filename": "Symbol 4 instance 10001",
	"frame": {"x":206,"y":0,"w":206,"h":172},
	"rotated": false,
	"trimmed": false,
	"spriteSourceSize": {"x":0,"y":0,"w":206,"h":172},
	"sourceSize": {"w":206,"h":172}
}
,{
	"filename": "Symbol 4 instance 10002",
	"frame": {"x":412,"y":0,"w":206,"h":172},
	"rotated": false,
	"trimmed": false,
	"spriteSourceSize": {"x":0,"y":0,"w":206,"h":172},
	"sourceSize": {"w":206,"h":172}
}
,{
	"filename": "Symbol 4 instance 10003",
	"frame": {"x":618,"y":0,"w":206,"h":172},
	"rotated": false,
	"trimmed": false,
	"spriteSourceSize": {"x":0,"y":0,"w":206,"h":172},
	"sourceSize": {"w":206,"h":172}
}
,{
	"filename": "Symbol 4 instance 10004",
	"frame": {"x":824,"y":0,"w":206,"h":172},
	"rotated": false,
	"trimmed": false,
	"spriteSourceSize": {"x":0,"y":0,"w":206,"h":172},
	"sourceSize": {"w":206,"h":172}
}
,{
	"filename": "Symbol 4 instance 10005",
	"frame": {"x":1030,"y":0,"w":206,"h":172},
	"rotated": false,
	"trimmed": false,
	"spriteSourceSize": {"x":0,"y":0,"w":206,"h":172},
	"sourceSize": {"w":206,"h":172}
}
,{
	"filename": "Symbol 4 instance 10006",
	"frame": {"x":1236,"y":0,"w":206,"h":172},
	"rotated": false,
	"trimmed": false,
	"spriteSourceSize": {"x":0,"y":0,"w":206,"h":172},
	"sourceSize": {"w":206,"h":172}
}
,{
	"filename": "Symbol 4 instance 10007",
	"frame": {"x":1442,"y":0,"w":206,"h":172},
	"rotated": false,
	"trimmed": false,
	"spriteSourceSize": {"x":0,"y":0,"w":206,"h":172},
	"sourceSize": {"w":206,"h":172}
}
,{
	"filename": "Symbol 4 instance 10008",
	"frame": {"x":1648,"y":0,"w":206,"h":172},
	"rotated": false,
	"trimmed": false,
	"spriteSourceSize": {"x":0,"y":0,"w":206,"h":172},
	"sourceSize": {"w":206,"h":172}
}
,{
	"filename": "Symbol 4 instance 10009",
	"frame": {"x":1854,"y":0,"w":206,"h":172},
	"rotated": false,
	"trimmed": false,
	"spriteSourceSize": {"x":0,"y":0,"w":206,"h":172},
	"sourceSize": {"w":206,"h":172}
}
,{
	"filename": "Symbol 4 instance 10010",
	"frame": {"x":2060,"y":0,"w":206,"h":172},
	"rotated": false,
	"trimmed": false,
	"spriteSourceSize": {"x":0,"y":0,"w":206,"h":172},
	"sourceSize": {"w":206,"h":172}
}],
"meta": {
	"app": "Adobe Animate",
	"version": "18.0.0.107",
	"image": "2.png",
	"format": "RGBA8888",
	"size": {"w":2270,"h":172},
	"scale": "1"
}
}
