﻿{"frames": [

{
	"filename": "Symbol 10 instance 10000",
	"frame": {"x":0,"y":0,"w":177,"h":205},
	"rotated": false,
	"trimmed": false,
	"spriteSourceSize": {"x":0,"y":0,"w":177,"h":205},
	"sourceSize": {"w":177,"h":205}
}
,{
	"filename": "Symbol 10 instance 10001",
	"frame": {"x":177,"y":0,"w":177,"h":205},
	"rotated": false,
	"trimmed": false,
	"spriteSourceSize": {"x":0,"y":0,"w":177,"h":205},
	"sourceSize": {"w":177,"h":205}
}
,{
	"filename": "Symbol 10 instance 10002",
	"frame": {"x":354,"y":0,"w":177,"h":205},
	"rotated": false,
	"trimmed": false,
	"spriteSourceSize": {"x":0,"y":0,"w":177,"h":205},
	"sourceSize": {"w":177,"h":205}
}
,{
	"filename": "Symbol 10 instance 10003",
	"frame": {"x":531,"y":0,"w":177,"h":205},
	"rotated": false,
	"trimmed": false,
	"spriteSourceSize": {"x":0,"y":0,"w":177,"h":205},
	"sourceSize": {"w":177,"h":205}
}
,{
	"filename": "Symbol 10 instance 10004",
	"frame": {"x":708,"y":0,"w":177,"h":205},
	"rotated": false,
	"trimmed": false,
	"spriteSourceSize": {"x":0,"y":0,"w":177,"h":205},
	"sourceSize": {"w":177,"h":205}
}
,{
	"filename": "Symbol 10 instance 10005",
	"frame": {"x":885,"y":0,"w":177,"h":205},
	"rotated": false,
	"trimmed": false,
	"spriteSourceSize": {"x":0,"y":0,"w":177,"h":205},
	"sourceSize": {"w":177,"h":205}
}
,{
	"filename": "Symbol 10 instance 10006",
	"frame": {"x":1062,"y":0,"w":177,"h":205},
	"rotated": false,
	"trimmed": false,
	"spriteSourceSize": {"x":0,"y":0,"w":177,"h":205},
	"sourceSize": {"w":177,"h":205}
}
,{
	"filename": "Symbol 10 instance 10007",
	"frame": {"x":1239,"y":0,"w":177,"h":205},
	"rotated": false,
	"trimmed": false,
	"spriteSourceSize": {"x":0,"y":0,"w":177,"h":205},
	"sourceSize": {"w":177,"h":205}
}
,{
	"filename": "Symbol 10 instance 10008",
	"frame": {"x":1416,"y":0,"w":177,"h":205},
	"rotated": false,
	"trimmed": false,
	"spriteSourceSize": {"x":0,"y":0,"w":177,"h":205},
	"sourceSize": {"w":177,"h":205}
}],
"meta": {
	"app": "Adobe Animate",
	"version": "18.0.0.107",
	"image": "8.png",
	"format": "RGBA8888",
	"size": {"w":1593,"h":208},
	"scale": "1"
}
}
