﻿{"frames": [

{
	"filename": "Symbol 11 instance 10000",
	"frame": {"x":0,"y":0,"w":210,"h":175},
	"rotated": false,
	"trimmed": false,
	"spriteSourceSize": {"x":0,"y":0,"w":210,"h":175},
	"sourceSize": {"w":210,"h":175}
}
,{
	"filename": "Symbol 11 instance 10001",
	"frame": {"x":210,"y":0,"w":210,"h":175},
	"rotated": false,
	"trimmed": false,
	"spriteSourceSize": {"x":0,"y":0,"w":210,"h":175},
	"sourceSize": {"w":210,"h":175}
}
,{
	"filename": "Symbol 11 instance 10002",
	"frame": {"x":420,"y":0,"w":210,"h":175},
	"rotated": false,
	"trimmed": false,
	"spriteSourceSize": {"x":0,"y":0,"w":210,"h":175},
	"sourceSize": {"w":210,"h":175}
}
,{
	"filename": "Symbol 11 instance 10003",
	"frame": {"x":630,"y":0,"w":210,"h":175},
	"rotated": false,
	"trimmed": false,
	"spriteSourceSize": {"x":0,"y":0,"w":210,"h":175},
	"sourceSize": {"w":210,"h":175}
}
,{
	"filename": "Symbol 11 instance 10004",
	"frame": {"x":840,"y":0,"w":210,"h":175},
	"rotated": false,
	"trimmed": false,
	"spriteSourceSize": {"x":0,"y":0,"w":210,"h":175},
	"sourceSize": {"w":210,"h":175}
}
,{
	"filename": "Symbol 11 instance 10005",
	"frame": {"x":1050,"y":0,"w":210,"h":175},
	"rotated": false,
	"trimmed": false,
	"spriteSourceSize": {"x":0,"y":0,"w":210,"h":175},
	"sourceSize": {"w":210,"h":175}
}
,{
	"filename": "Symbol 11 instance 10006",
	"frame": {"x":1260,"y":0,"w":210,"h":175},
	"rotated": false,
	"trimmed": false,
	"spriteSourceSize": {"x":0,"y":0,"w":210,"h":175},
	"sourceSize": {"w":210,"h":175}
}
,{
	"filename": "Symbol 11 instance 10007",
	"frame": {"x":1470,"y":0,"w":210,"h":175},
	"rotated": false,
	"trimmed": false,
	"spriteSourceSize": {"x":0,"y":0,"w":210,"h":175},
	"sourceSize": {"w":210,"h":175}
}
,{
	"filename": "Symbol 11 instance 10008",
	"frame": {"x":1680,"y":0,"w":210,"h":175},
	"rotated": false,
	"trimmed": false,
	"spriteSourceSize": {"x":0,"y":0,"w":210,"h":175},
	"sourceSize": {"w":210,"h":175}
}],
"meta": {
	"app": "Adobe Animate",
	"version": "18.0.0.107",
	"image": "9.png",
	"format": "RGBA8888",
	"size": {"w":1904,"h":184},
	"scale": "1"
}
}
