﻿{"frames": [

{
	"filename": "Symbol 17 instance 10000",
	"frame": {"x":0,"y":0,"w":141,"h":150},
	"rotated": false,
	"trimmed": false,
	"spriteSourceSize": {"x":0,"y":0,"w":141,"h":150},
	"sourceSize": {"w":141,"h":150}
}
,{
	"filename": "Symbol 17 instance 10001",
	"frame": {"x":141,"y":0,"w":141,"h":150},
	"rotated": false,
	"trimmed": false,
	"spriteSourceSize": {"x":0,"y":0,"w":141,"h":150},
	"sourceSize": {"w":141,"h":150}
}
,{
	"filename": "Symbol 17 instance 10002",
	"frame": {"x":282,"y":0,"w":141,"h":150},
	"rotated": false,
	"trimmed": false,
	"spriteSourceSize": {"x":0,"y":0,"w":141,"h":150},
	"sourceSize": {"w":141,"h":150}
}
,{
	"filename": "Symbol 17 instance 10003",
	"frame": {"x":423,"y":0,"w":141,"h":150},
	"rotated": false,
	"trimmed": false,
	"spriteSourceSize": {"x":0,"y":0,"w":141,"h":150},
	"sourceSize": {"w":141,"h":150}
}
,{
	"filename": "Symbol 17 instance 10004",
	"frame": {"x":564,"y":0,"w":141,"h":150},
	"rotated": false,
	"trimmed": false,
	"spriteSourceSize": {"x":0,"y":0,"w":141,"h":150},
	"sourceSize": {"w":141,"h":150}
}
,{
	"filename": "Symbol 17 instance 10005",
	"frame": {"x":705,"y":0,"w":141,"h":150},
	"rotated": false,
	"trimmed": false,
	"spriteSourceSize": {"x":0,"y":0,"w":141,"h":150},
	"sourceSize": {"w":141,"h":150}
}
,{
	"filename": "Symbol 17 instance 10006",
	"frame": {"x":846,"y":0,"w":141,"h":150},
	"rotated": false,
	"trimmed": false,
	"spriteSourceSize": {"x":0,"y":0,"w":141,"h":150},
	"sourceSize": {"w":141,"h":150}
}
,{
	"filename": "Symbol 17 instance 10007",
	"frame": {"x":987,"y":0,"w":141,"h":150},
	"rotated": false,
	"trimmed": false,
	"spriteSourceSize": {"x":0,"y":0,"w":141,"h":150},
	"sourceSize": {"w":141,"h":150}
}
,{
	"filename": "Symbol 17 instance 10008",
	"frame": {"x":1128,"y":0,"w":141,"h":150},
	"rotated": false,
	"trimmed": false,
	"spriteSourceSize": {"x":0,"y":0,"w":141,"h":150},
	"sourceSize": {"w":141,"h":150}
}],
"meta": {
	"app": "Adobe Animate",
	"version": "18.0.0.107",
	"image": "1.6.png",
	"format": "RGBA8888",
	"size": {"w":1270,"h":155},
	"scale": "1"
}
}
