﻿{"frames": [

{
	"filename": "Symbol 13 instance 10000",
	"frame": {"x":0,"y":0,"w":264,"h":328},
	"rotated": false,
	"trimmed": false,
	"spriteSourceSize": {"x":0,"y":0,"w":264,"h":328},
	"sourceSize": {"w":264,"h":328}
}
,{
	"filename": "Symbol 13 instance 10001",
	"frame": {"x":264,"y":0,"w":264,"h":328},
	"rotated": false,
	"trimmed": false,
	"spriteSourceSize": {"x":0,"y":0,"w":264,"h":328},
	"sourceSize": {"w":264,"h":328}
}
,{
	"filename": "Symbol 13 instance 10002",
	"frame": {"x":528,"y":0,"w":264,"h":328},
	"rotated": false,
	"trimmed": false,
	"spriteSourceSize": {"x":0,"y":0,"w":264,"h":328},
	"sourceSize": {"w":264,"h":328}
}
,{
	"filename": "Symbol 13 instance 10003",
	"frame": {"x":792,"y":0,"w":264,"h":328},
	"rotated": false,
	"trimmed": false,
	"spriteSourceSize": {"x":0,"y":0,"w":264,"h":328},
	"sourceSize": {"w":264,"h":328}
}],
"meta": {
	"app": "Adobe Animate",
	"version": "20.0.1.19255",
	"image": "boy and girl.png",
	"format": "RGBA8888",
	"size": {"w":1067,"h":330},
	"scale": "1"
}
}
