﻿{"frames": [

{
	"filename": "Symbol 4 instance 10000",
	"frame": {"x":0,"y":0,"w":185,"h":172},
	"rotated": false,
	"trimmed": false,
	"spriteSourceSize": {"x":0,"y":0,"w":185,"h":172},
	"sourceSize": {"w":185,"h":172}
}
,{
	"filename": "Symbol 4 instance 10001",
	"frame": {"x":185,"y":0,"w":185,"h":172},
	"rotated": false,
	"trimmed": false,
	"spriteSourceSize": {"x":0,"y":0,"w":185,"h":172},
	"sourceSize": {"w":185,"h":172}
}
,{
	"filename": "Symbol 4 instance 10002",
	"frame": {"x":370,"y":0,"w":185,"h":172},
	"rotated": false,
	"trimmed": false,
	"spriteSourceSize": {"x":0,"y":0,"w":185,"h":172},
	"sourceSize": {"w":185,"h":172}
}
,{
	"filename": "Symbol 4 instance 10003",
	"frame": {"x":555,"y":0,"w":185,"h":172},
	"rotated": false,
	"trimmed": false,
	"spriteSourceSize": {"x":0,"y":0,"w":185,"h":172},
	"sourceSize": {"w":185,"h":172}
}
,{
	"filename": "Symbol 4 instance 10004",
	"frame": {"x":740,"y":0,"w":185,"h":172},
	"rotated": false,
	"trimmed": false,
	"spriteSourceSize": {"x":0,"y":0,"w":185,"h":172},
	"sourceSize": {"w":185,"h":172}
}
,{
	"filename": "Symbol 4 instance 10005",
	"frame": {"x":925,"y":0,"w":185,"h":172},
	"rotated": false,
	"trimmed": false,
	"spriteSourceSize": {"x":0,"y":0,"w":185,"h":172},
	"sourceSize": {"w":185,"h":172}
}
,{
	"filename": "Symbol 4 instance 10006",
	"frame": {"x":1110,"y":0,"w":185,"h":172},
	"rotated": false,
	"trimmed": false,
	"spriteSourceSize": {"x":0,"y":0,"w":185,"h":172},
	"sourceSize": {"w":185,"h":172}
}
,{
	"filename": "Symbol 4 instance 10007",
	"frame": {"x":1295,"y":0,"w":185,"h":172},
	"rotated": false,
	"trimmed": false,
	"spriteSourceSize": {"x":0,"y":0,"w":185,"h":172},
	"sourceSize": {"w":185,"h":172}
}
,{
	"filename": "Symbol 4 instance 10008",
	"frame": {"x":1480,"y":0,"w":185,"h":172},
	"rotated": false,
	"trimmed": false,
	"spriteSourceSize": {"x":0,"y":0,"w":185,"h":172},
	"sourceSize": {"w":185,"h":172}
}
,{
	"filename": "Symbol 4 instance 10009",
	"frame": {"x":1665,"y":0,"w":185,"h":172},
	"rotated": false,
	"trimmed": false,
	"spriteSourceSize": {"x":0,"y":0,"w":185,"h":172},
	"sourceSize": {"w":185,"h":172}
}
,{
	"filename": "Symbol 4 instance 10010",
	"frame": {"x":1850,"y":0,"w":185,"h":172},
	"rotated": false,
	"trimmed": false,
	"spriteSourceSize": {"x":0,"y":0,"w":185,"h":172},
	"sourceSize": {"w":185,"h":172}
}
,{
	"filename": "Symbol 4 instance 10011",
	"frame": {"x":2035,"y":0,"w":185,"h":172},
	"rotated": false,
	"trimmed": false,
	"spriteSourceSize": {"x":0,"y":0,"w":185,"h":172},
	"sourceSize": {"w":185,"h":172}
}
,{
	"filename": "Symbol 4 instance 10012",
	"frame": {"x":2220,"y":0,"w":185,"h":172},
	"rotated": false,
	"trimmed": false,
	"spriteSourceSize": {"x":0,"y":0,"w":185,"h":172},
	"sourceSize": {"w":185,"h":172}
}],
"meta": {
	"app": "Adobe Animate",
	"version": "20.0.1.19255",
	"image": "baby anim.png",
	"format": "RGBA8888",
	"size": {"w":2478,"h":177},
	"scale": "1"
}
}
