﻿{"frames": [

{
	"filename": "Symbol 54 instance 10000",
	"frame": {"x":0,"y":0,"w":963,"h":267},
	"rotated": false,
	"trimmed": false,
	"spriteSourceSize": {"x":0,"y":0,"w":963,"h":267},
	"sourceSize": {"w":963,"h":267}
}
,{
	"filename": "Symbol 54 instance 10001",
	"frame": {"x":963,"y":0,"w":963,"h":267},
	"rotated": false,
	"trimmed": false,
	"spriteSourceSize": {"x":0,"y":0,"w":963,"h":267},
	"sourceSize": {"w":963,"h":267}
}
,{
	"filename": "Symbol 54 instance 10002",
	"frame": {"x":1926,"y":0,"w":963,"h":267},
	"rotated": false,
	"trimmed": false,
	"spriteSourceSize": {"x":0,"y":0,"w":963,"h":267},
	"sourceSize": {"w":963,"h":267}
}
,{
	"filename": "Symbol 54 instance 10003",
	"frame": {"x":2889,"y":0,"w":963,"h":267},
	"rotated": false,
	"trimmed": false,
	"spriteSourceSize": {"x":0,"y":0,"w":963,"h":267},
	"sourceSize": {"w":963,"h":267}
}
,{
	"filename": "Symbol 54 instance 10004",
	"frame": {"x":0,"y":267,"w":963,"h":267},
	"rotated": false,
	"trimmed": false,
	"spriteSourceSize": {"x":0,"y":0,"w":963,"h":267},
	"sourceSize": {"w":963,"h":267}
}
,{
	"filename": "Symbol 54 instance 10005",
	"frame": {"x":963,"y":267,"w":963,"h":267},
	"rotated": false,
	"trimmed": false,
	"spriteSourceSize": {"x":0,"y":0,"w":963,"h":267},
	"sourceSize": {"w":963,"h":267}
}
,{
	"filename": "Symbol 54 instance 10006",
	"frame": {"x":1926,"y":267,"w":963,"h":267},
	"rotated": false,
	"trimmed": false,
	"spriteSourceSize": {"x":0,"y":0,"w":963,"h":267},
	"sourceSize": {"w":963,"h":267}
}
,{
	"filename": "Symbol 54 instance 10007",
	"frame": {"x":2889,"y":267,"w":963,"h":267},
	"rotated": false,
	"trimmed": false,
	"spriteSourceSize": {"x":0,"y":0,"w":963,"h":267},
	"sourceSize": {"w":963,"h":267}
}
,{
	"filename": "Symbol 54 instance 10008",
	"frame": {"x":0,"y":534,"w":963,"h":267},
	"rotated": false,
	"trimmed": false,
	"spriteSourceSize": {"x":0,"y":0,"w":963,"h":267},
	"sourceSize": {"w":963,"h":267}
}
,{
	"filename": "Symbol 54 instance 10009",
	"frame": {"x":963,"y":534,"w":963,"h":267},
	"rotated": false,
	"trimmed": false,
	"spriteSourceSize": {"x":0,"y":0,"w":963,"h":267},
	"sourceSize": {"w":963,"h":267}
}
,{
	"filename": "Symbol 54 instance 10010",
	"frame": {"x":1926,"y":534,"w":963,"h":267},
	"rotated": false,
	"trimmed": false,
	"spriteSourceSize": {"x":0,"y":0,"w":963,"h":267},
	"sourceSize": {"w":963,"h":267}
}
,{
	"filename": "Symbol 54 instance 10011",
	"frame": {"x":2889,"y":534,"w":963,"h":267},
	"rotated": false,
	"trimmed": false,
	"spriteSourceSize": {"x":0,"y":0,"w":963,"h":267},
	"sourceSize": {"w":963,"h":267}
}
,{
	"filename": "Symbol 54 instance 10012",
	"frame": {"x":0,"y":801,"w":963,"h":267},
	"rotated": false,
	"trimmed": false,
	"spriteSourceSize": {"x":0,"y":0,"w":963,"h":267},
	"sourceSize": {"w":963,"h":267}
}
,{
	"filename": "Symbol 54 instance 10013",
	"frame": {"x":963,"y":801,"w":963,"h":267},
	"rotated": false,
	"trimmed": false,
	"spriteSourceSize": {"x":0,"y":0,"w":963,"h":267},
	"sourceSize": {"w":963,"h":267}
}],
"meta": {
	"app": "Adobe Animate",
	"version": "20.0.1.19255",
	"image": "top floor.png",
	"format": "RGBA8888",
	"size": {"w":3878,"h":1088},
	"scale": "1"
}
}
