﻿{"frames": [

{
	"filename": "Symbol 14 instance 10000",
	"frame": {"x":0,"y":0,"w":63,"h":19},
	"rotated": false,
	"trimmed": false,
	"spriteSourceSize": {"x":0,"y":0,"w":63,"h":19},
	"sourceSize": {"w":63,"h":19}
}
,{
	"filename": "Symbol 14 instance 10001",
	"frame": {"x":63,"y":0,"w":63,"h":19},
	"rotated": false,
	"trimmed": false,
	"spriteSourceSize": {"x":0,"y":0,"w":63,"h":19},
	"sourceSize": {"w":63,"h":19}
}],
"meta": {
	"app": "Adobe Animate",
	"version": "22.0.0.93",
	"image": "green line_1.png",
	"format": "RGBA8888",
	"size": {"w":132,"h":19},
	"scale": "1"
}
}
