﻿{"frames": [

{
	"filename": "Symbol 14 instance 10000",
	"frame": {"x":0,"y":0,"w":41,"h":57},
	"rotated": false,
	"trimmed": false,
	"spriteSourceSize": {"x":0,"y":0,"w":41,"h":57},
	"sourceSize": {"w":41,"h":57}
}
,{
	"filename": "Symbol 14 instance 10001",
	"frame": {"x":41,"y":0,"w":41,"h":57},
	"rotated": false,
	"trimmed": false,
	"spriteSourceSize": {"x":0,"y":0,"w":41,"h":57},
	"sourceSize": {"w":41,"h":57}
}],
"meta": {
	"app": "Adobe Animate",
	"version": "22.0.0.93",
	"image": "green line_3.png",
	"format": "RGBA8888",
	"size": {"w":82,"h":57},
	"scale": "1"
}
}
