﻿{"frames": [

{
	"filename": "Symbol 12 instance 10000",
	"frame": {"x":0,"y":0,"w":73,"h":38},
	"rotated": false,
	"trimmed": false,
	"spriteSourceSize": {"x":0,"y":0,"w":73,"h":38},
	"sourceSize": {"w":73,"h":38}
}
,{
	"filename": "Symbol 12 instance 10001",
	"frame": {"x":73,"y":0,"w":73,"h":38},
	"rotated": false,
	"trimmed": false,
	"spriteSourceSize": {"x":0,"y":0,"w":73,"h":38},
	"sourceSize": {"w":73,"h":38}
}],
"meta": {
	"app": "Adobe Animate",
	"version": "18.0.0.107",
	"image": "line1.png",
	"format": "RGBA8888",
	"size": {"w":159,"h":40},
	"scale": "1"
}
}
