﻿{"frames": [

{
	"filename": "Symbol 12 instance 10000",
	"frame": {"x":0,"y":0,"w":247,"h":261},
	"rotated": false,
	"trimmed": false,
	"spriteSourceSize": {"x":0,"y":0,"w":247,"h":261},
	"sourceSize": {"w":247,"h":261}
}
,{
	"filename": "Symbol 12 instance 10001",
	"frame": {"x":247,"y":0,"w":247,"h":261},
	"rotated": false,
	"trimmed": false,
	"spriteSourceSize": {"x":0,"y":0,"w":247,"h":261},
	"sourceSize": {"w":247,"h":261}
}],
"meta": {
	"app": "Adobe Animate",
	"version": "22.0.0.93",
	"image": "Image_4.3.png",
	"format": "RGBA8888",
	"size": {"w":494,"h":276},
	"scale": "1"
}
}
