﻿{"frames": [

{
	"filename": "Symbol 7 instance 10000",
	"frame": {"x":0,"y":0,"w":43,"h":45},
	"rotated": false,
	"trimmed": false,
	"spriteSourceSize": {"x":0,"y":0,"w":43,"h":45},
	"sourceSize": {"w":43,"h":45}
}
,{
	"filename": "Symbol 7 instance 10001",
	"frame": {"x":43,"y":0,"w":43,"h":45},
	"rotated": false,
	"trimmed": false,
	"spriteSourceSize": {"x":0,"y":0,"w":43,"h":45},
	"sourceSize": {"w":43,"h":45}
}],
"meta": {
	"app": "Adobe Animate",
	"version": "20.0.1.19255",
	"image": "yellow&green Blocks_1.png",
	"format": "RGBA8888",
	"size": {"w":86,"h":45},
	"scale": "1"
}
}
