﻿{"frames": [

{
	"filename": "Symbol 7 copy 2 instance 10000",
	"frame": {"x":0,"y":0,"w":63,"h":61},
	"rotated": false,
	"trimmed": false,
	"spriteSourceSize": {"x":0,"y":0,"w":63,"h":61},
	"sourceSize": {"w":63,"h":61}
}
,{
	"filename": "Symbol 7 copy 2 instance 10001",
	"frame": {"x":0,"y":61,"w":63,"h":61},
	"rotated": false,
	"trimmed": false,
	"spriteSourceSize": {"x":0,"y":0,"w":63,"h":61},
	"sourceSize": {"w":63,"h":61}
}],
"meta": {
	"app": "Adobe Animate",
	"version": "18.0.0.107",
	"image": "box 1.png",
	"format": "RGBA8888",
	"size": {"w":64,"h":128},
	"scale": "1"
}
}
