﻿{"frames": [

{
	"filename": "Symbol 60 instance 10000",
	"frame": {"x":0,"y":0,"w":38,"h":49},
	"rotated": false,
	"trimmed": false,
	"spriteSourceSize": {"x":0,"y":0,"w":38,"h":49},
	"sourceSize": {"w":38,"h":49}
}
,{
	"filename": "Symbol 60 instance 10001",
	"frame": {"x":0,"y":49,"w":38,"h":49},
	"rotated": false,
	"trimmed": false,
	"spriteSourceSize": {"x":0,"y":0,"w":38,"h":49},
	"sourceSize": {"w":38,"h":49}
}],
"meta": {
	"app": "Adobe Animate",
	"version": "18.0.0.107",
	"image": "2.png",
	"format": "RGBA8888",
	"size": {"w":64,"h":128},
	"scale": "1"
}
}
