﻿{"frames": [

{
	"filename": "Symbol 1 instance 10000",
	"frame": {"x":0,"y":0,"w":793,"h":288},
	"rotated": false,
	"trimmed": false,
	"spriteSourceSize": {"x":0,"y":0,"w":793,"h":288},
	"sourceSize": {"w":793,"h":288}
}
,{
	"filename": "Symbol 1 instance 10001",
	"frame": {"x":793,"y":0,"w":793,"h":288},
	"rotated": false,
	"trimmed": false,
	"spriteSourceSize": {"x":0,"y":0,"w":793,"h":288},
	"sourceSize": {"w":793,"h":288}
}
,{
	"filename": "Symbol 1 instance 10002",
	"frame": {"x":1586,"y":0,"w":793,"h":288},
	"rotated": false,
	"trimmed": false,
	"spriteSourceSize": {"x":0,"y":0,"w":793,"h":288},
	"sourceSize": {"w":793,"h":288}
}
,{
	"filename": "Symbol 1 instance 10003",
	"frame": {"x":2379,"y":0,"w":793,"h":288},
	"rotated": false,
	"trimmed": false,
	"spriteSourceSize": {"x":0,"y":0,"w":793,"h":288},
	"sourceSize": {"w":793,"h":288}
}
,{
	"filename": "Symbol 1 instance 10004",
	"frame": {"x":3172,"y":0,"w":793,"h":288},
	"rotated": false,
	"trimmed": false,
	"spriteSourceSize": {"x":0,"y":0,"w":793,"h":288},
	"sourceSize": {"w":793,"h":288}
}
,{
	"filename": "Symbol 1 instance 10005",
	"frame": {"x":0,"y":288,"w":793,"h":288},
	"rotated": false,
	"trimmed": false,
	"spriteSourceSize": {"x":0,"y":0,"w":793,"h":288},
	"sourceSize": {"w":793,"h":288}
}
,{
	"filename": "Symbol 1 instance 10006",
	"frame": {"x":793,"y":288,"w":793,"h":288},
	"rotated": false,
	"trimmed": false,
	"spriteSourceSize": {"x":0,"y":0,"w":793,"h":288},
	"sourceSize": {"w":793,"h":288}
}
,{
	"filename": "Symbol 1 instance 10007",
	"frame": {"x":1586,"y":288,"w":793,"h":288},
	"rotated": false,
	"trimmed": false,
	"spriteSourceSize": {"x":0,"y":0,"w":793,"h":288},
	"sourceSize": {"w":793,"h":288}
}
,{
	"filename": "Symbol 1 instance 10008",
	"frame": {"x":2379,"y":288,"w":793,"h":288},
	"rotated": false,
	"trimmed": false,
	"spriteSourceSize": {"x":0,"y":0,"w":793,"h":288},
	"sourceSize": {"w":793,"h":288}
}
,{
	"filename": "Symbol 1 instance 10009",
	"frame": {"x":3172,"y":288,"w":793,"h":288},
	"rotated": false,
	"trimmed": false,
	"spriteSourceSize": {"x":0,"y":0,"w":793,"h":288},
	"sourceSize": {"w":793,"h":288}
}
,{
	"filename": "Symbol 1 instance 10010",
	"frame": {"x":0,"y":576,"w":793,"h":288},
	"rotated": false,
	"trimmed": false,
	"spriteSourceSize": {"x":0,"y":0,"w":793,"h":288},
	"sourceSize": {"w":793,"h":288}
}
,{
	"filename": "Symbol 1 instance 10011",
	"frame": {"x":793,"y":576,"w":793,"h":288},
	"rotated": false,
	"trimmed": false,
	"spriteSourceSize": {"x":0,"y":0,"w":793,"h":288},
	"sourceSize": {"w":793,"h":288}
}
,{
	"filename": "Symbol 1 instance 10012",
	"frame": {"x":1586,"y":576,"w":793,"h":288},
	"rotated": false,
	"trimmed": false,
	"spriteSourceSize": {"x":0,"y":0,"w":793,"h":288},
	"sourceSize": {"w":793,"h":288}
}
,{
	"filename": "Symbol 1 instance 10013",
	"frame": {"x":2379,"y":576,"w":793,"h":288},
	"rotated": false,
	"trimmed": false,
	"spriteSourceSize": {"x":0,"y":0,"w":793,"h":288},
	"sourceSize": {"w":793,"h":288}
}
,{
	"filename": "Symbol 1 instance 10014",
	"frame": {"x":3172,"y":576,"w":793,"h":288},
	"rotated": false,
	"trimmed": false,
	"spriteSourceSize": {"x":0,"y":0,"w":793,"h":288},
	"sourceSize": {"w":793,"h":288}
}
,{
	"filename": "Symbol 1 instance 10015",
	"frame": {"x":0,"y":864,"w":793,"h":288},
	"rotated": false,
	"trimmed": false,
	"spriteSourceSize": {"x":0,"y":0,"w":793,"h":288},
	"sourceSize": {"w":793,"h":288}
}
,{
	"filename": "Symbol 1 instance 10016",
	"frame": {"x":793,"y":864,"w":793,"h":288},
	"rotated": false,
	"trimmed": false,
	"spriteSourceSize": {"x":0,"y":0,"w":793,"h":288},
	"sourceSize": {"w":793,"h":288}
}
,{
	"filename": "Symbol 1 instance 10017",
	"frame": {"x":1586,"y":864,"w":793,"h":288},
	"rotated": false,
	"trimmed": false,
	"spriteSourceSize": {"x":0,"y":0,"w":793,"h":288},
	"sourceSize": {"w":793,"h":288}
}
,{
	"filename": "Symbol 1 instance 10018",
	"frame": {"x":2379,"y":864,"w":793,"h":288},
	"rotated": false,
	"trimmed": false,
	"spriteSourceSize": {"x":0,"y":0,"w":793,"h":288},
	"sourceSize": {"w":793,"h":288}
}
,{
	"filename": "Symbol 1 instance 10019",
	"frame": {"x":3172,"y":864,"w":793,"h":288},
	"rotated": false,
	"trimmed": false,
	"spriteSourceSize": {"x":0,"y":0,"w":793,"h":288},
	"sourceSize": {"w":793,"h":288}
}
,{
	"filename": "Symbol 1 instance 10020",
	"frame": {"x":0,"y":1152,"w":793,"h":288},
	"rotated": false,
	"trimmed": false,
	"spriteSourceSize": {"x":0,"y":0,"w":793,"h":288},
	"sourceSize": {"w":793,"h":288}
}
,{
	"filename": "Symbol 1 instance 10021",
	"frame": {"x":793,"y":1152,"w":793,"h":288},
	"rotated": false,
	"trimmed": false,
	"spriteSourceSize": {"x":0,"y":0,"w":793,"h":288},
	"sourceSize": {"w":793,"h":288}
}
,{
	"filename": "Symbol 1 instance 10022",
	"frame": {"x":1586,"y":1152,"w":793,"h":288},
	"rotated": false,
	"trimmed": false,
	"spriteSourceSize": {"x":0,"y":0,"w":793,"h":288},
	"sourceSize": {"w":793,"h":288}
}
,{
	"filename": "Symbol 1 instance 10023",
	"frame": {"x":2379,"y":1152,"w":793,"h":288},
	"rotated": false,
	"trimmed": false,
	"spriteSourceSize": {"x":0,"y":0,"w":793,"h":288},
	"sourceSize": {"w":793,"h":288}
}
,{
	"filename": "Symbol 1 instance 10024",
	"frame": {"x":3172,"y":1152,"w":793,"h":288},
	"rotated": false,
	"trimmed": false,
	"spriteSourceSize": {"x":0,"y":0,"w":793,"h":288},
	"sourceSize": {"w":793,"h":288}
}
,{
	"filename": "Symbol 1 instance 10025",
	"frame": {"x":0,"y":1440,"w":793,"h":288},
	"rotated": false,
	"trimmed": false,
	"spriteSourceSize": {"x":0,"y":0,"w":793,"h":288},
	"sourceSize": {"w":793,"h":288}
}
,{
	"filename": "Symbol 1 instance 10026",
	"frame": {"x":793,"y":1440,"w":793,"h":288},
	"rotated": false,
	"trimmed": false,
	"spriteSourceSize": {"x":0,"y":0,"w":793,"h":288},
	"sourceSize": {"w":793,"h":288}
}
,{
	"filename": "Symbol 1 instance 10027",
	"frame": {"x":1586,"y":1440,"w":793,"h":288},
	"rotated": false,
	"trimmed": false,
	"spriteSourceSize": {"x":0,"y":0,"w":793,"h":288},
	"sourceSize": {"w":793,"h":288}
}
,{
	"filename": "Symbol 1 instance 10028",
	"frame": {"x":2379,"y":1440,"w":793,"h":288},
	"rotated": false,
	"trimmed": false,
	"spriteSourceSize": {"x":0,"y":0,"w":793,"h":288},
	"sourceSize": {"w":793,"h":288}
}
,{
	"filename": "Symbol 1 instance 10029",
	"frame": {"x":3172,"y":1440,"w":793,"h":288},
	"rotated": false,
	"trimmed": false,
	"spriteSourceSize": {"x":0,"y":0,"w":793,"h":288},
	"sourceSize": {"w":793,"h":288}
}
,{
	"filename": "Symbol 1 instance 10030",
	"frame": {"x":0,"y":1728,"w":793,"h":288},
	"rotated": false,
	"trimmed": false,
	"spriteSourceSize": {"x":0,"y":0,"w":793,"h":288},
	"sourceSize": {"w":793,"h":288}
}
,{
	"filename": "Symbol 1 instance 10031",
	"frame": {"x":793,"y":1728,"w":793,"h":288},
	"rotated": false,
	"trimmed": false,
	"spriteSourceSize": {"x":0,"y":0,"w":793,"h":288},
	"sourceSize": {"w":793,"h":288}
}
,{
	"filename": "Symbol 1 instance 10032",
	"frame": {"x":1586,"y":1728,"w":793,"h":288},
	"rotated": false,
	"trimmed": false,
	"spriteSourceSize": {"x":0,"y":0,"w":793,"h":288},
	"sourceSize": {"w":793,"h":288}
}
,{
	"filename": "Symbol 1 instance 10033",
	"frame": {"x":2379,"y":1728,"w":793,"h":288},
	"rotated": false,
	"trimmed": false,
	"spriteSourceSize": {"x":0,"y":0,"w":793,"h":288},
	"sourceSize": {"w":793,"h":288}
}
,{
	"filename": "Symbol 1 instance 10034",
	"frame": {"x":3172,"y":1728,"w":793,"h":288},
	"rotated": false,
	"trimmed": false,
	"spriteSourceSize": {"x":0,"y":0,"w":793,"h":288},
	"sourceSize": {"w":793,"h":288}
}
,{
	"filename": "Symbol 1 instance 10035",
	"frame": {"x":0,"y":2016,"w":793,"h":288},
	"rotated": false,
	"trimmed": false,
	"spriteSourceSize": {"x":0,"y":0,"w":793,"h":288},
	"sourceSize": {"w":793,"h":288}
}
,{
	"filename": "Symbol 1 instance 10036",
	"frame": {"x":793,"y":2016,"w":793,"h":288},
	"rotated": false,
	"trimmed": false,
	"spriteSourceSize": {"x":0,"y":0,"w":793,"h":288},
	"sourceSize": {"w":793,"h":288}
}
,{
	"filename": "Symbol 1 instance 10037",
	"frame": {"x":1586,"y":2016,"w":793,"h":288},
	"rotated": false,
	"trimmed": false,
	"spriteSourceSize": {"x":0,"y":0,"w":793,"h":288},
	"sourceSize": {"w":793,"h":288}
}],
"meta": {
	"app": "Adobe Animate",
	"version": "20.0.1.19255",
	"image": "scale.png",
	"format": "RGBA8888",
	"size": {"w":4096,"h":2400},
	"scale": "1"
}
}
