﻿{"frames": [

{
	"filename": "Symbol 5 instance 10000",
	"frame": {"x":0,"y":0,"w":173,"h":184},
	"rotated": false,
	"trimmed": false,
	"spriteSourceSize": {"x":0,"y":0,"w":173,"h":184},
	"sourceSize": {"w":173,"h":184}
}
,{
	"filename": "Symbol 5 instance 10001",
	"frame": {"x":173,"y":0,"w":173,"h":184},
	"rotated": false,
	"trimmed": false,
	"spriteSourceSize": {"x":0,"y":0,"w":173,"h":184},
	"sourceSize": {"w":173,"h":184}
}],
"meta": {
	"app": "Adobe Animate",
	"version": "22.0.0.93",
	"image": "PC_2.2.png",
	"format": "RGBA8888",
	"size": {"w":346,"h":187},
	"scale": "1"
}
}
