﻿{"frames": [

{
	"filename": "Symbol 15 instance 10000",
	"frame": {"x":0,"y":0,"w":248,"h":261},
	"rotated": false,
	"trimmed": false,
	"spriteSourceSize": {"x":0,"y":0,"w":248,"h":261},
	"sourceSize": {"w":248,"h":261}
}
,{
	"filename": "Symbol 15 instance 10001",
	"frame": {"x":248,"y":0,"w":248,"h":261},
	"rotated": false,
	"trimmed": false,
	"spriteSourceSize": {"x":0,"y":0,"w":248,"h":261},
	"sourceSize": {"w":248,"h":261}
}],
"meta": {
	"app": "Adobe Animate",
	"version": "22.0.0.93",
	"image": "PC_5.3.png",
	"format": "RGBA8888",
	"size": {"w":497,"h":267},
	"scale": "1"
}
}
