﻿{"frames": [

{
	"filename": "Symbol 3 instance 10000",
	"frame": {"x":0,"y":0,"w":107,"h":107},
	"rotated": false,
	"trimmed": false,
	"spriteSourceSize": {"x":0,"y":0,"w":107,"h":107},
	"sourceSize": {"w":107,"h":107}
}
,{
	"filename": "Symbol 3 instance 10001",
	"frame": {"x":107,"y":0,"w":107,"h":107},
	"rotated": false,
	"trimmed": false,
	"spriteSourceSize": {"x":0,"y":0,"w":107,"h":107},
	"sourceSize": {"w":107,"h":107}
}],
"meta": {
	"app": "Adobe Animate",
	"version": "22.0.0.93",
	"image": "4X1_a.png",
	"format": "RGBA8888",
	"size": {"w":214,"h":107},
	"scale": "1"
}
}
