﻿{"frames": [

{
	"filename": "Symbol 6 instance 10000",
	"frame": {"x":0,"y":0,"w":43,"h":44},
	"rotated": false,
	"trimmed": false,
	"spriteSourceSize": {"x":0,"y":0,"w":43,"h":44},
	"sourceSize": {"w":43,"h":44}
}
,{
	"filename": "Symbol 6 instance 10001",
	"frame": {"x":43,"y":0,"w":43,"h":44},
	"rotated": false,
	"trimmed": false,
	"spriteSourceSize": {"x":0,"y":0,"w":43,"h":44},
	"sourceSize": {"w":43,"h":44}
}
,{
	"filename": "Symbol 6 instance 10002",
	"frame": {"x":86,"y":0,"w":43,"h":44},
	"rotated": false,
	"trimmed": false,
	"spriteSourceSize": {"x":0,"y":0,"w":43,"h":44},
	"sourceSize": {"w":43,"h":44}
}
,{
	"filename": "Symbol 6 instance 10003",
	"frame": {"x":129,"y":0,"w":43,"h":44},
	"rotated": false,
	"trimmed": false,
	"spriteSourceSize": {"x":0,"y":0,"w":43,"h":44},
	"sourceSize": {"w":43,"h":44}
}
,{
	"filename": "Symbol 6 instance 10004",
	"frame": {"x":172,"y":0,"w":43,"h":44},
	"rotated": false,
	"trimmed": false,
	"spriteSourceSize": {"x":0,"y":0,"w":43,"h":44},
	"sourceSize": {"w":43,"h":44}
}
,{
	"filename": "Symbol 6 instance 10005",
	"frame": {"x":215,"y":0,"w":43,"h":44},
	"rotated": false,
	"trimmed": false,
	"spriteSourceSize": {"x":0,"y":0,"w":43,"h":44},
	"sourceSize": {"w":43,"h":44}
}],
"meta": {
	"app": "Adobe Animate",
	"version": "20.0.1.19255",
	"image": "all color briks_2.1.png",
	"format": "RGBA8888",
	"size": {"w":258,"h":47},
	"scale": "1"
}
}
