﻿{"frames": [

{
	"filename": "Symbol 3 copy instance 10000",
	"frame": {"x":0,"y":0,"w":68,"h":68},
	"rotated": false,
	"trimmed": false,
	"spriteSourceSize": {"x":0,"y":0,"w":68,"h":68},
	"sourceSize": {"w":68,"h":68}
}
,{
	"filename": "Symbol 3 copy instance 10001",
	"frame": {"x":68,"y":0,"w":68,"h":68},
	"rotated": false,
	"trimmed": false,
	"spriteSourceSize": {"x":0,"y":0,"w":68,"h":68},
	"sourceSize": {"w":68,"h":68}
}
,{
	"filename": "Symbol 3 copy instance 10002",
	"frame": {"x":136,"y":0,"w":68,"h":68},
	"rotated": false,
	"trimmed": false,
	"spriteSourceSize": {"x":0,"y":0,"w":68,"h":68},
	"sourceSize": {"w":68,"h":68}
}
,{
	"filename": "Symbol 3 copy instance 10003",
	"frame": {"x":204,"y":0,"w":68,"h":68},
	"rotated": false,
	"trimmed": false,
	"spriteSourceSize": {"x":0,"y":0,"w":68,"h":68},
	"sourceSize": {"w":68,"h":68}
}
,{
	"filename": "Symbol 3 copy instance 10004",
	"frame": {"x":272,"y":0,"w":68,"h":68},
	"rotated": false,
	"trimmed": false,
	"spriteSourceSize": {"x":0,"y":0,"w":68,"h":68},
	"sourceSize": {"w":68,"h":68}
}
,{
	"filename": "Symbol 3 copy instance 10005",
	"frame": {"x":340,"y":0,"w":68,"h":68},
	"rotated": false,
	"trimmed": false,
	"spriteSourceSize": {"x":0,"y":0,"w":68,"h":68},
	"sourceSize": {"w":68,"h":68}
}
,{
	"filename": "Symbol 3 copy instance 10006",
	"frame": {"x":408,"y":0,"w":68,"h":68},
	"rotated": false,
	"trimmed": false,
	"spriteSourceSize": {"x":0,"y":0,"w":68,"h":68},
	"sourceSize": {"w":68,"h":68}
}
,{
	"filename": "Symbol 3 copy instance 10007",
	"frame": {"x":476,"y":0,"w":68,"h":68},
	"rotated": false,
	"trimmed": false,
	"spriteSourceSize": {"x":0,"y":0,"w":68,"h":68},
	"sourceSize": {"w":68,"h":68}
}
,{
	"filename": "Symbol 3 copy instance 10008",
	"frame": {"x":544,"y":0,"w":68,"h":68},
	"rotated": false,
	"trimmed": false,
	"spriteSourceSize": {"x":0,"y":0,"w":68,"h":68},
	"sourceSize": {"w":68,"h":68}
}
,{
	"filename": "Symbol 3 copy instance 10009",
	"frame": {"x":612,"y":0,"w":68,"h":68},
	"rotated": false,
	"trimmed": false,
	"spriteSourceSize": {"x":0,"y":0,"w":68,"h":68},
	"sourceSize": {"w":68,"h":68}
}
,{
	"filename": "Symbol 3 copy instance 10010",
	"frame": {"x":680,"y":0,"w":68,"h":68},
	"rotated": false,
	"trimmed": false,
	"spriteSourceSize": {"x":0,"y":0,"w":68,"h":68},
	"sourceSize": {"w":68,"h":68}
}
,{
	"filename": "Symbol 3 copy instance 10011",
	"frame": {"x":748,"y":0,"w":68,"h":68},
	"rotated": false,
	"trimmed": false,
	"spriteSourceSize": {"x":0,"y":0,"w":68,"h":68},
	"sourceSize": {"w":68,"h":68}
}
,{
	"filename": "Symbol 3 copy instance 10011",
	"frame": {"x":816,"y":0,"w":68,"h":68},
	"rotated": false,
	"trimmed": false,
	"spriteSourceSize": {"x":0,"y":0,"w":68,"h":68},
	"sourceSize": {"w":68,"h":68}
}],
"meta": {
	"app": "Adobe Animate",
	"version": "20.0.1.19255",
	"image": "number pad.png",
	"format": "RGBA8888",
	"size": {"w":817,"h":69},
	"scale": "1"
}
}
