﻿{"frames": [

{
	"filename": "Symbol 2 copy instance 10000",
	"frame": {"x":0,"y":0,"w":54,"h":85},
	"rotated": false,
	"trimmed": false,
	"spriteSourceSize": {"x":0,"y":0,"w":54,"h":85},
	"sourceSize": {"w":54,"h":85}
}
,{
	"filename": "Symbol 2 copy instance 10001",
	"frame": {"x":54,"y":0,"w":54,"h":85},
	"rotated": false,
	"trimmed": false,
	"spriteSourceSize": {"x":0,"y":0,"w":54,"h":85},
	"sourceSize": {"w":54,"h":85}
}
,{
	"filename": "Symbol 2 copy instance 10002",
	"frame": {"x":108,"y":0,"w":54,"h":85},
	"rotated": false,
	"trimmed": false,
	"spriteSourceSize": {"x":0,"y":0,"w":54,"h":85},
	"sourceSize": {"w":54,"h":85}
}
,{
	"filename": "Symbol 2 copy instance 10003",
	"frame": {"x":162,"y":0,"w":54,"h":85},
	"rotated": false,
	"trimmed": false,
	"spriteSourceSize": {"x":0,"y":0,"w":54,"h":85},
	"sourceSize": {"w":54,"h":85}
}
,{
	"filename": "Symbol 2 copy instance 10004",
	"frame": {"x":216,"y":0,"w":54,"h":85},
	"rotated": false,
	"trimmed": false,
	"spriteSourceSize": {"x":0,"y":0,"w":54,"h":85},
	"sourceSize": {"w":54,"h":85}
}
,{
	"filename": "Symbol 2 copy instance 10005",
	"frame": {"x":270,"y":0,"w":54,"h":85},
	"rotated": false,
	"trimmed": false,
	"spriteSourceSize": {"x":0,"y":0,"w":54,"h":85},
	"sourceSize": {"w":54,"h":85}
}],
"meta": {
	"app": "Adobe Animate",
	"version": "20.0.1.19255",
	"image": "number box 5 new.png",
	"format": "RGBA8888",
	"size": {"w":324,"h":85},
	"scale": "1"
}
}
