﻿{"frames": [

{
	"filename": "Symbol 1 instance 10000",
	"frame": {"x":0,"y":0,"w":56,"h":139},
	"rotated": false,
	"trimmed": false,
	"spriteSourceSize": {"x":0,"y":0,"w":56,"h":139},
	"sourceSize": {"w":56,"h":139}
}
,{
	"filename": "Symbol 1 instance 10001",
	"frame": {"x":56,"y":0,"w":56,"h":139},
	"rotated": false,
	"trimmed": false,
	"spriteSourceSize": {"x":0,"y":0,"w":56,"h":139},
	"sourceSize": {"w":56,"h":139}
}],
"meta": {
	"app": "Adobe Animate",
	"version": "22.0.0.93",
	"image": "10X1_a.png",
	"format": "RGBA8888",
	"size": {"w":112,"h":139},
	"scale": "1"
}
}
