﻿{"frames": [

{
	"filename": "Symbol 2 copy instance 10000",
	"frame": {"x":0,"y":0,"w":55,"h":270},
	"rotated": false,
	"trimmed": false,
	"spriteSourceSize": {"x":0,"y":0,"w":55,"h":270},
	"sourceSize": {"w":55,"h":270}
}
,{
	"filename": "Symbol 2 copy instance 10001",
	"frame": {"x":55,"y":0,"w":55,"h":270},
	"rotated": false,
	"trimmed": false,
	"spriteSourceSize": {"x":0,"y":0,"w":55,"h":270},
	"sourceSize": {"w":55,"h":270}
}],
"meta": {
	"app": "Adobe Animate",
	"version": "22.0.0.93",
	"image": "5X1_b.png",
	"format": "RGBA8888",
	"size": {"w":110,"h":275},
	"scale": "1"
}
}
