﻿{"frames": [

{
	"filename": "Symbol 14 instance 10000",
	"frame": {"x":0,"y":0,"w":151,"h":109},
	"rotated": false,
	"trimmed": false,
	"spriteSourceSize": {"x":0,"y":0,"w":151,"h":109},
	"sourceSize": {"w":151,"h":109}
}
,{
	"filename": "Symbol 14 instance 10001",
	"frame": {"x":151,"y":0,"w":151,"h":109},
	"rotated": false,
	"trimmed": false,
	"spriteSourceSize": {"x":0,"y":0,"w":151,"h":109},
	"sourceSize": {"w":151,"h":109}
}],
"meta": {
	"app": "Adobe Animate",
	"version": "18.0.0.107",
	"image": "1.3.png",
	"format": "RGBA8888",
	"size": {"w":306,"h":112},
	"scale": "1"
}
}
