﻿{"frames": [

{
	"filename": "Symbol 22 instance 10000",
	"frame": {"x":0,"y":0,"w":120,"h":151},
	"rotated": false,
	"trimmed": false,
	"spriteSourceSize": {"x":0,"y":0,"w":120,"h":151},
	"sourceSize": {"w":120,"h":151}
}
,{
	"filename": "Symbol 22 instance 10001",
	"frame": {"x":120,"y":0,"w":120,"h":151},
	"rotated": false,
	"trimmed": false,
	"spriteSourceSize": {"x":0,"y":0,"w":120,"h":151},
	"sourceSize": {"w":120,"h":151}
}
,{
	"filename": "Symbol 22 instance 10002",
	"frame": {"x":240,"y":0,"w":120,"h":151},
	"rotated": false,
	"trimmed": false,
	"spriteSourceSize": {"x":0,"y":0,"w":120,"h":151},
	"sourceSize": {"w":120,"h":151}
}
,{
	"filename": "Symbol 22 instance 10003",
	"frame": {"x":360,"y":0,"w":120,"h":151},
	"rotated": false,
	"trimmed": false,
	"spriteSourceSize": {"x":0,"y":0,"w":120,"h":151},
	"sourceSize": {"w":120,"h":151}
}
,{
	"filename": "Symbol 22 instance 10004",
	"frame": {"x":480,"y":0,"w":120,"h":151},
	"rotated": false,
	"trimmed": false,
	"spriteSourceSize": {"x":0,"y":0,"w":120,"h":151},
	"sourceSize": {"w":120,"h":151}
}
,{
	"filename": "Symbol 22 instance 10005",
	"frame": {"x":600,"y":0,"w":120,"h":151},
	"rotated": false,
	"trimmed": false,
	"spriteSourceSize": {"x":0,"y":0,"w":120,"h":151},
	"sourceSize": {"w":120,"h":151}
}
,{
	"filename": "Symbol 22 instance 10006",
	"frame": {"x":720,"y":0,"w":120,"h":151},
	"rotated": false,
	"trimmed": false,
	"spriteSourceSize": {"x":0,"y":0,"w":120,"h":151},
	"sourceSize": {"w":120,"h":151}
}
,{
	"filename": "Symbol 22 instance 10007",
	"frame": {"x":840,"y":0,"w":120,"h":151},
	"rotated": false,
	"trimmed": false,
	"spriteSourceSize": {"x":0,"y":0,"w":120,"h":151},
	"sourceSize": {"w":120,"h":151}
}
,{
	"filename": "Symbol 22 instance 10008",
	"frame": {"x":960,"y":0,"w":120,"h":151},
	"rotated": false,
	"trimmed": false,
	"spriteSourceSize": {"x":0,"y":0,"w":120,"h":151},
	"sourceSize": {"w":120,"h":151}
}],
"meta": {
	"app": "Adobe Animate",
	"version": "18.0.0.107",
	"image": "1.11.png",
	"format": "RGBA8888",
	"size": {"w":1082,"h":160},
	"scale": "1"
}
}
