﻿{"frames": [

{
	"filename": "Symbol 3 instance 10000",
	"frame": {"x":0,"y":0,"w":176,"h":205},
	"rotated": false,
	"trimmed": false,
	"spriteSourceSize": {"x":0,"y":0,"w":176,"h":205},
	"sourceSize": {"w":176,"h":205}
}
,{
	"filename": "Symbol 3 instance 10001",
	"frame": {"x":176,"y":0,"w":176,"h":205},
	"rotated": false,
	"trimmed": false,
	"spriteSourceSize": {"x":0,"y":0,"w":176,"h":205},
	"sourceSize": {"w":176,"h":205}
}
,{
	"filename": "Symbol 3 instance 10002",
	"frame": {"x":352,"y":0,"w":176,"h":205},
	"rotated": false,
	"trimmed": false,
	"spriteSourceSize": {"x":0,"y":0,"w":176,"h":205},
	"sourceSize": {"w":176,"h":205}
}
,{
	"filename": "Symbol 3 instance 10003",
	"frame": {"x":528,"y":0,"w":176,"h":205},
	"rotated": false,
	"trimmed": false,
	"spriteSourceSize": {"x":0,"y":0,"w":176,"h":205},
	"sourceSize": {"w":176,"h":205}
}
,{
	"filename": "Symbol 3 instance 10004",
	"frame": {"x":704,"y":0,"w":176,"h":205},
	"rotated": false,
	"trimmed": false,
	"spriteSourceSize": {"x":0,"y":0,"w":176,"h":205},
	"sourceSize": {"w":176,"h":205}
}
,{
	"filename": "Symbol 3 instance 10005",
	"frame": {"x":880,"y":0,"w":176,"h":205},
	"rotated": false,
	"trimmed": false,
	"spriteSourceSize": {"x":0,"y":0,"w":176,"h":205},
	"sourceSize": {"w":176,"h":205}
}
,{
	"filename": "Symbol 3 instance 10006",
	"frame": {"x":1056,"y":0,"w":176,"h":205},
	"rotated": false,
	"trimmed": false,
	"spriteSourceSize": {"x":0,"y":0,"w":176,"h":205},
	"sourceSize": {"w":176,"h":205}
}
,{
	"filename": "Symbol 3 instance 10007",
	"frame": {"x":1232,"y":0,"w":176,"h":205},
	"rotated": false,
	"trimmed": false,
	"spriteSourceSize": {"x":0,"y":0,"w":176,"h":205},
	"sourceSize": {"w":176,"h":205}
}
,{
	"filename": "Symbol 3 instance 10008",
	"frame": {"x":1408,"y":0,"w":176,"h":205},
	"rotated": false,
	"trimmed": false,
	"spriteSourceSize": {"x":0,"y":0,"w":176,"h":205},
	"sourceSize": {"w":176,"h":205}
}],
"meta": {
	"app": "Adobe Animate",
	"version": "18.0.0.107",
	"image": "1.png",
	"format": "RGBA8888",
	"size": {"w":1590,"h":208},
	"scale": "1"
}
}
