﻿{"frames": [

{
	"filename": "Symbol 1 instance 10000",
	"frame": {"x":0,"y":0,"w":168,"h":168},
	"rotated": false,
	"trimmed": false,
	"spriteSourceSize": {"x":0,"y":0,"w":168,"h":168},
	"sourceSize": {"w":168,"h":168}
}
,{
	"filename": "Symbol 1 instance 10001",
	"frame": {"x":168,"y":0,"w":168,"h":168},
	"rotated": false,
	"trimmed": false,
	"spriteSourceSize": {"x":0,"y":0,"w":168,"h":168},
	"sourceSize": {"w":168,"h":168}
}
,{
	"filename": "Symbol 1 instance 10002",
	"frame": {"x":336,"y":0,"w":168,"h":168},
	"rotated": false,
	"trimmed": false,
	"spriteSourceSize": {"x":0,"y":0,"w":168,"h":168},
	"sourceSize": {"w":168,"h":168}
}
,{
	"filename": "Symbol 1 instance 10003",
	"frame": {"x":504,"y":0,"w":168,"h":168},
	"rotated": false,
	"trimmed": false,
	"spriteSourceSize": {"x":0,"y":0,"w":168,"h":168},
	"sourceSize": {"w":168,"h":168}
}],
"meta": {
	"app": "Adobe Animate",
	"version": "18.0.0.107",
	"image": "ink1.png",
	"format": "RGBA8888",
	"size": {"w":675,"h":172},
	"scale": "1"
}
}
