﻿{"frames": [

{
	"filename": "Symbol 12 instance 10000",
	"frame": {"x":0,"y":0,"w":146,"h":146},
	"rotated": false,
	"trimmed": false,
	"spriteSourceSize": {"x":0,"y":0,"w":146,"h":146},
	"sourceSize": {"w":146,"h":146}
}
,{
	"filename": "Symbol 12 instance 10001",
	"frame": {"x":146,"y":0,"w":146,"h":146},
	"rotated": false,
	"trimmed": false,
	"spriteSourceSize": {"x":0,"y":0,"w":146,"h":146},
	"sourceSize": {"w":146,"h":146}
}
,{
	"filename": "Symbol 12 instance 10002",
	"frame": {"x":292,"y":0,"w":146,"h":146},
	"rotated": false,
	"trimmed": false,
	"spriteSourceSize": {"x":0,"y":0,"w":146,"h":146},
	"sourceSize": {"w":146,"h":146}
}
,{
	"filename": "Symbol 12 instance 10003",
	"frame": {"x":438,"y":0,"w":146,"h":146},
	"rotated": false,
	"trimmed": false,
	"spriteSourceSize": {"x":0,"y":0,"w":146,"h":146},
	"sourceSize": {"w":146,"h":146}
}],
"meta": {
	"app": "Adobe Animate",
	"version": "18.0.0.107",
	"image": "ink12.png",
	"format": "RGBA8888",
	"size": {"w":585,"h":149},
	"scale": "1"
}
}
