﻿{"frames": [

{
	"filename": "Symbol 2 instance 10000",
	"frame": {"x":0,"y":0,"w":162,"h":151},
	"rotated": false,
	"trimmed": false,
	"spriteSourceSize": {"x":0,"y":0,"w":162,"h":151},
	"sourceSize": {"w":162,"h":151}
}
,{
	"filename": "Symbol 2 instance 10001",
	"frame": {"x":162,"y":0,"w":162,"h":151},
	"rotated": false,
	"trimmed": false,
	"spriteSourceSize": {"x":0,"y":0,"w":162,"h":151},
	"sourceSize": {"w":162,"h":151}
}
,{
	"filename": "Symbol 2 instance 10002",
	"frame": {"x":324,"y":0,"w":162,"h":151},
	"rotated": false,
	"trimmed": false,
	"spriteSourceSize": {"x":0,"y":0,"w":162,"h":151},
	"sourceSize": {"w":162,"h":151}
}
,{
	"filename": "Symbol 2 instance 10003",
	"frame": {"x":486,"y":0,"w":162,"h":151},
	"rotated": false,
	"trimmed": false,
	"spriteSourceSize": {"x":0,"y":0,"w":162,"h":151},
	"sourceSize": {"w":162,"h":151}
}],
"meta": {
	"app": "Adobe Animate",
	"version": "18.0.0.107",
	"image": "ink2.png",
	"format": "RGBA8888",
	"size": {"w":659,"h":151},
	"scale": "1"
}
}
