﻿{"frames": [

{
	"filename": "Symbol 4 instance 10000",
	"frame": {"x":0,"y":0,"w":147,"h":111},
	"rotated": false,
	"trimmed": false,
	"spriteSourceSize": {"x":0,"y":0,"w":147,"h":111},
	"sourceSize": {"w":147,"h":111}
}
,{
	"filename": "Symbol 4 instance 10001",
	"frame": {"x":147,"y":0,"w":147,"h":111},
	"rotated": false,
	"trimmed": false,
	"spriteSourceSize": {"x":0,"y":0,"w":147,"h":111},
	"sourceSize": {"w":147,"h":111}
}
,{
	"filename": "Symbol 4 instance 10002",
	"frame": {"x":294,"y":0,"w":147,"h":111},
	"rotated": false,
	"trimmed": false,
	"spriteSourceSize": {"x":0,"y":0,"w":147,"h":111},
	"sourceSize": {"w":147,"h":111}
}
,{
	"filename": "Symbol 4 instance 10003",
	"frame": {"x":441,"y":0,"w":147,"h":111},
	"rotated": false,
	"trimmed": false,
	"spriteSourceSize": {"x":0,"y":0,"w":147,"h":111},
	"sourceSize": {"w":147,"h":111}
}],
"meta": {
	"app": "Adobe Animate",
	"version": "18.0.0.107",
	"image": "ink4.png",
	"format": "RGBA8888",
	"size": {"w":606,"h":123},
	"scale": "1"
}
}
