﻿{"frames": [

{
	"filename": "Symbol 5 instance 10000",
	"frame": {"x":0,"y":0,"w":173,"h":177},
	"rotated": false,
	"trimmed": false,
	"spriteSourceSize": {"x":0,"y":0,"w":173,"h":177},
	"sourceSize": {"w":173,"h":177}
}
,{
	"filename": "Symbol 5 instance 10001",
	"frame": {"x":173,"y":0,"w":173,"h":177},
	"rotated": false,
	"trimmed": false,
	"spriteSourceSize": {"x":0,"y":0,"w":173,"h":177},
	"sourceSize": {"w":173,"h":177}
}
,{
	"filename": "Symbol 5 instance 10002",
	"frame": {"x":346,"y":0,"w":173,"h":177},
	"rotated": false,
	"trimmed": false,
	"spriteSourceSize": {"x":0,"y":0,"w":173,"h":177},
	"sourceSize": {"w":173,"h":177}
}
,{
	"filename": "Symbol 5 instance 10003",
	"frame": {"x":519,"y":0,"w":173,"h":177},
	"rotated": false,
	"trimmed": false,
	"spriteSourceSize": {"x":0,"y":0,"w":173,"h":177},
	"sourceSize": {"w":173,"h":177}
}],
"meta": {
	"app": "Adobe Animate",
	"version": "18.0.0.107",
	"image": "ink5.png",
	"format": "RGBA8888",
	"size": {"w":693,"h":177},
	"scale": "1"
}
}
