﻿{"frames": [

{
	"filename": "Symbol 12 instance 10000",
	"frame": {"x":0,"y":0,"w":119,"h":150},
	"rotated": false,
	"trimmed": false,
	"spriteSourceSize": {"x":0,"y":0,"w":119,"h":150},
	"sourceSize": {"w":119,"h":150}
}
,{
	"filename": "Symbol 12 instance 10001",
	"frame": {"x":119,"y":0,"w":119,"h":150},
	"rotated": false,
	"trimmed": false,
	"spriteSourceSize": {"x":0,"y":0,"w":119,"h":150},
	"sourceSize": {"w":119,"h":150}
}],
"meta": {
	"app": "Adobe Animate",
	"version": "18.0.0.107",
	"image": "1.1.png",
	"format": "RGBA8888",
	"size": {"w":252,"h":158},
	"scale": "1"
}
}
