﻿{"frames": [

{
	"filename": "Symbol 6 instance 10000",
	"frame": {"x":0,"y":0,"w":321,"h":206},
	"rotated": false,
	"trimmed": false,
	"spriteSourceSize": {"x":0,"y":0,"w":321,"h":206},
	"sourceSize": {"w":321,"h":206}
}
,{
	"filename": "Symbol 6 instance 10001",
	"frame": {"x":321,"y":0,"w":321,"h":206},
	"rotated": false,
	"trimmed": false,
	"spriteSourceSize": {"x":0,"y":0,"w":321,"h":206},
	"sourceSize": {"w":321,"h":206}
}
,{
	"filename": "Symbol 6 instance 10002",
	"frame": {"x":642,"y":0,"w":321,"h":206},
	"rotated": false,
	"trimmed": false,
	"spriteSourceSize": {"x":0,"y":0,"w":321,"h":206},
	"sourceSize": {"w":321,"h":206}
}
,{
	"filename": "Symbol 6 instance 10003",
	"frame": {"x":963,"y":0,"w":321,"h":206},
	"rotated": false,
	"trimmed": false,
	"spriteSourceSize": {"x":0,"y":0,"w":321,"h":206},
	"sourceSize": {"w":321,"h":206}
}
,{
	"filename": "Symbol 6 instance 10004",
	"frame": {"x":1284,"y":0,"w":321,"h":206},
	"rotated": false,
	"trimmed": false,
	"spriteSourceSize": {"x":0,"y":0,"w":321,"h":206},
	"sourceSize": {"w":321,"h":206}
}
,{
	"filename": "Symbol 6 instance 10005",
	"frame": {"x":1605,"y":0,"w":321,"h":206},
	"rotated": false,
	"trimmed": false,
	"spriteSourceSize": {"x":0,"y":0,"w":321,"h":206},
	"sourceSize": {"w":321,"h":206}
}
,{
	"filename": "Symbol 6 instance 10006",
	"frame": {"x":1926,"y":0,"w":321,"h":206},
	"rotated": false,
	"trimmed": false,
	"spriteSourceSize": {"x":0,"y":0,"w":321,"h":206},
	"sourceSize": {"w":321,"h":206}
}
,{
	"filename": "Symbol 6 instance 10007",
	"frame": {"x":2247,"y":0,"w":321,"h":206},
	"rotated": false,
	"trimmed": false,
	"spriteSourceSize": {"x":0,"y":0,"w":321,"h":206},
	"sourceSize": {"w":321,"h":206}
}
,{
	"filename": "Symbol 6 instance 10008",
	"frame": {"x":2568,"y":0,"w":321,"h":206},
	"rotated": false,
	"trimmed": false,
	"spriteSourceSize": {"x":0,"y":0,"w":321,"h":206},
	"sourceSize": {"w":321,"h":206}
}],
"meta": {
	"app": "Adobe Animate",
	"version": "18.0.0.107",
	"image": "4.png",
	"format": "RGBA8888",
	"size": {"w":2889,"h":212},
	"scale": "1"
}
}
