﻿{"frames": [

{
	"filename": "Symbol 2 instance 10000",
	"frame": {"x":0,"y":0,"w":91,"h":66},
	"rotated": false,
	"trimmed": false,
	"spriteSourceSize": {"x":0,"y":0,"w":91,"h":66},
	"sourceSize": {"w":91,"h":66}
}
,{
	"filename": "Symbol 2 instance 10001",
	"frame": {"x":91,"y":0,"w":91,"h":66},
	"rotated": false,
	"trimmed": false,
	"spriteSourceSize": {"x":0,"y":0,"w":91,"h":66},
	"sourceSize": {"w":91,"h":66}
}
,{
	"filename": "Symbol 2 instance 10002",
	"frame": {"x":0,"y":66,"w":91,"h":66},
	"rotated": false,
	"trimmed": false,
	"spriteSourceSize": {"x":0,"y":0,"w":91,"h":66},
	"sourceSize": {"w":91,"h":66}
}
,{
	"filename": "Symbol 2 instance 10003",
	"frame": {"x":91,"y":66,"w":91,"h":66},
	"rotated": false,
	"trimmed": false,
	"spriteSourceSize": {"x":0,"y":0,"w":91,"h":66},
	"sourceSize": {"w":91,"h":66}
}],
"meta": {
	"app": "Adobe Animate",
	"version": "18.0.0.107",
	"image": "N1.png",
	"format": "RGBA8888",
	"size": {"w":256,"h":256},
	"scale": "1"
}
}
