﻿{"frames": [

{
	"filename": "Symbol 14 copy instance 10000",
	"frame": {"x":0,"y":0,"w":31,"h":46},
	"rotated": false,
	"trimmed": false,
	"spriteSourceSize": {"x":0,"y":0,"w":31,"h":46},
	"sourceSize": {"w":31,"h":46}
}
,{
	"filename": "Symbol 14 copy instance 10001",
	"frame": {"x":31,"y":0,"w":31,"h":46},
	"rotated": false,
	"trimmed": false,
	"spriteSourceSize": {"x":0,"y":0,"w":31,"h":46},
	"sourceSize": {"w":31,"h":46}
}
,{
	"filename": "Symbol 14 copy instance 10002",
	"frame": {"x":0,"y":46,"w":31,"h":46},
	"rotated": false,
	"trimmed": false,
	"spriteSourceSize": {"x":0,"y":0,"w":31,"h":46},
	"sourceSize": {"w":31,"h":46}
}
,{
	"filename": "Symbol 14 copy instance 10003",
	"frame": {"x":31,"y":46,"w":31,"h":46},
	"rotated": false,
	"trimmed": false,
	"spriteSourceSize": {"x":0,"y":0,"w":31,"h":46},
	"sourceSize": {"w":31,"h":46}
}
,{
	"filename": "Symbol 14 copy instance 10004",
	"frame": {"x":0,"y":92,"w":31,"h":46},
	"rotated": false,
	"trimmed": false,
	"spriteSourceSize": {"x":0,"y":0,"w":31,"h":46},
	"sourceSize": {"w":31,"h":46}
}
,{
	"filename": "Symbol 14 copy instance 10005",
	"frame": {"x":31,"y":92,"w":31,"h":46},
	"rotated": false,
	"trimmed": false,
	"spriteSourceSize": {"x":0,"y":0,"w":31,"h":46},
	"sourceSize": {"w":31,"h":46}
}
,{
	"filename": "Symbol 14 copy instance 10006",
	"frame": {"x":0,"y":138,"w":31,"h":46},
	"rotated": false,
	"trimmed": false,
	"spriteSourceSize": {"x":0,"y":0,"w":31,"h":46},
	"sourceSize": {"w":31,"h":46}
}
,{
	"filename": "Symbol 14 copy instance 10007",
	"frame": {"x":31,"y":138,"w":31,"h":46},
	"rotated": false,
	"trimmed": false,
	"spriteSourceSize": {"x":0,"y":0,"w":31,"h":46},
	"sourceSize": {"w":31,"h":46}
}
,{
	"filename": "Symbol 14 copy instance 10008",
	"frame": {"x":0,"y":184,"w":31,"h":46},
	"rotated": false,
	"trimmed": false,
	"spriteSourceSize": {"x":0,"y":0,"w":31,"h":46},
	"sourceSize": {"w":31,"h":46}
}
,{
	"filename": "Symbol 14 copy instance 10009",
	"frame": {"x":31,"y":184,"w":31,"h":46},
	"rotated": false,
	"trimmed": false,
	"spriteSourceSize": {"x":0,"y":0,"w":31,"h":46},
	"sourceSize": {"w":31,"h":46}
}],
"meta": {
	"app": "Adobe Animate",
	"version": "18.0.0.107",
	"image": "1.png",
	"format": "RGBA8888",
	"size": {"w":64,"h":256},
	"scale": "1"
}
}
