﻿{"frames": [

{
	"filename": "Symbol 17 copy 15 instance 10000",
	"frame": {"x":0,"y":0,"w":41,"h":62},
	"rotated": false,
	"trimmed": true,
	"spriteSourceSize": {"x":3,"y":0,"w":48,"h":62},
	"sourceSize": {"w":48,"h":62}
}
,{
	"filename": "Symbol 17 copy 15 instance 10001",
	"frame": {"x":41,"y":0,"w":37,"h":62},
	"rotated": false,
	"trimmed": true,
	"spriteSourceSize": {"x":5,"y":0,"w":48,"h":62},
	"sourceSize": {"w":48,"h":62}
}
,{
	"filename": "Symbol 17 copy 15 instance 10002",
	"frame": {"x":78,"y":0,"w":38,"h":62},
	"rotated": false,
	"trimmed": true,
	"spriteSourceSize": {"x":5,"y":0,"w":48,"h":62},
	"sourceSize": {"w":48,"h":62}
}
,{
	"filename": "Symbol 17 copy 15 instance 10003",
	"frame": {"x":0,"y":62,"w":38,"h":62},
	"rotated": false,
	"trimmed": true,
	"spriteSourceSize": {"x":5,"y":0,"w":48,"h":62},
	"sourceSize": {"w":48,"h":62}
}
,{
	"filename": "Symbol 17 copy 15 instance 10004",
	"frame": {"x":38,"y":62,"w":38,"h":62},
	"rotated": false,
	"trimmed": true,
	"spriteSourceSize": {"x":5,"y":0,"w":48,"h":62},
	"sourceSize": {"w":48,"h":62}
}
,{
	"filename": "Symbol 17 copy 15 instance 10005",
	"frame": {"x":76,"y":62,"w":37,"h":62},
	"rotated": false,
	"trimmed": true,
	"spriteSourceSize": {"x":5,"y":0,"w":48,"h":62},
	"sourceSize": {"w":48,"h":62}
}
,{
	"filename": "Symbol 17 copy 15 instance 10006",
	"frame": {"x":0,"y":124,"w":37,"h":62},
	"rotated": false,
	"trimmed": true,
	"spriteSourceSize": {"x":5,"y":0,"w":48,"h":62},
	"sourceSize": {"w":48,"h":62}
}
,{
	"filename": "Symbol 17 copy 15 instance 10007",
	"frame": {"x":37,"y":124,"w":37,"h":62},
	"rotated": false,
	"trimmed": true,
	"spriteSourceSize": {"x":5,"y":0,"w":48,"h":62},
	"sourceSize": {"w":48,"h":62}
}
,{
	"filename": "Symbol 17 copy 15 instance 10008",
	"frame": {"x":74,"y":124,"w":37,"h":62},
	"rotated": false,
	"trimmed": true,
	"spriteSourceSize": {"x":5,"y":0,"w":48,"h":62},
	"sourceSize": {"w":48,"h":62}
}
,{
	"filename": "Symbol 17 copy 15 instance 10009",
	"frame": {"x":0,"y":186,"w":37,"h":62},
	"rotated": false,
	"trimmed": true,
	"spriteSourceSize": {"x":5,"y":0,"w":48,"h":62},
	"sourceSize": {"w":48,"h":62}
}
,{
	"filename": "Symbol 17 copy 15 instance 10010",
	"frame": {"x":37,"y":186,"w":48,"h":62},
	"rotated": false,
	"trimmed": false,
	"spriteSourceSize": {"x":0,"y":0,"w":48,"h":62},
	"sourceSize": {"w":48,"h":62}
}],
"meta": {
	"app": "Adobe Animate",
	"version": "15.1.0.210",
	"image": "0 to 10.png",
	"format": "RGBA8888",
	"size": {"w":127,"h":255},
	"scale": "1"
}
}
