﻿{"frames": [

{
	"filename": "Symbol 10 copy instance 10000",
	"frame": {"x":0,"y":0,"w":33,"h":116},
	"rotated": false,
	"trimmed": false,
	"spriteSourceSize": {"x":0,"y":0,"w":33,"h":116},
	"sourceSize": {"w":33,"h":116}
}
,{
	"filename": "Symbol 10 copy instance 10001",
	"frame": {"x":0,"y":116,"w":33,"h":116},
	"rotated": false,
	"trimmed": false,
	"spriteSourceSize": {"x":0,"y":0,"w":33,"h":116},
	"sourceSize": {"w":33,"h":116}
}
,{
	"filename": "Symbol 10 copy instance 10002",
	"frame": {"x":0,"y":232,"w":33,"h":116},
	"rotated": false,
	"trimmed": false,
	"spriteSourceSize": {"x":0,"y":0,"w":33,"h":116},
	"sourceSize": {"w":33,"h":116}
}
,{
	"filename": "Symbol 10 copy instance 10003",
	"frame": {"x":0,"y":348,"w":33,"h":116},
	"rotated": false,
	"trimmed": false,
	"spriteSourceSize": {"x":0,"y":0,"w":33,"h":116},
	"sourceSize": {"w":33,"h":116}
}
,{
	"filename": "Symbol 10 copy instance 10004",
	"frame": {"x":33,"y":0,"w":33,"h":116},
	"rotated": false,
	"trimmed": false,
	"spriteSourceSize": {"x":0,"y":0,"w":33,"h":116},
	"sourceSize": {"w":33,"h":116}
}
,{
	"filename": "Symbol 10 copy instance 10005",
	"frame": {"x":33,"y":116,"w":33,"h":116},
	"rotated": false,
	"trimmed": false,
	"spriteSourceSize": {"x":0,"y":0,"w":33,"h":116},
	"sourceSize": {"w":33,"h":116}
}
,{
	"filename": "Symbol 10 copy instance 10006",
	"frame": {"x":33,"y":232,"w":33,"h":116},
	"rotated": false,
	"trimmed": false,
	"spriteSourceSize": {"x":0,"y":0,"w":33,"h":116},
	"sourceSize": {"w":33,"h":116}
}
,{
	"filename": "Symbol 10 copy instance 10007",
	"frame": {"x":33,"y":348,"w":33,"h":116},
	"rotated": false,
	"trimmed": false,
	"spriteSourceSize": {"x":0,"y":0,"w":33,"h":116},
	"sourceSize": {"w":33,"h":116}
}
,{
	"filename": "Symbol 10 copy instance 10008",
	"frame": {"x":66,"y":0,"w":33,"h":116},
	"rotated": false,
	"trimmed": false,
	"spriteSourceSize": {"x":0,"y":0,"w":33,"h":116},
	"sourceSize": {"w":33,"h":116}
}
,{
	"filename": "Symbol 10 copy instance 10009",
	"frame": {"x":66,"y":116,"w":33,"h":116},
	"rotated": false,
	"trimmed": false,
	"spriteSourceSize": {"x":0,"y":0,"w":33,"h":116},
	"sourceSize": {"w":33,"h":116}
}
,{
	"filename": "Symbol 10 copy instance 10010",
	"frame": {"x":66,"y":232,"w":33,"h":116},
	"rotated": false,
	"trimmed": false,
	"spriteSourceSize": {"x":0,"y":0,"w":33,"h":116},
	"sourceSize": {"w":33,"h":116}
}
,{
	"filename": "Symbol 10 copy instance 10011",
	"frame": {"x":66,"y":348,"w":33,"h":116},
	"rotated": false,
	"trimmed": false,
	"spriteSourceSize": {"x":0,"y":0,"w":33,"h":116},
	"sourceSize": {"w":33,"h":116}
}
,{
	"filename": "Symbol 10 copy instance 10012",
	"frame": {"x":99,"y":0,"w":33,"h":116},
	"rotated": false,
	"trimmed": false,
	"spriteSourceSize": {"x":0,"y":0,"w":33,"h":116},
	"sourceSize": {"w":33,"h":116}
}
,{
	"filename": "Symbol 10 copy instance 10013",
	"frame": {"x":99,"y":116,"w":33,"h":116},
	"rotated": false,
	"trimmed": false,
	"spriteSourceSize": {"x":0,"y":0,"w":33,"h":116},
	"sourceSize": {"w":33,"h":116}
}
,{
	"filename": "Symbol 10 copy instance 10014",
	"frame": {"x":99,"y":232,"w":33,"h":116},
	"rotated": false,
	"trimmed": false,
	"spriteSourceSize": {"x":0,"y":0,"w":33,"h":116},
	"sourceSize": {"w":33,"h":116}
}
,{
	"filename": "Symbol 10 copy instance 10015",
	"frame": {"x":99,"y":348,"w":33,"h":116},
	"rotated": false,
	"trimmed": false,
	"spriteSourceSize": {"x":0,"y":0,"w":33,"h":116},
	"sourceSize": {"w":33,"h":116}
}
,{
	"filename": "Symbol 10 copy instance 10016",
	"frame": {"x":132,"y":0,"w":33,"h":116},
	"rotated": false,
	"trimmed": false,
	"spriteSourceSize": {"x":0,"y":0,"w":33,"h":116},
	"sourceSize": {"w":33,"h":116}
}
,{
	"filename": "Symbol 10 copy instance 10017",
	"frame": {"x":132,"y":116,"w":33,"h":116},
	"rotated": false,
	"trimmed": false,
	"spriteSourceSize": {"x":0,"y":0,"w":33,"h":116},
	"sourceSize": {"w":33,"h":116}
}
,{
	"filename": "Symbol 10 copy instance 10018",
	"frame": {"x":132,"y":232,"w":33,"h":116},
	"rotated": false,
	"trimmed": false,
	"spriteSourceSize": {"x":0,"y":0,"w":33,"h":116},
	"sourceSize": {"w":33,"h":116}
}
,{
	"filename": "Symbol 10 copy instance 10019",
	"frame": {"x":132,"y":348,"w":33,"h":116},
	"rotated": false,
	"trimmed": false,
	"spriteSourceSize": {"x":0,"y":0,"w":33,"h":116},
	"sourceSize": {"w":33,"h":116}
}
,{
	"filename": "Symbol 10 copy instance 10020",
	"frame": {"x":165,"y":0,"w":33,"h":116},
	"rotated": false,
	"trimmed": false,
	"spriteSourceSize": {"x":0,"y":0,"w":33,"h":116},
	"sourceSize": {"w":33,"h":116}
}
,{
	"filename": "Symbol 10 copy instance 10021",
	"frame": {"x":165,"y":116,"w":33,"h":116},
	"rotated": false,
	"trimmed": false,
	"spriteSourceSize": {"x":0,"y":0,"w":33,"h":116},
	"sourceSize": {"w":33,"h":116}
}
,{
	"filename": "Symbol 10 copy instance 10022",
	"frame": {"x":165,"y":232,"w":33,"h":116},
	"rotated": false,
	"trimmed": false,
	"spriteSourceSize": {"x":0,"y":0,"w":33,"h":116},
	"sourceSize": {"w":33,"h":116}
}
,{
	"filename": "Symbol 10 copy instance 10023",
	"frame": {"x":165,"y":348,"w":33,"h":116},
	"rotated": false,
	"trimmed": false,
	"spriteSourceSize": {"x":0,"y":0,"w":33,"h":116},
	"sourceSize": {"w":33,"h":116}
}
,{
	"filename": "Symbol 10 copy instance 10024",
	"frame": {"x":198,"y":0,"w":33,"h":116},
	"rotated": false,
	"trimmed": false,
	"spriteSourceSize": {"x":0,"y":0,"w":33,"h":116},
	"sourceSize": {"w":33,"h":116}
}
,{
	"filename": "Symbol 10 copy instance 10025",
	"frame": {"x":198,"y":116,"w":33,"h":116},
	"rotated": false,
	"trimmed": false,
	"spriteSourceSize": {"x":0,"y":0,"w":33,"h":116},
	"sourceSize": {"w":33,"h":116}
}
,{
	"filename": "Symbol 10 copy instance 10026",
	"frame": {"x":198,"y":232,"w":33,"h":116},
	"rotated": false,
	"trimmed": false,
	"spriteSourceSize": {"x":0,"y":0,"w":33,"h":116},
	"sourceSize": {"w":33,"h":116}
}
,{
	"filename": "Symbol 10 copy instance 10027",
	"frame": {"x":198,"y":348,"w":33,"h":116},
	"rotated": false,
	"trimmed": false,
	"spriteSourceSize": {"x":0,"y":0,"w":33,"h":116},
	"sourceSize": {"w":33,"h":116}
}
,{
	"filename": "Symbol 10 copy instance 10028",
	"frame": {"x":231,"y":0,"w":33,"h":116},
	"rotated": false,
	"trimmed": false,
	"spriteSourceSize": {"x":0,"y":0,"w":33,"h":116},
	"sourceSize": {"w":33,"h":116}
}
,{
	"filename": "Symbol 10 copy instance 10029",
	"frame": {"x":231,"y":116,"w":33,"h":116},
	"rotated": false,
	"trimmed": false,
	"spriteSourceSize": {"x":0,"y":0,"w":33,"h":116},
	"sourceSize": {"w":33,"h":116}
}
,{
	"filename": "Symbol 10 copy instance 10030",
	"frame": {"x":231,"y":232,"w":33,"h":116},
	"rotated": false,
	"trimmed": false,
	"spriteSourceSize": {"x":0,"y":0,"w":33,"h":116},
	"sourceSize": {"w":33,"h":116}
}
,{
	"filename": "Symbol 10 copy instance 10031",
	"frame": {"x":231,"y":348,"w":33,"h":116},
	"rotated": false,
	"trimmed": false,
	"spriteSourceSize": {"x":0,"y":0,"w":33,"h":116},
	"sourceSize": {"w":33,"h":116}
}
,{
	"filename": "Symbol 10 copy instance 10032",
	"frame": {"x":264,"y":0,"w":33,"h":116},
	"rotated": false,
	"trimmed": false,
	"spriteSourceSize": {"x":0,"y":0,"w":33,"h":116},
	"sourceSize": {"w":33,"h":116}
}
,{
	"filename": "Symbol 10 copy instance 10033",
	"frame": {"x":264,"y":116,"w":33,"h":116},
	"rotated": false,
	"trimmed": false,
	"spriteSourceSize": {"x":0,"y":0,"w":33,"h":116},
	"sourceSize": {"w":33,"h":116}
}
,{
	"filename": "Symbol 10 copy instance 10034",
	"frame": {"x":264,"y":232,"w":33,"h":116},
	"rotated": false,
	"trimmed": false,
	"spriteSourceSize": {"x":0,"y":0,"w":33,"h":116},
	"sourceSize": {"w":33,"h":116}
}
,{
	"filename": "Symbol 10 copy instance 10035",
	"frame": {"x":264,"y":348,"w":33,"h":116},
	"rotated": false,
	"trimmed": false,
	"spriteSourceSize": {"x":0,"y":0,"w":33,"h":116},
	"sourceSize": {"w":33,"h":116}
}],
"meta": {
	"app": "Adobe Animate",
	"version": "15.1.0.210",
	"image": "st.png",
	"format": "RGB8",
	"size": {"w":334,"h":479},
	"scale": "1"
}
}
