﻿{"frames": [

{
	"filename": "Symbol 2 instance 10000",
	"frame": {"x":0,"y":0,"w":70,"h":69},
	"rotated": false,
	"trimmed": false,
	"spriteSourceSize": {"x":0,"y":0,"w":70,"h":69},
	"sourceSize": {"w":70,"h":69}
}
,{
	"filename": "Symbol 2 instance 10001",
	"frame": {"x":70,"y":0,"w":70,"h":69},
	"rotated": false,
	"trimmed": false,
	"spriteSourceSize": {"x":0,"y":0,"w":70,"h":69},
	"sourceSize": {"w":70,"h":69}
}
,{
	"filename": "Symbol 2 instance 10002",
	"frame": {"x":140,"y":0,"w":70,"h":69},
	"rotated": false,
	"trimmed": false,
	"spriteSourceSize": {"x":0,"y":0,"w":70,"h":69},
	"sourceSize": {"w":70,"h":69}
}],
"meta": {
	"app": "Adobe Animate",
	"version": "18.0.0.107",
	"image": "click btn.png",
	"format": "RGBA8888",
	"size": {"w":211,"h":70},
	"scale": "1"
}
}
