﻿{"frames": [

{
	"filename": "Symbol 17 copy 16 instance 10000",
	"frame": {"x":0,"y":0,"w":92,"h":105},
	"rotated": false,
	"trimmed": false,
	"spriteSourceSize": {"x":0,"y":0,"w":92,"h":105},
	"sourceSize": {"w":92,"h":105}
}
,{
	"filename": "Symbol 17 copy 16 instance 10001",
	"frame": {"x":92,"y":0,"w":92,"h":105},
	"rotated": false,
	"trimmed": false,
	"spriteSourceSize": {"x":0,"y":0,"w":92,"h":105},
	"sourceSize": {"w":92,"h":105}
}
,{
	"filename": "Symbol 17 copy 16 instance 10002",
	"frame": {"x":184,"y":0,"w":92,"h":105},
	"rotated": false,
	"trimmed": false,
	"spriteSourceSize": {"x":0,"y":0,"w":92,"h":105},
	"sourceSize": {"w":92,"h":105}
}
,{
	"filename": "Symbol 17 copy 16 instance 10003",
	"frame": {"x":276,"y":0,"w":92,"h":105},
	"rotated": false,
	"trimmed": false,
	"spriteSourceSize": {"x":0,"y":0,"w":92,"h":105},
	"sourceSize": {"w":92,"h":105}
}
,{
	"filename": "Symbol 17 copy 16 instance 10004",
	"frame": {"x":368,"y":0,"w":92,"h":105},
	"rotated": false,
	"trimmed": false,
	"spriteSourceSize": {"x":0,"y":0,"w":92,"h":105},
	"sourceSize": {"w":92,"h":105}
}
,{
	"filename": "Symbol 17 copy 16 instance 10005",
	"frame": {"x":460,"y":0,"w":92,"h":105},
	"rotated": false,
	"trimmed": false,
	"spriteSourceSize": {"x":0,"y":0,"w":92,"h":105},
	"sourceSize": {"w":92,"h":105}
}
,{
	"filename": "Symbol 17 copy 16 instance 10006",
	"frame": {"x":552,"y":0,"w":92,"h":105},
	"rotated": false,
	"trimmed": false,
	"spriteSourceSize": {"x":0,"y":0,"w":92,"h":105},
	"sourceSize": {"w":92,"h":105}
}
,{
	"filename": "Symbol 17 copy 16 instance 10007",
	"frame": {"x":644,"y":0,"w":92,"h":105},
	"rotated": false,
	"trimmed": false,
	"spriteSourceSize": {"x":0,"y":0,"w":92,"h":105},
	"sourceSize": {"w":92,"h":105}
}
,{
	"filename": "Symbol 17 copy 16 instance 10008",
	"frame": {"x":736,"y":0,"w":92,"h":105},
	"rotated": false,
	"trimmed": false,
	"spriteSourceSize": {"x":0,"y":0,"w":92,"h":105},
	"sourceSize": {"w":92,"h":105}
}
,{
	"filename": "Symbol 17 copy 16 instance 10009",
	"frame": {"x":828,"y":0,"w":92,"h":105},
	"rotated": false,
	"trimmed": false,
	"spriteSourceSize": {"x":0,"y":0,"w":92,"h":105},
	"sourceSize": {"w":92,"h":105}
}],
"meta": {
	"app": "Adobe Animate",
	"version": "18.0.0.107",
	"image": "1 to 0.png",
	"format": "RGB8",
	"size": {"w":924,"h":107},
	"scale": "1"
}
}
