﻿{"frames": [

{
	"filename": "Symbol 7 instance 10000",
	"frame": {"x":0,"y":0,"w":73,"h":100},
	"rotated": false,
	"trimmed": false,
	"spriteSourceSize": {"x":0,"y":0,"w":73,"h":100},
	"sourceSize": {"w":73,"h":100}
}
,{
	"filename": "Symbol 7 instance 10001",
	"frame": {"x":0,"y":100,"w":73,"h":100},
	"rotated": false,
	"trimmed": false,
	"spriteSourceSize": {"x":0,"y":0,"w":73,"h":100},
	"sourceSize": {"w":73,"h":100}
}],
"meta": {
	"app": "Adobe Animate",
	"version": "18.0.0.107",
	"image": "box 2.png",
	"format": "RGBA8888",
	"size": {"w":128,"h":256},
	"scale": "1"
}
}
