﻿{"frames": [

{
	"filename": "Symbol 7 copy instance 10000",
	"frame": {"x":0,"y":0,"w":107,"h":150},
	"rotated": false,
	"trimmed": false,
	"spriteSourceSize": {"x":0,"y":0,"w":107,"h":150},
	"sourceSize": {"w":107,"h":150}
}
,{
	"filename": "Symbol 7 copy instance 10001",
	"frame": {"x":107,"y":0,"w":107,"h":150},
	"rotated": false,
	"trimmed": false,
	"spriteSourceSize": {"x":0,"y":0,"w":107,"h":150},
	"sourceSize": {"w":107,"h":150}
}],
"meta": {
	"app": "Adobe Animate",
	"version": "18.0.0.107",
	"image": "box 3.png",
	"format": "RGBA8888",
	"size": {"w":256,"h":256},
	"scale": "1"
}
}
