﻿{"frames": [

{
	"filename": "Symbol 4 copy 2 instance 10000",
	"frame": {"x":0,"y":0,"w":152,"h":139},
	"rotated": false,
	"trimmed": false,
	"spriteSourceSize": {"x":0,"y":0,"w":152,"h":139},
	"sourceSize": {"w":152,"h":139}
}
,{
	"filename": "Symbol 4 copy 2 instance 10001",
	"frame": {"x":152,"y":0,"w":152,"h":139},
	"rotated": false,
	"trimmed": false,
	"spriteSourceSize": {"x":0,"y":0,"w":152,"h":139},
	"sourceSize": {"w":152,"h":139}
}
,{
	"filename": "Symbol 4 copy 2 instance 10002",
	"frame": {"x":304,"y":0,"w":152,"h":139},
	"rotated": false,
	"trimmed": false,
	"spriteSourceSize": {"x":0,"y":0,"w":152,"h":139},
	"sourceSize": {"w":152,"h":139}
}
,{
	"filename": "Symbol 4 copy 2 instance 10003",
	"frame": {"x":0,"y":139,"w":152,"h":139},
	"rotated": false,
	"trimmed": false,
	"spriteSourceSize": {"x":0,"y":0,"w":152,"h":139},
	"sourceSize": {"w":152,"h":139}
}
,{
	"filename": "Symbol 4 copy 2 instance 10004",
	"frame": {"x":152,"y":139,"w":152,"h":139},
	"rotated": false,
	"trimmed": false,
	"spriteSourceSize": {"x":0,"y":0,"w":152,"h":139},
	"sourceSize": {"w":152,"h":139}
}
,{
	"filename": "Symbol 4 copy 2 instance 10005",
	"frame": {"x":304,"y":139,"w":152,"h":139},
	"rotated": false,
	"trimmed": false,
	"spriteSourceSize": {"x":0,"y":0,"w":152,"h":139},
	"sourceSize": {"w":152,"h":139}
}
,{
	"filename": "Symbol 4 copy 2 instance 10006",
	"frame": {"x":0,"y":278,"w":152,"h":139},
	"rotated": false,
	"trimmed": false,
	"spriteSourceSize": {"x":0,"y":0,"w":152,"h":139},
	"sourceSize": {"w":152,"h":139}
}
,{
	"filename": "Symbol 4 copy 2 instance 10007",
	"frame": {"x":152,"y":278,"w":152,"h":139},
	"rotated": false,
	"trimmed": false,
	"spriteSourceSize": {"x":0,"y":0,"w":152,"h":139},
	"sourceSize": {"w":152,"h":139}
}
,{
	"filename": "Symbol 4 copy 2 instance 10008",
	"frame": {"x":304,"y":278,"w":152,"h":139},
	"rotated": false,
	"trimmed": false,
	"spriteSourceSize": {"x":0,"y":0,"w":152,"h":139},
	"sourceSize": {"w":152,"h":139}
}
,{
	"filename": "Symbol 4 copy 2 instance 10009",
	"frame": {"x":0,"y":417,"w":152,"h":139},
	"rotated": false,
	"trimmed": false,
	"spriteSourceSize": {"x":0,"y":0,"w":152,"h":139},
	"sourceSize": {"w":152,"h":139}
}
,{
	"filename": "Symbol 4 copy 2 instance 10010",
	"frame": {"x":152,"y":417,"w":152,"h":139},
	"rotated": false,
	"trimmed": false,
	"spriteSourceSize": {"x":0,"y":0,"w":152,"h":139},
	"sourceSize": {"w":152,"h":139}
}],
"meta": {
	"app": "Adobe Animate",
	"version": "18.0.0.107",
	"image": "n5.png",
	"format": "RGBA8888",
	"size": {"w":512,"h":1024},
	"scale": "1"
}
}
