{"frames": [

{
	"filename": "Symbol 8 instance 10000",
	"frame": {"x":0,"y":0,"w":47,"h":47},
	"rotated": false,
	"trimmed": false,
	"spriteSourceSize": {"x":0,"y":0,"w":47,"h":47},
	"sourceSize": {"w":47,"h":47}
}
,{
	"filename": "Symbol 8 instance 10001",
	"frame": {"x":47,"y":0,"w":47,"h":47},
	"rotated": false,
	"trimmed": false,
	"spriteSourceSize": {"x":0,"y":0,"w":47,"h":47},
	"sourceSize": {"w":47,"h":47}
}
,{
	"filename": "Symbol 8 instance 10002",
	"frame": {"x":0,"y":0,"w":47,"h":47},
	"rotated": false,
	"trimmed": false,
	"spriteSourceSize": {"x":0,"y":0,"w":47,"h":47},
	"sourceSize": {"w":47,"h":47}
}],
"meta": {
	"app": "Adobe Animate",
	"version": "15.1.0.210",
	"image": "Back btn.png",
	"format": "RGBA8888",
	"size": {"w":98,"h":48},
	"scale": "1"
}
}
