﻿{"frames": [

{
	"filename": "Symbol 2 instance 10000",
	"frame": {"x":0,"y":0,"w":47,"h":39},
	"rotated": false,
	"trimmed": false,
	"spriteSourceSize": {"x":0,"y":0,"w":47,"h":39},
	"sourceSize": {"w":47,"h":39}
}
,{
	"filename": "Symbol 2 instance 10001",
	"frame": {"x":47,"y":0,"w":47,"h":39},
	"rotated": false,
	"trimmed": false,
	"spriteSourceSize": {"x":0,"y":0,"w":47,"h":39},
	"sourceSize": {"w":47,"h":39}
}
,{
	"filename": "Symbol 2 instance 10002",
	"frame": {"x":94,"y":0,"w":47,"h":39},
	"rotated": false,
	"trimmed": false,
	"spriteSourceSize": {"x":0,"y":0,"w":47,"h":39},
	"sourceSize": {"w":47,"h":39}
}
,{
	"filename": "Symbol 2 instance 10003",
	"frame": {"x":141,"y":0,"w":47,"h":39},
	"rotated": false,
	"trimmed": false,
	"spriteSourceSize": {"x":0,"y":0,"w":47,"h":39},
	"sourceSize": {"w":47,"h":39}
}
,{
	"filename": "Symbol 2 instance 10004",
	"frame": {"x":188,"y":0,"w":47,"h":39},
	"rotated": false,
	"trimmed": false,
	"spriteSourceSize": {"x":0,"y":0,"w":47,"h":39},
	"sourceSize": {"w":47,"h":39}
}],
"meta": {
	"app": "Adobe Animate",
	"version": "20.0.1.19255",
	"image": "all briks.png",
	"format": "RGBA8888",
	"size": {"w":236,"h":40},
	"scale": "1"
}
}
