﻿{"frames": [

{
	"filename": "Symbol 2 instance 10000",
	"frame": {"x":0,"y":0,"w":255,"h":81},
	"rotated": false,
	"trimmed": false,
	"spriteSourceSize": {"x":0,"y":0,"w":255,"h":81},
	"sourceSize": {"w":255,"h":81}
}
,{
	"filename": "Symbol 2 instance 10001",
	"frame": {"x":255,"y":0,"w":255,"h":81},
	"rotated": false,
	"trimmed": false,
	"spriteSourceSize": {"x":0,"y":0,"w":255,"h":81},
	"sourceSize": {"w":255,"h":81}
}],
"meta": {
	"app": "Adobe Animate",
	"version": "22.0.0.93",
	"image": "text box_1.png",
	"format": "RGBA8888",
	"size": {"w":510,"h":81},
	"scale": "1"
}
}
