﻿{"frames": [

{
	"filename": "Symbol 5 instance 10000",
	"frame": {"x":0,"y":0,"w":111,"h":57},
	"rotated": false,
	"trimmed": false,
	"spriteSourceSize": {"x":0,"y":0,"w":111,"h":57},
	"sourceSize": {"w":111,"h":57}
}
,{
	"filename": "Symbol 5 instance 10001",
	"frame": {"x":111,"y":0,"w":111,"h":57},
	"rotated": false,
	"trimmed": false,
	"spriteSourceSize": {"x":0,"y":0,"w":111,"h":57},
	"sourceSize": {"w":111,"h":57}
}
,{
	"filename": "Symbol 5 instance 10002",
	"frame": {"x":222,"y":0,"w":111,"h":57},
	"rotated": false,
	"trimmed": false,
	"spriteSourceSize": {"x":0,"y":0,"w":111,"h":57},
	"sourceSize": {"w":111,"h":57}
}
,{
	"filename": "Symbol 5 instance 10003",
	"frame": {"x":333,"y":0,"w":111,"h":57},
	"rotated": false,
	"trimmed": false,
	"spriteSourceSize": {"x":0,"y":0,"w":111,"h":57},
	"sourceSize": {"w":111,"h":57}
}
,{
	"filename": "Symbol 5 instance 10004",
	"frame": {"x":0,"y":57,"w":111,"h":57},
	"rotated": false,
	"trimmed": false,
	"spriteSourceSize": {"x":0,"y":0,"w":111,"h":57},
	"sourceSize": {"w":111,"h":57}
}
,{
	"filename": "Symbol 5 instance 10005",
	"frame": {"x":111,"y":57,"w":111,"h":57},
	"rotated": false,
	"trimmed": false,
	"spriteSourceSize": {"x":0,"y":0,"w":111,"h":57},
	"sourceSize": {"w":111,"h":57}
}
,{
	"filename": "Symbol 5 instance 10006",
	"frame": {"x":222,"y":57,"w":111,"h":57},
	"rotated": false,
	"trimmed": false,
	"spriteSourceSize": {"x":0,"y":0,"w":111,"h":57},
	"sourceSize": {"w":111,"h":57}
}
,{
	"filename": "Symbol 5 instance 10007",
	"frame": {"x":333,"y":57,"w":111,"h":57},
	"rotated": false,
	"trimmed": false,
	"spriteSourceSize": {"x":0,"y":0,"w":111,"h":57},
	"sourceSize": {"w":111,"h":57}
}
,{
	"filename": "Symbol 5 instance 10008",
	"frame": {"x":0,"y":114,"w":111,"h":57},
	"rotated": false,
	"trimmed": false,
	"spriteSourceSize": {"x":0,"y":0,"w":111,"h":57},
	"sourceSize": {"w":111,"h":57}
}
,{
	"filename": "Symbol 5 instance 10009",
	"frame": {"x":111,"y":114,"w":111,"h":57},
	"rotated": false,
	"trimmed": false,
	"spriteSourceSize": {"x":0,"y":0,"w":111,"h":57},
	"sourceSize": {"w":111,"h":57}
}
,{
	"filename": "Symbol 5 instance 10010",
	"frame": {"x":222,"y":114,"w":111,"h":57},
	"rotated": false,
	"trimmed": false,
	"spriteSourceSize": {"x":0,"y":0,"w":111,"h":57},
	"sourceSize": {"w":111,"h":57}
}
,{
	"filename": "Symbol 5 instance 10011",
	"frame": {"x":333,"y":114,"w":111,"h":57},
	"rotated": false,
	"trimmed": false,
	"spriteSourceSize": {"x":0,"y":0,"w":111,"h":57},
	"sourceSize": {"w":111,"h":57}
}
,{
	"filename": "Symbol 5 instance 10012",
	"frame": {"x":0,"y":171,"w":111,"h":57},
	"rotated": false,
	"trimmed": false,
	"spriteSourceSize": {"x":0,"y":0,"w":111,"h":57},
	"sourceSize": {"w":111,"h":57}
}
,{
	"filename": "Symbol 5 instance 10013",
	"frame": {"x":111,"y":171,"w":111,"h":57},
	"rotated": false,
	"trimmed": false,
	"spriteSourceSize": {"x":0,"y":0,"w":111,"h":57},
	"sourceSize": {"w":111,"h":57}
}
,{
	"filename": "Symbol 5 instance 10014",
	"frame": {"x":222,"y":171,"w":111,"h":57},
	"rotated": false,
	"trimmed": false,
	"spriteSourceSize": {"x":0,"y":0,"w":111,"h":57},
	"sourceSize": {"w":111,"h":57}
}
,{
	"filename": "Symbol 5 instance 10015",
	"frame": {"x":333,"y":171,"w":111,"h":57},
	"rotated": false,
	"trimmed": false,
	"spriteSourceSize": {"x":0,"y":0,"w":111,"h":57},
	"sourceSize": {"w":111,"h":57}
}
,{
	"filename": "Symbol 5 instance 10016",
	"frame": {"x":0,"y":228,"w":111,"h":57},
	"rotated": false,
	"trimmed": false,
	"spriteSourceSize": {"x":0,"y":0,"w":111,"h":57},
	"sourceSize": {"w":111,"h":57}
}
,{
	"filename": "Symbol 5 instance 10017",
	"frame": {"x":111,"y":228,"w":111,"h":57},
	"rotated": false,
	"trimmed": false,
	"spriteSourceSize": {"x":0,"y":0,"w":111,"h":57},
	"sourceSize": {"w":111,"h":57}
}
,{
	"filename": "Symbol 5 instance 10018",
	"frame": {"x":222,"y":228,"w":111,"h":57},
	"rotated": false,
	"trimmed": false,
	"spriteSourceSize": {"x":0,"y":0,"w":111,"h":57},
	"sourceSize": {"w":111,"h":57}
}
,{
	"filename": "Symbol 5 instance 10019",
	"frame": {"x":333,"y":228,"w":111,"h":57},
	"rotated": false,
	"trimmed": false,
	"spriteSourceSize": {"x":0,"y":0,"w":111,"h":57},
	"sourceSize": {"w":111,"h":57}
}
,{
	"filename": "Symbol 5 instance 10020",
	"frame": {"x":0,"y":285,"w":111,"h":57},
	"rotated": false,
	"trimmed": false,
	"spriteSourceSize": {"x":0,"y":0,"w":111,"h":57},
	"sourceSize": {"w":111,"h":57}
}
,{
	"filename": "Symbol 5 instance 10021",
	"frame": {"x":111,"y":285,"w":111,"h":57},
	"rotated": false,
	"trimmed": false,
	"spriteSourceSize": {"x":0,"y":0,"w":111,"h":57},
	"sourceSize": {"w":111,"h":57}
}
,{
	"filename": "Symbol 5 instance 10022",
	"frame": {"x":222,"y":285,"w":111,"h":57},
	"rotated": false,
	"trimmed": false,
	"spriteSourceSize": {"x":0,"y":0,"w":111,"h":57},
	"sourceSize": {"w":111,"h":57}
}
,{
	"filename": "Symbol 5 instance 10023",
	"frame": {"x":333,"y":285,"w":111,"h":57},
	"rotated": false,
	"trimmed": false,
	"spriteSourceSize": {"x":0,"y":0,"w":111,"h":57},
	"sourceSize": {"w":111,"h":57}
}
,{
	"filename": "Symbol 5 instance 10024",
	"frame": {"x":0,"y":342,"w":111,"h":57},
	"rotated": false,
	"trimmed": false,
	"spriteSourceSize": {"x":0,"y":0,"w":111,"h":57},
	"sourceSize": {"w":111,"h":57}
}
,{
	"filename": "Symbol 5 instance 10025",
	"frame": {"x":111,"y":342,"w":111,"h":57},
	"rotated": false,
	"trimmed": false,
	"spriteSourceSize": {"x":0,"y":0,"w":111,"h":57},
	"sourceSize": {"w":111,"h":57}
}
,{
	"filename": "Symbol 5 instance 10026",
	"frame": {"x":222,"y":342,"w":111,"h":57},
	"rotated": false,
	"trimmed": false,
	"spriteSourceSize": {"x":0,"y":0,"w":111,"h":57},
	"sourceSize": {"w":111,"h":57}
}
,{
	"filename": "Symbol 5 instance 10027",
	"frame": {"x":333,"y":342,"w":111,"h":57},
	"rotated": false,
	"trimmed": false,
	"spriteSourceSize": {"x":0,"y":0,"w":111,"h":57},
	"sourceSize": {"w":111,"h":57}
}
,{
	"filename": "Symbol 5 instance 10028",
	"frame": {"x":0,"y":399,"w":111,"h":57},
	"rotated": false,
	"trimmed": false,
	"spriteSourceSize": {"x":0,"y":0,"w":111,"h":57},
	"sourceSize": {"w":111,"h":57}
}
,{
	"filename": "Symbol 5 instance 10029",
	"frame": {"x":111,"y":399,"w":111,"h":57},
	"rotated": false,
	"trimmed": false,
	"spriteSourceSize": {"x":0,"y":0,"w":111,"h":57},
	"sourceSize": {"w":111,"h":57}
}
,{
	"filename": "Symbol 5 instance 10030",
	"frame": {"x":222,"y":399,"w":111,"h":57},
	"rotated": false,
	"trimmed": false,
	"spriteSourceSize": {"x":0,"y":0,"w":111,"h":57},
	"sourceSize": {"w":111,"h":57}
}
,{
	"filename": "Symbol 5 instance 10031",
	"frame": {"x":333,"y":399,"w":111,"h":57},
	"rotated": false,
	"trimmed": false,
	"spriteSourceSize": {"x":0,"y":0,"w":111,"h":57},
	"sourceSize": {"w":111,"h":57}
}
,{
	"filename": "Symbol 5 instance 10032",
	"frame": {"x":0,"y":456,"w":111,"h":57},
	"rotated": false,
	"trimmed": false,
	"spriteSourceSize": {"x":0,"y":0,"w":111,"h":57},
	"sourceSize": {"w":111,"h":57}
}
,{
	"filename": "Symbol 5 instance 10033",
	"frame": {"x":111,"y":456,"w":111,"h":57},
	"rotated": false,
	"trimmed": false,
	"spriteSourceSize": {"x":0,"y":0,"w":111,"h":57},
	"sourceSize": {"w":111,"h":57}
}
,{
	"filename": "Symbol 5 instance 10034",
	"frame": {"x":222,"y":456,"w":111,"h":57},
	"rotated": false,
	"trimmed": false,
	"spriteSourceSize": {"x":0,"y":0,"w":111,"h":57},
	"sourceSize": {"w":111,"h":57}
}
,{
	"filename": "Symbol 5 instance 10035",
	"frame": {"x":333,"y":456,"w":111,"h":57},
	"rotated": false,
	"trimmed": false,
	"spriteSourceSize": {"x":0,"y":0,"w":111,"h":57},
	"sourceSize": {"w":111,"h":57}
}
,{
	"filename": "Symbol 5 instance 10036",
	"frame": {"x":0,"y":513,"w":111,"h":57},
	"rotated": false,
	"trimmed": false,
	"spriteSourceSize": {"x":0,"y":0,"w":111,"h":57},
	"sourceSize": {"w":111,"h":57}
}
,{
	"filename": "Symbol 5 instance 10037",
	"frame": {"x":111,"y":513,"w":111,"h":57},
	"rotated": false,
	"trimmed": false,
	"spriteSourceSize": {"x":0,"y":0,"w":111,"h":57},
	"sourceSize": {"w":111,"h":57}
}
,{
	"filename": "Symbol 5 instance 10038",
	"frame": {"x":222,"y":513,"w":111,"h":57},
	"rotated": false,
	"trimmed": false,
	"spriteSourceSize": {"x":0,"y":0,"w":111,"h":57},
	"sourceSize": {"w":111,"h":57}
}
,{
	"filename": "Symbol 5 instance 10039",
	"frame": {"x":333,"y":513,"w":111,"h":57},
	"rotated": false,
	"trimmed": false,
	"spriteSourceSize": {"x":0,"y":0,"w":111,"h":57},
	"sourceSize": {"w":111,"h":57}
}
,{
	"filename": "Symbol 5 instance 10040",
	"frame": {"x":0,"y":570,"w":111,"h":57},
	"rotated": false,
	"trimmed": false,
	"spriteSourceSize": {"x":0,"y":0,"w":111,"h":57},
	"sourceSize": {"w":111,"h":57}
}
,{
	"filename": "Symbol 5 instance 10041",
	"frame": {"x":111,"y":570,"w":111,"h":57},
	"rotated": false,
	"trimmed": false,
	"spriteSourceSize": {"x":0,"y":0,"w":111,"h":57},
	"sourceSize": {"w":111,"h":57}
}
,{
	"filename": "Symbol 5 instance 10042",
	"frame": {"x":222,"y":570,"w":111,"h":57},
	"rotated": false,
	"trimmed": false,
	"spriteSourceSize": {"x":0,"y":0,"w":111,"h":57},
	"sourceSize": {"w":111,"h":57}
}],
"meta": {
	"app": "Adobe Animate",
	"version": "18.0.0.107",
	"image": "a1.png",
	"format": "RGBA8888",
	"size": {"w":512,"h":1024},
	"scale": "1"
}
}
