﻿{"frames": [

{
	"filename": "Symbol 3 copy 3 instance 10000",
	"frame": {"x":0,"y":0,"w":90,"h":98},
	"rotated": false,
	"trimmed": false,
	"spriteSourceSize": {"x":0,"y":0,"w":90,"h":98},
	"sourceSize": {"w":90,"h":98}
}
,{
	"filename": "Symbol 3 copy 3 instance 10001",
	"frame": {"x":90,"y":0,"w":90,"h":98},
	"rotated": false,
	"trimmed": false,
	"spriteSourceSize": {"x":0,"y":0,"w":90,"h":98},
	"sourceSize": {"w":90,"h":98}
}
,{
	"filename": "Symbol 3 copy 3 instance 10002",
	"frame": {"x":180,"y":0,"w":90,"h":98},
	"rotated": false,
	"trimmed": false,
	"spriteSourceSize": {"x":0,"y":0,"w":90,"h":98},
	"sourceSize": {"w":90,"h":98}
}
,{
	"filename": "Symbol 3 copy 3 instance 10003",
	"frame": {"x":270,"y":0,"w":90,"h":98},
	"rotated": false,
	"trimmed": false,
	"spriteSourceSize": {"x":0,"y":0,"w":90,"h":98},
	"sourceSize": {"w":90,"h":98}
}
,{
	"filename": "Symbol 3 copy 3 instance 10004",
	"frame": {"x":360,"y":0,"w":90,"h":98},
	"rotated": false,
	"trimmed": false,
	"spriteSourceSize": {"x":0,"y":0,"w":90,"h":98},
	"sourceSize": {"w":90,"h":98}
}
,{
	"filename": "Symbol 3 copy 3 instance 10005",
	"frame": {"x":450,"y":0,"w":90,"h":98},
	"rotated": false,
	"trimmed": false,
	"spriteSourceSize": {"x":0,"y":0,"w":90,"h":98},
	"sourceSize": {"w":90,"h":98}
}
,{
	"filename": "Symbol 3 copy 3 instance 10006",
	"frame": {"x":540,"y":0,"w":90,"h":98},
	"rotated": false,
	"trimmed": false,
	"spriteSourceSize": {"x":0,"y":0,"w":90,"h":98},
	"sourceSize": {"w":90,"h":98}
}
,{
	"filename": "Symbol 3 copy 3 instance 10007",
	"frame": {"x":630,"y":0,"w":90,"h":98},
	"rotated": false,
	"trimmed": false,
	"spriteSourceSize": {"x":0,"y":0,"w":90,"h":98},
	"sourceSize": {"w":90,"h":98}
}
,{
	"filename": "Symbol 3 copy 3 instance 10008",
	"frame": {"x":720,"y":0,"w":90,"h":98},
	"rotated": false,
	"trimmed": false,
	"spriteSourceSize": {"x":0,"y":0,"w":90,"h":98},
	"sourceSize": {"w":90,"h":98}
}
,{
	"filename": "Symbol 3 copy 3 instance 10009",
	"frame": {"x":810,"y":0,"w":90,"h":98},
	"rotated": false,
	"trimmed": false,
	"spriteSourceSize": {"x":0,"y":0,"w":90,"h":98},
	"sourceSize": {"w":90,"h":98}
}],
"meta": {
	"app": "Adobe Animate",
	"version": "18.0.0.107",
	"image": "calculator number.png",
	"format": "RGB8",
	"size": {"w":900,"h":99},
	"scale": "1"
}
}
