﻿{"frames": [

{
	"filename": "Symbol 12 instance 10000",
	"frame": {"x":0,"y":0,"w":60,"h":135},
	"rotated": false,
	"trimmed": false,
	"spriteSourceSize": {"x":0,"y":0,"w":60,"h":135},
	"sourceSize": {"w":60,"h":135}
}
,{
	"filename": "Symbol 12 instance 10001",
	"frame": {"x":60,"y":0,"w":60,"h":135},
	"rotated": false,
	"trimmed": false,
	"spriteSourceSize": {"x":0,"y":0,"w":60,"h":135},
	"sourceSize": {"w":60,"h":135}
}
,{
	"filename": "Symbol 12 instance 10002",
	"frame": {"x":120,"y":0,"w":60,"h":135},
	"rotated": false,
	"trimmed": false,
	"spriteSourceSize": {"x":0,"y":0,"w":60,"h":135},
	"sourceSize": {"w":60,"h":135}
}
,{
	"filename": "Symbol 12 instance 10003",
	"frame": {"x":180,"y":0,"w":60,"h":135},
	"rotated": false,
	"trimmed": false,
	"spriteSourceSize": {"x":0,"y":0,"w":60,"h":135},
	"sourceSize": {"w":60,"h":135}
}
,{
	"filename": "Symbol 12 instance 10004",
	"frame": {"x":240,"y":0,"w":60,"h":135},
	"rotated": false,
	"trimmed": false,
	"spriteSourceSize": {"x":0,"y":0,"w":60,"h":135},
	"sourceSize": {"w":60,"h":135}
}
,{
	"filename": "Symbol 12 instance 10005",
	"frame": {"x":300,"y":0,"w":60,"h":135},
	"rotated": false,
	"trimmed": false,
	"spriteSourceSize": {"x":0,"y":0,"w":60,"h":135},
	"sourceSize": {"w":60,"h":135}
}
,{
	"filename": "Symbol 12 instance 10006",
	"frame": {"x":360,"y":0,"w":60,"h":135},
	"rotated": false,
	"trimmed": false,
	"spriteSourceSize": {"x":0,"y":0,"w":60,"h":135},
	"sourceSize": {"w":60,"h":135}
}
,{
	"filename": "Symbol 12 instance 10007",
	"frame": {"x":420,"y":0,"w":60,"h":135},
	"rotated": false,
	"trimmed": false,
	"spriteSourceSize": {"x":0,"y":0,"w":60,"h":135},
	"sourceSize": {"w":60,"h":135}
}
,{
	"filename": "Symbol 12 instance 10008",
	"frame": {"x":480,"y":0,"w":60,"h":135},
	"rotated": false,
	"trimmed": false,
	"spriteSourceSize": {"x":0,"y":0,"w":60,"h":135},
	"sourceSize": {"w":60,"h":135}
}
,{
	"filename": "Symbol 12 instance 10009",
	"frame": {"x":540,"y":0,"w":60,"h":135},
	"rotated": false,
	"trimmed": false,
	"spriteSourceSize": {"x":0,"y":0,"w":60,"h":135},
	"sourceSize": {"w":60,"h":135}
}
,{
	"filename": "Symbol 12 instance 10010",
	"frame": {"x":600,"y":0,"w":60,"h":135},
	"rotated": false,
	"trimmed": false,
	"spriteSourceSize": {"x":0,"y":0,"w":60,"h":135},
	"sourceSize": {"w":60,"h":135}
}
,{
	"filename": "Symbol 12 instance 10011",
	"frame": {"x":660,"y":0,"w":60,"h":135},
	"rotated": false,
	"trimmed": false,
	"spriteSourceSize": {"x":0,"y":0,"w":60,"h":135},
	"sourceSize": {"w":60,"h":135}
}
,{
	"filename": "Symbol 12 instance 10012",
	"frame": {"x":720,"y":0,"w":60,"h":135},
	"rotated": false,
	"trimmed": false,
	"spriteSourceSize": {"x":0,"y":0,"w":60,"h":135},
	"sourceSize": {"w":60,"h":135}
}
,{
	"filename": "Symbol 12 instance 10013",
	"frame": {"x":780,"y":0,"w":60,"h":135},
	"rotated": false,
	"trimmed": false,
	"spriteSourceSize": {"x":0,"y":0,"w":60,"h":135},
	"sourceSize": {"w":60,"h":135}
}
,{
	"filename": "Symbol 12 instance 10014",
	"frame": {"x":840,"y":0,"w":60,"h":135},
	"rotated": false,
	"trimmed": false,
	"spriteSourceSize": {"x":0,"y":0,"w":60,"h":135},
	"sourceSize": {"w":60,"h":135}
}
,{
	"filename": "Symbol 12 instance 10015",
	"frame": {"x":900,"y":0,"w":60,"h":135},
	"rotated": false,
	"trimmed": false,
	"spriteSourceSize": {"x":0,"y":0,"w":60,"h":135},
	"sourceSize": {"w":60,"h":135}
}
,{
	"filename": "Symbol 12 instance 10016",
	"frame": {"x":960,"y":0,"w":60,"h":135},
	"rotated": false,
	"trimmed": false,
	"spriteSourceSize": {"x":0,"y":0,"w":60,"h":135},
	"sourceSize": {"w":60,"h":135}
}
,{
	"filename": "Symbol 12 instance 10017",
	"frame": {"x":1020,"y":0,"w":60,"h":135},
	"rotated": false,
	"trimmed": false,
	"spriteSourceSize": {"x":0,"y":0,"w":60,"h":135},
	"sourceSize": {"w":60,"h":135}
}
,{
	"filename": "Symbol 12 instance 10018",
	"frame": {"x":1080,"y":0,"w":60,"h":135},
	"rotated": false,
	"trimmed": false,
	"spriteSourceSize": {"x":0,"y":0,"w":60,"h":135},
	"sourceSize": {"w":60,"h":135}
}
,{
	"filename": "Symbol 12 instance 10019",
	"frame": {"x":1140,"y":0,"w":60,"h":135},
	"rotated": false,
	"trimmed": false,
	"spriteSourceSize": {"x":0,"y":0,"w":60,"h":135},
	"sourceSize": {"w":60,"h":135}
}
,{
	"filename": "Symbol 12 instance 10020",
	"frame": {"x":1200,"y":0,"w":60,"h":135},
	"rotated": false,
	"trimmed": false,
	"spriteSourceSize": {"x":0,"y":0,"w":60,"h":135},
	"sourceSize": {"w":60,"h":135}
}
,{
	"filename": "Symbol 12 instance 10021",
	"frame": {"x":1260,"y":0,"w":60,"h":135},
	"rotated": false,
	"trimmed": false,
	"spriteSourceSize": {"x":0,"y":0,"w":60,"h":135},
	"sourceSize": {"w":60,"h":135}
}
,{
	"filename": "Symbol 12 instance 10022",
	"frame": {"x":1320,"y":0,"w":60,"h":135},
	"rotated": false,
	"trimmed": false,
	"spriteSourceSize": {"x":0,"y":0,"w":60,"h":135},
	"sourceSize": {"w":60,"h":135}
}
,{
	"filename": "Symbol 12 instance 10023",
	"frame": {"x":1380,"y":0,"w":60,"h":135},
	"rotated": false,
	"trimmed": false,
	"spriteSourceSize": {"x":0,"y":0,"w":60,"h":135},
	"sourceSize": {"w":60,"h":135}
}
,{
	"filename": "Symbol 12 instance 10024",
	"frame": {"x":0,"y":135,"w":60,"h":135},
	"rotated": false,
	"trimmed": false,
	"spriteSourceSize": {"x":0,"y":0,"w":60,"h":135},
	"sourceSize": {"w":60,"h":135}
}
,{
	"filename": "Symbol 12 instance 10025",
	"frame": {"x":60,"y":135,"w":60,"h":135},
	"rotated": false,
	"trimmed": false,
	"spriteSourceSize": {"x":0,"y":0,"w":60,"h":135},
	"sourceSize": {"w":60,"h":135}
}
,{
	"filename": "Symbol 12 instance 10026",
	"frame": {"x":120,"y":135,"w":60,"h":135},
	"rotated": false,
	"trimmed": false,
	"spriteSourceSize": {"x":0,"y":0,"w":60,"h":135},
	"sourceSize": {"w":60,"h":135}
}
,{
	"filename": "Symbol 12 instance 10027",
	"frame": {"x":180,"y":135,"w":60,"h":135},
	"rotated": false,
	"trimmed": false,
	"spriteSourceSize": {"x":0,"y":0,"w":60,"h":135},
	"sourceSize": {"w":60,"h":135}
}
,{
	"filename": "Symbol 12 instance 10028",
	"frame": {"x":240,"y":135,"w":60,"h":135},
	"rotated": false,
	"trimmed": false,
	"spriteSourceSize": {"x":0,"y":0,"w":60,"h":135},
	"sourceSize": {"w":60,"h":135}
}
,{
	"filename": "Symbol 12 instance 10029",
	"frame": {"x":300,"y":135,"w":60,"h":135},
	"rotated": false,
	"trimmed": false,
	"spriteSourceSize": {"x":0,"y":0,"w":60,"h":135},
	"sourceSize": {"w":60,"h":135}
}
,{
	"filename": "Symbol 12 instance 10030",
	"frame": {"x":360,"y":135,"w":60,"h":135},
	"rotated": false,
	"trimmed": false,
	"spriteSourceSize": {"x":0,"y":0,"w":60,"h":135},
	"sourceSize": {"w":60,"h":135}
}
,{
	"filename": "Symbol 12 instance 10031",
	"frame": {"x":420,"y":135,"w":60,"h":135},
	"rotated": false,
	"trimmed": false,
	"spriteSourceSize": {"x":0,"y":0,"w":60,"h":135},
	"sourceSize": {"w":60,"h":135}
}
,{
	"filename": "Symbol 12 instance 10032",
	"frame": {"x":480,"y":135,"w":60,"h":135},
	"rotated": false,
	"trimmed": false,
	"spriteSourceSize": {"x":0,"y":0,"w":60,"h":135},
	"sourceSize": {"w":60,"h":135}
}
,{
	"filename": "Symbol 12 instance 10033",
	"frame": {"x":540,"y":135,"w":60,"h":135},
	"rotated": false,
	"trimmed": false,
	"spriteSourceSize": {"x":0,"y":0,"w":60,"h":135},
	"sourceSize": {"w":60,"h":135}
}
,{
	"filename": "Symbol 12 instance 10034",
	"frame": {"x":600,"y":135,"w":60,"h":135},
	"rotated": false,
	"trimmed": false,
	"spriteSourceSize": {"x":0,"y":0,"w":60,"h":135},
	"sourceSize": {"w":60,"h":135}
}
,{
	"filename": "Symbol 12 instance 10035",
	"frame": {"x":660,"y":135,"w":60,"h":135},
	"rotated": false,
	"trimmed": false,
	"spriteSourceSize": {"x":0,"y":0,"w":60,"h":135},
	"sourceSize": {"w":60,"h":135}
}
,{
	"filename": "Symbol 12 instance 10036",
	"frame": {"x":720,"y":135,"w":60,"h":135},
	"rotated": false,
	"trimmed": false,
	"spriteSourceSize": {"x":0,"y":0,"w":60,"h":135},
	"sourceSize": {"w":60,"h":135}
}
,{
	"filename": "Symbol 12 instance 10037",
	"frame": {"x":780,"y":135,"w":60,"h":135},
	"rotated": false,
	"trimmed": false,
	"spriteSourceSize": {"x":0,"y":0,"w":60,"h":135},
	"sourceSize": {"w":60,"h":135}
}
,{
	"filename": "Symbol 12 instance 10038",
	"frame": {"x":840,"y":135,"w":60,"h":135},
	"rotated": false,
	"trimmed": false,
	"spriteSourceSize": {"x":0,"y":0,"w":60,"h":135},
	"sourceSize": {"w":60,"h":135}
}
,{
	"filename": "Symbol 12 instance 10039",
	"frame": {"x":900,"y":135,"w":60,"h":135},
	"rotated": false,
	"trimmed": false,
	"spriteSourceSize": {"x":0,"y":0,"w":60,"h":135},
	"sourceSize": {"w":60,"h":135}
}],
"meta": {
	"app": "Adobe Animate",
	"version": "20.0.1.19255",
	"image": "Bubble anim.png",
	"format": "RGBA8888",
	"size": {"w":1458,"h":275},
	"scale": "1"
}
}
