﻿{"frames": [

{
	"filename": "Symbol 5 instance 10000",
	"frame": {"x":0,"y":0,"w":96,"h":122},
	"rotated": false,
	"trimmed": false,
	"spriteSourceSize": {"x":0,"y":0,"w":96,"h":122},
	"sourceSize": {"w":96,"h":122}
}
,{
	"filename": "Symbol 5 instance 10001",
	"frame": {"x":96,"y":0,"w":96,"h":122},
	"rotated": false,
	"trimmed": false,
	"spriteSourceSize": {"x":0,"y":0,"w":96,"h":122},
	"sourceSize": {"w":96,"h":122}
}
,{
	"filename": "Symbol 5 instance 10002",
	"frame": {"x":192,"y":0,"w":96,"h":122},
	"rotated": false,
	"trimmed": false,
	"spriteSourceSize": {"x":0,"y":0,"w":96,"h":122},
	"sourceSize": {"w":96,"h":122}
}
,{
	"filename": "Symbol 5 instance 10003",
	"frame": {"x":288,"y":0,"w":96,"h":122},
	"rotated": false,
	"trimmed": false,
	"spriteSourceSize": {"x":0,"y":0,"w":96,"h":122},
	"sourceSize": {"w":96,"h":122}
}
,{
	"filename": "Symbol 5 instance 10004",
	"frame": {"x":384,"y":0,"w":96,"h":122},
	"rotated": false,
	"trimmed": false,
	"spriteSourceSize": {"x":0,"y":0,"w":96,"h":122},
	"sourceSize": {"w":96,"h":122}
}
,{
	"filename": "Symbol 5 instance 10005",
	"frame": {"x":480,"y":0,"w":96,"h":122},
	"rotated": false,
	"trimmed": false,
	"spriteSourceSize": {"x":0,"y":0,"w":96,"h":122},
	"sourceSize": {"w":96,"h":122}
}
,{
	"filename": "Symbol 5 instance 10006",
	"frame": {"x":576,"y":0,"w":96,"h":122},
	"rotated": false,
	"trimmed": false,
	"spriteSourceSize": {"x":0,"y":0,"w":96,"h":122},
	"sourceSize": {"w":96,"h":122}
}],
"meta": {
	"app": "Adobe Animate",
	"version": "20.0.1.19255",
	"image": "Blue Kingfisher fly.png",
	"format": "RGBA8888",
	"size": {"w":685,"h":131},
	"scale": "1"
}
}
