﻿{"frames": [

{
	"filename": "Symbol 2 instance 10000",
	"frame": {"x":0,"y":0,"w":53,"h":429},
	"rotated": false,
	"trimmed": false,
	"spriteSourceSize": {"x":0,"y":0,"w":53,"h":429},
	"sourceSize": {"w":53,"h":429}
}
,{
	"filename": "Symbol 2 instance 10001",
	"frame": {"x":53,"y":0,"w":53,"h":429},
	"rotated": false,
	"trimmed": false,
	"spriteSourceSize": {"x":0,"y":0,"w":53,"h":429},
	"sourceSize": {"w":53,"h":429}
}
,{
	"filename": "Symbol 2 instance 10002",
	"frame": {"x":106,"y":0,"w":53,"h":429},
	"rotated": false,
	"trimmed": false,
	"spriteSourceSize": {"x":0,"y":0,"w":53,"h":429},
	"sourceSize": {"w":53,"h":429}
}
,{
	"filename": "Symbol 2 instance 10003",
	"frame": {"x":159,"y":0,"w":53,"h":429},
	"rotated": false,
	"trimmed": false,
	"spriteSourceSize": {"x":0,"y":0,"w":53,"h":429},
	"sourceSize": {"w":53,"h":429}
}
,{
	"filename": "Symbol 2 instance 10004",
	"frame": {"x":212,"y":0,"w":53,"h":429},
	"rotated": false,
	"trimmed": false,
	"spriteSourceSize": {"x":0,"y":0,"w":53,"h":429},
	"sourceSize": {"w":53,"h":429}
}
,{
	"filename": "Symbol 2 instance 10005",
	"frame": {"x":265,"y":0,"w":53,"h":429},
	"rotated": false,
	"trimmed": false,
	"spriteSourceSize": {"x":0,"y":0,"w":53,"h":429},
	"sourceSize": {"w":53,"h":429}
}
,{
	"filename": "Symbol 2 instance 10006",
	"frame": {"x":318,"y":0,"w":53,"h":429},
	"rotated": false,
	"trimmed": false,
	"spriteSourceSize": {"x":0,"y":0,"w":53,"h":429},
	"sourceSize": {"w":53,"h":429}
}
,{
	"filename": "Symbol 2 instance 10007",
	"frame": {"x":371,"y":0,"w":53,"h":429},
	"rotated": false,
	"trimmed": false,
	"spriteSourceSize": {"x":0,"y":0,"w":53,"h":429},
	"sourceSize": {"w":53,"h":429}
}
,{
	"filename": "Symbol 2 instance 10008",
	"frame": {"x":424,"y":0,"w":53,"h":429},
	"rotated": false,
	"trimmed": false,
	"spriteSourceSize": {"x":0,"y":0,"w":53,"h":429},
	"sourceSize": {"w":53,"h":429}
}
,{
	"filename": "Symbol 2 instance 10009",
	"frame": {"x":477,"y":0,"w":53,"h":429},
	"rotated": false,
	"trimmed": false,
	"spriteSourceSize": {"x":0,"y":0,"w":53,"h":429},
	"sourceSize": {"w":53,"h":429}
}
,{
	"filename": "Symbol 2 instance 10010",
	"frame": {"x":530,"y":0,"w":53,"h":429},
	"rotated": false,
	"trimmed": false,
	"spriteSourceSize": {"x":0,"y":0,"w":53,"h":429},
	"sourceSize": {"w":53,"h":429}
}
,{
	"filename": "Symbol 2 instance 10011",
	"frame": {"x":583,"y":0,"w":53,"h":429},
	"rotated": false,
	"trimmed": false,
	"spriteSourceSize": {"x":0,"y":0,"w":53,"h":429},
	"sourceSize": {"w":53,"h":429}
}],
"meta": {
	"app": "Adobe Animate",
	"version": "20.0.1.19255",
	"image": "Scale anim.png",
	"format": "RGBA8888",
	"size": {"w":641,"h":430},
	"scale": "1"
}
}
