﻿{"frames": [

{
	"filename": "Symbol 21 copy 3 instance 10000",
	"frame": {"x":0,"y":0,"w":30,"h":38},
	"rotated": false,
	"trimmed": false,
	"spriteSourceSize": {"x":0,"y":0,"w":30,"h":38},
	"sourceSize": {"w":30,"h":38}
}
,{
	"filename": "Symbol 21 copy 3 instance 10001",
	"frame": {"x":30,"y":0,"w":30,"h":38},
	"rotated": false,
	"trimmed": false,
	"spriteSourceSize": {"x":0,"y":0,"w":30,"h":38},
	"sourceSize": {"w":30,"h":38}
}
,{
	"filename": "Symbol 21 copy 3 instance 10002",
	"frame": {"x":60,"y":0,"w":30,"h":38},
	"rotated": false,
	"trimmed": false,
	"spriteSourceSize": {"x":0,"y":0,"w":30,"h":38},
	"sourceSize": {"w":30,"h":38}
}
,{
	"filename": "Symbol 21 copy 3 instance 10003",
	"frame": {"x":90,"y":0,"w":30,"h":38},
	"rotated": false,
	"trimmed": false,
	"spriteSourceSize": {"x":0,"y":0,"w":30,"h":38},
	"sourceSize": {"w":30,"h":38}
}
,{
	"filename": "Symbol 21 copy 3 instance 10004",
	"frame": {"x":120,"y":0,"w":30,"h":38},
	"rotated": false,
	"trimmed": false,
	"spriteSourceSize": {"x":0,"y":0,"w":30,"h":38},
	"sourceSize": {"w":30,"h":38}
}
,{
	"filename": "Symbol 21 copy 3 instance 10005",
	"frame": {"x":150,"y":0,"w":30,"h":38},
	"rotated": false,
	"trimmed": false,
	"spriteSourceSize": {"x":0,"y":0,"w":30,"h":38},
	"sourceSize": {"w":30,"h":38}
}
,{
	"filename": "Symbol 21 copy 3 instance 10006",
	"frame": {"x":180,"y":0,"w":30,"h":38},
	"rotated": false,
	"trimmed": false,
	"spriteSourceSize": {"x":0,"y":0,"w":30,"h":38},
	"sourceSize": {"w":30,"h":38}
}
,{
	"filename": "Symbol 21 copy 3 instance 10007",
	"frame": {"x":210,"y":0,"w":30,"h":38},
	"rotated": false,
	"trimmed": false,
	"spriteSourceSize": {"x":0,"y":0,"w":30,"h":38},
	"sourceSize": {"w":30,"h":38}
}
,{
	"filename": "Symbol 21 copy 3 instance 10008",
	"frame": {"x":240,"y":0,"w":30,"h":38},
	"rotated": false,
	"trimmed": false,
	"spriteSourceSize": {"x":0,"y":0,"w":30,"h":38},
	"sourceSize": {"w":30,"h":38}
}
,{
	"filename": "Symbol 21 copy 3 instance 10009",
	"frame": {"x":270,"y":0,"w":30,"h":38},
	"rotated": false,
	"trimmed": false,
	"spriteSourceSize": {"x":0,"y":0,"w":30,"h":38},
	"sourceSize": {"w":30,"h":38}
}
,{
	"filename": "Symbol 21 copy 3 instance 10010",
	"frame": {"x":300,"y":0,"w":30,"h":38},
	"rotated": false,
	"trimmed": false,
	"spriteSourceSize": {"x":0,"y":0,"w":30,"h":38},
	"sourceSize": {"w":30,"h":38}
}
,{
	"filename": "Symbol 21 copy 3 instance 10011",
	"frame": {"x":330,"y":0,"w":30,"h":38},
	"rotated": false,
	"trimmed": false,
	"spriteSourceSize": {"x":0,"y":0,"w":30,"h":38},
	"sourceSize": {"w":30,"h":38}
}
,{
	"filename": "Symbol 21 copy 3 instance 10012",
	"frame": {"x":360,"y":0,"w":30,"h":38},
	"rotated": false,
	"trimmed": false,
	"spriteSourceSize": {"x":0,"y":0,"w":30,"h":38},
	"sourceSize": {"w":30,"h":38}
}
,{
	"filename": "Symbol 21 copy 3 instance 10013",
	"frame": {"x":390,"y":0,"w":30,"h":38},
	"rotated": false,
	"trimmed": false,
	"spriteSourceSize": {"x":0,"y":0,"w":30,"h":38},
	"sourceSize": {"w":30,"h":38}
}
,{
	"filename": "Symbol 21 copy 3 instance 10014",
	"frame": {"x":420,"y":0,"w":30,"h":38},
	"rotated": false,
	"trimmed": false,
	"spriteSourceSize": {"x":0,"y":0,"w":30,"h":38},
	"sourceSize": {"w":30,"h":38}
}
,{
	"filename": "Symbol 21 copy 3 instance 10015",
	"frame": {"x":450,"y":0,"w":30,"h":38},
	"rotated": false,
	"trimmed": false,
	"spriteSourceSize": {"x":0,"y":0,"w":30,"h":38},
	"sourceSize": {"w":30,"h":38}
}
,{
	"filename": "Symbol 21 copy 3 instance 10016",
	"frame": {"x":480,"y":0,"w":30,"h":38},
	"rotated": false,
	"trimmed": false,
	"spriteSourceSize": {"x":0,"y":0,"w":30,"h":38},
	"sourceSize": {"w":30,"h":38}
}
,{
	"filename": "Symbol 21 copy 3 instance 10017",
	"frame": {"x":510,"y":0,"w":30,"h":38},
	"rotated": false,
	"trimmed": false,
	"spriteSourceSize": {"x":0,"y":0,"w":30,"h":38},
	"sourceSize": {"w":30,"h":38}
}
,{
	"filename": "Symbol 21 copy 3 instance 10018",
	"frame": {"x":540,"y":0,"w":30,"h":38},
	"rotated": false,
	"trimmed": false,
	"spriteSourceSize": {"x":0,"y":0,"w":30,"h":38},
	"sourceSize": {"w":30,"h":38}
}],
"meta": {
	"app": "Adobe Animate",
	"version": "20.0.1.19255",
	"image": "apple anm +.png",
	"format": "RGBA8888",
	"size": {"w":577,"h":43},
	"scale": "1"
}
}
