﻿{"frames": [

{
	"filename": "Symbol 21 copy instance 10000",
	"frame": {"x":0,"y":0,"w":31,"h":31},
	"rotated": false,
	"trimmed": false,
	"spriteSourceSize": {"x":0,"y":0,"w":31,"h":31},
	"sourceSize": {"w":31,"h":31}
}
,{
	"filename": "Symbol 21 copy instance 10001",
	"frame": {"x":31,"y":0,"w":31,"h":31},
	"rotated": false,
	"trimmed": false,
	"spriteSourceSize": {"x":0,"y":0,"w":31,"h":31},
	"sourceSize": {"w":31,"h":31}
}
,{
	"filename": "Symbol 21 copy instance 10002",
	"frame": {"x":62,"y":0,"w":31,"h":31},
	"rotated": false,
	"trimmed": false,
	"spriteSourceSize": {"x":0,"y":0,"w":31,"h":31},
	"sourceSize": {"w":31,"h":31}
}],
"meta": {
	"app": "Adobe Animate",
	"version": "20.0.1.19255",
	"image": "apple anm 1.png",
	"format": "RGBA8888",
	"size": {"w":96,"h":37},
	"scale": "1"
}
}
