﻿{"frames": [

{
	"filename": "Symbol 36 instance 10000",
	"frame": {"x":0,"y":0,"w":39,"h":126},
	"rotated": false,
	"trimmed": false,
	"spriteSourceSize": {"x":0,"y":0,"w":39,"h":126},
	"sourceSize": {"w":39,"h":126}
}
,{
	"filename": "Symbol 36 instance 10001",
	"frame": {"x":39,"y":0,"w":39,"h":126},
	"rotated": false,
	"trimmed": false,
	"spriteSourceSize": {"x":0,"y":0,"w":39,"h":126},
	"sourceSize": {"w":39,"h":126}
}
,{
	"filename": "Symbol 36 instance 10002",
	"frame": {"x":78,"y":0,"w":39,"h":126},
	"rotated": false,
	"trimmed": false,
	"spriteSourceSize": {"x":0,"y":0,"w":39,"h":126},
	"sourceSize": {"w":39,"h":126}
}
,{
	"filename": "Symbol 36 instance 10003",
	"frame": {"x":117,"y":0,"w":39,"h":126},
	"rotated": false,
	"trimmed": false,
	"spriteSourceSize": {"x":0,"y":0,"w":39,"h":126},
	"sourceSize": {"w":39,"h":126}
}
,{
	"filename": "Symbol 36 instance 10004",
	"frame": {"x":156,"y":0,"w":39,"h":126},
	"rotated": false,
	"trimmed": false,
	"spriteSourceSize": {"x":0,"y":0,"w":39,"h":126},
	"sourceSize": {"w":39,"h":126}
}
,{
	"filename": "Symbol 36 instance 10005",
	"frame": {"x":195,"y":0,"w":39,"h":126},
	"rotated": false,
	"trimmed": false,
	"spriteSourceSize": {"x":0,"y":0,"w":39,"h":126},
	"sourceSize": {"w":39,"h":126}
}
,{
	"filename": "Symbol 36 instance 10006",
	"frame": {"x":234,"y":0,"w":39,"h":126},
	"rotated": false,
	"trimmed": false,
	"spriteSourceSize": {"x":0,"y":0,"w":39,"h":126},
	"sourceSize": {"w":39,"h":126}
}
,{
	"filename": "Symbol 36 instance 10007",
	"frame": {"x":273,"y":0,"w":39,"h":126},
	"rotated": false,
	"trimmed": false,
	"spriteSourceSize": {"x":0,"y":0,"w":39,"h":126},
	"sourceSize": {"w":39,"h":126}
}
,{
	"filename": "Symbol 36 instance 10008",
	"frame": {"x":312,"y":0,"w":39,"h":126},
	"rotated": false,
	"trimmed": false,
	"spriteSourceSize": {"x":0,"y":0,"w":39,"h":126},
	"sourceSize": {"w":39,"h":126}
}
,{
	"filename": "Symbol 36 instance 10009",
	"frame": {"x":351,"y":0,"w":39,"h":126},
	"rotated": false,
	"trimmed": false,
	"spriteSourceSize": {"x":0,"y":0,"w":39,"h":126},
	"sourceSize": {"w":39,"h":126}
}
,{
	"filename": "Symbol 36 instance 10010",
	"frame": {"x":390,"y":0,"w":39,"h":126},
	"rotated": false,
	"trimmed": false,
	"spriteSourceSize": {"x":0,"y":0,"w":39,"h":126},
	"sourceSize": {"w":39,"h":126}
}
,{
	"filename": "Symbol 36 instance 10011",
	"frame": {"x":429,"y":0,"w":39,"h":126},
	"rotated": false,
	"trimmed": false,
	"spriteSourceSize": {"x":0,"y":0,"w":39,"h":126},
	"sourceSize": {"w":39,"h":126}
}
,{
	"filename": "Symbol 36 instance 10012",
	"frame": {"x":468,"y":0,"w":39,"h":126},
	"rotated": false,
	"trimmed": false,
	"spriteSourceSize": {"x":0,"y":0,"w":39,"h":126},
	"sourceSize": {"w":39,"h":126}
}],
"meta": {
	"app": "Adobe Animate",
	"version": "20.0.1.19255",
	"image": "Bell anim.png",
	"format": "RGBA8888",
	"size": {"w":509,"h":131},
	"scale": "1"
}
}
