﻿{"frames": [

{
	"filename": "Symbol 9 instance 10000",
	"frame": {"x":0,"y":0,"w":74,"h":73},
	"rotated": false,
	"trimmed": false,
	"spriteSourceSize": {"x":0,"y":0,"w":74,"h":73},
	"sourceSize": {"w":74,"h":73}
}
,{
	"filename": "Symbol 9 instance 10001",
	"frame": {"x":74,"y":0,"w":74,"h":73},
	"rotated": false,
	"trimmed": false,
	"spriteSourceSize": {"x":0,"y":0,"w":74,"h":73},
	"sourceSize": {"w":74,"h":73}
}],
"meta": {
	"app": "Adobe Animate",
	"version": "20.0.1.19255",
	"image": "+ symbol.png.png",
	"format": "RGBA8888",
	"size": {"w":155,"h":79},
	"scale": "1"
}
}
