﻿{"frames": [

{
	"filename": "Symbol 2 instance 10000",
	"frame": {"x":0,"y":0,"w":54,"h":135},
	"rotated": false,
	"trimmed": false,
	"spriteSourceSize": {"x":0,"y":0,"w":54,"h":135},
	"sourceSize": {"w":54,"h":135}
}
,{
	"filename": "Symbol 2 instance 10001",
	"frame": {"x":54,"y":0,"w":54,"h":135},
	"rotated": false,
	"trimmed": false,
	"spriteSourceSize": {"x":0,"y":0,"w":54,"h":135},
	"sourceSize": {"w":54,"h":135}
}],
"meta": {
	"app": "Adobe Animate",
	"version": "22.0.0.93",
	"image": "10X1_b.png",
	"format": "RGBA8888",
	"size": {"w":112,"h":139},
	"scale": "1"
}
}
