﻿{"frames": [

{
	"filename": "Symbol 21 instance 10000",
	"frame": {"x":0,"y":0,"w":58,"h":32},
	"rotated": false,
	"trimmed": false,
	"spriteSourceSize": {"x":0,"y":0,"w":58,"h":32},
	"sourceSize": {"w":58,"h":32}
}
,{
	"filename": "Symbol 21 instance 10001",
	"frame": {"x":58,"y":0,"w":58,"h":32},
	"rotated": false,
	"trimmed": false,
	"spriteSourceSize": {"x":0,"y":0,"w":58,"h":32},
	"sourceSize": {"w":58,"h":32}
}
,{
	"filename": "Symbol 21 instance 10002",
	"frame": {"x":116,"y":0,"w":58,"h":32},
	"rotated": false,
	"trimmed": false,
	"spriteSourceSize": {"x":0,"y":0,"w":58,"h":32},
	"sourceSize": {"w":58,"h":32}
}
,{
	"filename": "Symbol 21 instance 10003",
	"frame": {"x":174,"y":0,"w":58,"h":32},
	"rotated": false,
	"trimmed": false,
	"spriteSourceSize": {"x":0,"y":0,"w":58,"h":32},
	"sourceSize": {"w":58,"h":32}
}
,{
	"filename": "Symbol 21 instance 10004",
	"frame": {"x":232,"y":0,"w":58,"h":32},
	"rotated": false,
	"trimmed": false,
	"spriteSourceSize": {"x":0,"y":0,"w":58,"h":32},
	"sourceSize": {"w":58,"h":32}
}
,{
	"filename": "Symbol 21 instance 10005",
	"frame": {"x":290,"y":0,"w":58,"h":32},
	"rotated": false,
	"trimmed": false,
	"spriteSourceSize": {"x":0,"y":0,"w":58,"h":32},
	"sourceSize": {"w":58,"h":32}
}
,{
	"filename": "Symbol 21 instance 10006",
	"frame": {"x":348,"y":0,"w":58,"h":32},
	"rotated": false,
	"trimmed": false,
	"spriteSourceSize": {"x":0,"y":0,"w":58,"h":32},
	"sourceSize": {"w":58,"h":32}
}
,{
	"filename": "Symbol 21 instance 10007",
	"frame": {"x":406,"y":0,"w":58,"h":32},
	"rotated": false,
	"trimmed": false,
	"spriteSourceSize": {"x":0,"y":0,"w":58,"h":32},
	"sourceSize": {"w":58,"h":32}
}
,{
	"filename": "Symbol 21 instance 10008",
	"frame": {"x":464,"y":0,"w":58,"h":32},
	"rotated": false,
	"trimmed": false,
	"spriteSourceSize": {"x":0,"y":0,"w":58,"h":32},
	"sourceSize": {"w":58,"h":32}
}
,{
	"filename": "Symbol 21 instance 10009",
	"frame": {"x":522,"y":0,"w":58,"h":32},
	"rotated": false,
	"trimmed": false,
	"spriteSourceSize": {"x":0,"y":0,"w":58,"h":32},
	"sourceSize": {"w":58,"h":32}
}
,{
	"filename": "Symbol 21 instance 10010",
	"frame": {"x":580,"y":0,"w":58,"h":32},
	"rotated": false,
	"trimmed": false,
	"spriteSourceSize": {"x":0,"y":0,"w":58,"h":32},
	"sourceSize": {"w":58,"h":32}
}
,{
	"filename": "Symbol 21 instance 10011",
	"frame": {"x":638,"y":0,"w":58,"h":32},
	"rotated": false,
	"trimmed": false,
	"spriteSourceSize": {"x":0,"y":0,"w":58,"h":32},
	"sourceSize": {"w":58,"h":32}
}
,{
	"filename": "Symbol 21 instance 10012",
	"frame": {"x":696,"y":0,"w":58,"h":32},
	"rotated": false,
	"trimmed": false,
	"spriteSourceSize": {"x":0,"y":0,"w":58,"h":32},
	"sourceSize": {"w":58,"h":32}
}
,{
	"filename": "Symbol 21 instance 10013",
	"frame": {"x":754,"y":0,"w":58,"h":32},
	"rotated": false,
	"trimmed": false,
	"spriteSourceSize": {"x":0,"y":0,"w":58,"h":32},
	"sourceSize": {"w":58,"h":32}
}
,{
	"filename": "Symbol 21 instance 10014",
	"frame": {"x":812,"y":0,"w":58,"h":32},
	"rotated": false,
	"trimmed": false,
	"spriteSourceSize": {"x":0,"y":0,"w":58,"h":32},
	"sourceSize": {"w":58,"h":32}
}],
"meta": {
	"app": "Adobe Animate",
	"version": "22.0.4.185",
	"image": "Blue fish anim.png",
	"format": "RGBA8888",
	"size": {"w":874,"h":32},
	"scale": "1"
}
}
