﻿{"frames": [

{
	"filename": "Symbol 5 instance 10000",
	"frame": {"x":0,"y":0,"w":106,"h":57},
	"rotated": false,
	"trimmed": false,
	"spriteSourceSize": {"x":0,"y":0,"w":106,"h":57},
	"sourceSize": {"w":106,"h":57}
}
,{
	"filename": "Symbol 5 instance 10001",
	"frame": {"x":106,"y":0,"w":106,"h":57},
	"rotated": false,
	"trimmed": false,
	"spriteSourceSize": {"x":0,"y":0,"w":106,"h":57},
	"sourceSize": {"w":106,"h":57}
}
,{
	"filename": "Symbol 5 instance 10002",
	"frame": {"x":212,"y":0,"w":106,"h":57},
	"rotated": false,
	"trimmed": false,
	"spriteSourceSize": {"x":0,"y":0,"w":106,"h":57},
	"sourceSize": {"w":106,"h":57}
}
,{
	"filename": "Symbol 5 instance 10003",
	"frame": {"x":318,"y":0,"w":106,"h":57},
	"rotated": false,
	"trimmed": false,
	"spriteSourceSize": {"x":0,"y":0,"w":106,"h":57},
	"sourceSize": {"w":106,"h":57}
}
,{
	"filename": "Symbol 5 instance 10004",
	"frame": {"x":0,"y":57,"w":106,"h":57},
	"rotated": false,
	"trimmed": false,
	"spriteSourceSize": {"x":0,"y":0,"w":106,"h":57},
	"sourceSize": {"w":106,"h":57}
}
,{
	"filename": "Symbol 5 instance 10005",
	"frame": {"x":106,"y":57,"w":106,"h":57},
	"rotated": false,
	"trimmed": false,
	"spriteSourceSize": {"x":0,"y":0,"w":106,"h":57},
	"sourceSize": {"w":106,"h":57}
}
,{
	"filename": "Symbol 5 instance 10006",
	"frame": {"x":212,"y":57,"w":106,"h":57},
	"rotated": false,
	"trimmed": false,
	"spriteSourceSize": {"x":0,"y":0,"w":106,"h":57},
	"sourceSize": {"w":106,"h":57}
}
,{
	"filename": "Symbol 5 instance 10007",
	"frame": {"x":318,"y":57,"w":106,"h":57},
	"rotated": false,
	"trimmed": false,
	"spriteSourceSize": {"x":0,"y":0,"w":106,"h":57},
	"sourceSize": {"w":106,"h":57}
}
,{
	"filename": "Symbol 5 instance 10008",
	"frame": {"x":0,"y":114,"w":106,"h":57},
	"rotated": false,
	"trimmed": false,
	"spriteSourceSize": {"x":0,"y":0,"w":106,"h":57},
	"sourceSize": {"w":106,"h":57}
}
,{
	"filename": "Symbol 5 instance 10009",
	"frame": {"x":0,"y":171,"w":106,"h":57},
	"rotated": false,
	"trimmed": false,
	"spriteSourceSize": {"x":0,"y":0,"w":106,"h":57},
	"sourceSize": {"w":106,"h":57}
}
,{
	"filename": "Symbol 5 instance 10010",
	"frame": {"x":0,"y":228,"w":106,"h":57},
	"rotated": false,
	"trimmed": false,
	"spriteSourceSize": {"x":0,"y":0,"w":106,"h":57},
	"sourceSize": {"w":106,"h":57}
}
,{
	"filename": "Symbol 5 instance 10011",
	"frame": {"x":0,"y":285,"w":106,"h":57},
	"rotated": false,
	"trimmed": false,
	"spriteSourceSize": {"x":0,"y":0,"w":106,"h":57},
	"sourceSize": {"w":106,"h":57}
}
,{
	"filename": "Symbol 5 instance 10012",
	"frame": {"x":0,"y":342,"w":106,"h":57},
	"rotated": false,
	"trimmed": false,
	"spriteSourceSize": {"x":0,"y":0,"w":106,"h":57},
	"sourceSize": {"w":106,"h":57}
}
,{
	"filename": "Symbol 5 instance 10013",
	"frame": {"x":0,"y":399,"w":106,"h":57},
	"rotated": false,
	"trimmed": false,
	"spriteSourceSize": {"x":0,"y":0,"w":106,"h":57},
	"sourceSize": {"w":106,"h":57}
}
,{
	"filename": "Symbol 5 instance 10014",
	"frame": {"x":106,"y":114,"w":106,"h":57},
	"rotated": false,
	"trimmed": false,
	"spriteSourceSize": {"x":0,"y":0,"w":106,"h":57},
	"sourceSize": {"w":106,"h":57}
}
,{
	"filename": "Symbol 5 instance 10015",
	"frame": {"x":212,"y":114,"w":106,"h":57},
	"rotated": false,
	"trimmed": false,
	"spriteSourceSize": {"x":0,"y":0,"w":106,"h":57},
	"sourceSize": {"w":106,"h":57}
}
,{
	"filename": "Symbol 5 instance 10016",
	"frame": {"x":318,"y":114,"w":106,"h":57},
	"rotated": false,
	"trimmed": false,
	"spriteSourceSize": {"x":0,"y":0,"w":106,"h":57},
	"sourceSize": {"w":106,"h":57}
}
,{
	"filename": "Symbol 5 instance 10017",
	"frame": {"x":106,"y":171,"w":106,"h":57},
	"rotated": false,
	"trimmed": false,
	"spriteSourceSize": {"x":0,"y":0,"w":106,"h":57},
	"sourceSize": {"w":106,"h":57}
}
,{
	"filename": "Symbol 5 instance 10018",
	"frame": {"x":212,"y":171,"w":106,"h":57},
	"rotated": false,
	"trimmed": false,
	"spriteSourceSize": {"x":0,"y":0,"w":106,"h":57},
	"sourceSize": {"w":106,"h":57}
}
,{
	"filename": "Symbol 5 instance 10019",
	"frame": {"x":318,"y":171,"w":106,"h":57},
	"rotated": false,
	"trimmed": false,
	"spriteSourceSize": {"x":0,"y":0,"w":106,"h":57},
	"sourceSize": {"w":106,"h":57}
}
,{
	"filename": "Symbol 5 instance 10020",
	"frame": {"x":106,"y":228,"w":106,"h":57},
	"rotated": false,
	"trimmed": false,
	"spriteSourceSize": {"x":0,"y":0,"w":106,"h":57},
	"sourceSize": {"w":106,"h":57}
}
,{
	"filename": "Symbol 5 instance 10021",
	"frame": {"x":106,"y":285,"w":106,"h":57},
	"rotated": false,
	"trimmed": false,
	"spriteSourceSize": {"x":0,"y":0,"w":106,"h":57},
	"sourceSize": {"w":106,"h":57}
}
,{
	"filename": "Symbol 5 instance 10022",
	"frame": {"x":106,"y":342,"w":106,"h":57},
	"rotated": false,
	"trimmed": false,
	"spriteSourceSize": {"x":0,"y":0,"w":106,"h":57},
	"sourceSize": {"w":106,"h":57}
}
,{
	"filename": "Symbol 5 instance 10023",
	"frame": {"x":106,"y":399,"w":106,"h":57},
	"rotated": false,
	"trimmed": false,
	"spriteSourceSize": {"x":0,"y":0,"w":106,"h":57},
	"sourceSize": {"w":106,"h":57}
}
,{
	"filename": "Symbol 5 instance 10024",
	"frame": {"x":212,"y":228,"w":106,"h":57},
	"rotated": false,
	"trimmed": false,
	"spriteSourceSize": {"x":0,"y":0,"w":106,"h":57},
	"sourceSize": {"w":106,"h":57}
}
,{
	"filename": "Symbol 5 instance 10025",
	"frame": {"x":318,"y":228,"w":106,"h":57},
	"rotated": false,
	"trimmed": false,
	"spriteSourceSize": {"x":0,"y":0,"w":106,"h":57},
	"sourceSize": {"w":106,"h":57}
}
,{
	"filename": "Symbol 5 instance 10026",
	"frame": {"x":212,"y":285,"w":106,"h":57},
	"rotated": false,
	"trimmed": false,
	"spriteSourceSize": {"x":0,"y":0,"w":106,"h":57},
	"sourceSize": {"w":106,"h":57}
}
,{
	"filename": "Symbol 5 instance 10027",
	"frame": {"x":318,"y":285,"w":106,"h":57},
	"rotated": false,
	"trimmed": false,
	"spriteSourceSize": {"x":0,"y":0,"w":106,"h":57},
	"sourceSize": {"w":106,"h":57}
}
,{
	"filename": "Symbol 5 instance 10028",
	"frame": {"x":212,"y":342,"w":106,"h":57},
	"rotated": false,
	"trimmed": false,
	"spriteSourceSize": {"x":0,"y":0,"w":106,"h":57},
	"sourceSize": {"w":106,"h":57}
}
,{
	"filename": "Symbol 5 instance 10029",
	"frame": {"x":212,"y":399,"w":106,"h":57},
	"rotated": false,
	"trimmed": false,
	"spriteSourceSize": {"x":0,"y":0,"w":106,"h":57},
	"sourceSize": {"w":106,"h":57}
}
,{
	"filename": "Symbol 5 instance 10030",
	"frame": {"x":318,"y":342,"w":106,"h":57},
	"rotated": false,
	"trimmed": false,
	"spriteSourceSize": {"x":0,"y":0,"w":106,"h":57},
	"sourceSize": {"w":106,"h":57}
}],
"meta": {
	"app": "Adobe Animate",
	"version": "18.0.0.107",
	"image": "b2.png",
	"format": "RGBA8888",
	"size": {"w":512,"h":512},
	"scale": "1"
}
}
