﻿{"frames": [

{
	"filename": "Symbol 6 instance 10000",
	"frame": {"x":0,"y":0,"w":33,"h":26},
	"rotated": false,
	"trimmed": false,
	"spriteSourceSize": {"x":0,"y":0,"w":33,"h":26},
	"sourceSize": {"w":33,"h":26}
}
,{
	"filename": "Symbol 6 instance 10001",
	"frame": {"x":33,"y":0,"w":33,"h":26},
	"rotated": false,
	"trimmed": false,
	"spriteSourceSize": {"x":0,"y":0,"w":33,"h":26},
	"sourceSize": {"w":33,"h":26}
}
,{
	"filename": "Symbol 6 instance 10002",
	"frame": {"x":66,"y":0,"w":33,"h":26},
	"rotated": false,
	"trimmed": false,
	"spriteSourceSize": {"x":0,"y":0,"w":33,"h":26},
	"sourceSize": {"w":33,"h":26}
}
,{
	"filename": "Symbol 6 instance 10003",
	"frame": {"x":0,"y":26,"w":33,"h":26},
	"rotated": false,
	"trimmed": false,
	"spriteSourceSize": {"x":0,"y":0,"w":33,"h":26},
	"sourceSize": {"w":33,"h":26}
}
,{
	"filename": "Symbol 6 instance 10004",
	"frame": {"x":0,"y":52,"w":33,"h":26},
	"rotated": false,
	"trimmed": false,
	"spriteSourceSize": {"x":0,"y":0,"w":33,"h":26},
	"sourceSize": {"w":33,"h":26}
}
,{
	"filename": "Symbol 6 instance 10005",
	"frame": {"x":0,"y":78,"w":33,"h":26},
	"rotated": false,
	"trimmed": false,
	"spriteSourceSize": {"x":0,"y":0,"w":33,"h":26},
	"sourceSize": {"w":33,"h":26}
}
,{
	"filename": "Symbol 6 instance 10006",
	"frame": {"x":33,"y":26,"w":33,"h":26},
	"rotated": false,
	"trimmed": false,
	"spriteSourceSize": {"x":0,"y":0,"w":33,"h":26},
	"sourceSize": {"w":33,"h":26}
}
,{
	"filename": "Symbol 6 instance 10007",
	"frame": {"x":66,"y":26,"w":33,"h":26},
	"rotated": false,
	"trimmed": false,
	"spriteSourceSize": {"x":0,"y":0,"w":33,"h":26},
	"sourceSize": {"w":33,"h":26}
}
,{
	"filename": "Symbol 6 instance 10008",
	"frame": {"x":33,"y":52,"w":33,"h":26},
	"rotated": false,
	"trimmed": false,
	"spriteSourceSize": {"x":0,"y":0,"w":33,"h":26},
	"sourceSize": {"w":33,"h":26}
}
,{
	"filename": "Symbol 6 instance 10009",
	"frame": {"x":33,"y":78,"w":33,"h":26},
	"rotated": false,
	"trimmed": false,
	"spriteSourceSize": {"x":0,"y":0,"w":33,"h":26},
	"sourceSize": {"w":33,"h":26}
}],
"meta": {
	"app": "Adobe Animate",
	"version": "18.0.0.107",
	"image": "3.png",
	"format": "RGBA8888",
	"size": {"w":128,"h":128},
	"scale": "1"
}
}
