﻿{"frames": [

{
	"filename": "Symbol 1 instance 10000",
	"frame": {"x":0,"y":0,"w":125,"h":81},
	"rotated": false,
	"trimmed": false,
	"spriteSourceSize": {"x":0,"y":0,"w":125,"h":81},
	"sourceSize": {"w":125,"h":81}
}
,{
	"filename": "Symbol 1 instance 10001",
	"frame": {"x":125,"y":0,"w":125,"h":81},
	"rotated": false,
	"trimmed": false,
	"spriteSourceSize": {"x":0,"y":0,"w":125,"h":81},
	"sourceSize": {"w":125,"h":81}
}],
"meta": {
	"app": "Adobe Animate",
	"version": "22.0.0.93",
	"image": "text box_2.png",
	"format": "RGBA8888",
	"size": {"w":250,"h":81},
	"scale": "1"
}
}
