﻿{"frames": [

{
	"filename": "Symbol 16 instance 10000",
	"frame": {"x":0,"y":0,"w":244,"h":320},
	"rotated": false,
	"trimmed": false,
	"spriteSourceSize": {"x":0,"y":0,"w":244,"h":320},
	"sourceSize": {"w":244,"h":320}
}
,{
	"filename": "Symbol 16 instance 10001",
	"frame": {"x":244,"y":0,"w":244,"h":320},
	"rotated": false,
	"trimmed": false,
	"spriteSourceSize": {"x":0,"y":0,"w":244,"h":320},
	"sourceSize": {"w":244,"h":320}
}
,{
	"filename": "Symbol 16 instance 10002",
	"frame": {"x":488,"y":0,"w":244,"h":320},
	"rotated": false,
	"trimmed": false,
	"spriteSourceSize": {"x":0,"y":0,"w":244,"h":320},
	"sourceSize": {"w":244,"h":320}
}
,{
	"filename": "Symbol 16 instance 10003",
	"frame": {"x":732,"y":0,"w":244,"h":320},
	"rotated": false,
	"trimmed": false,
	"spriteSourceSize": {"x":0,"y":0,"w":244,"h":320},
	"sourceSize": {"w":244,"h":320}
}
,{
	"filename": "Symbol 16 instance 10004",
	"frame": {"x":976,"y":0,"w":244,"h":320},
	"rotated": false,
	"trimmed": false,
	"spriteSourceSize": {"x":0,"y":0,"w":244,"h":320},
	"sourceSize": {"w":244,"h":320}
}
,{
	"filename": "Symbol 16 instance 10005",
	"frame": {"x":1220,"y":0,"w":244,"h":320},
	"rotated": false,
	"trimmed": false,
	"spriteSourceSize": {"x":0,"y":0,"w":244,"h":320},
	"sourceSize": {"w":244,"h":320}
}
,{
	"filename": "Symbol 16 instance 10006",
	"frame": {"x":1464,"y":0,"w":244,"h":320},
	"rotated": false,
	"trimmed": false,
	"spriteSourceSize": {"x":0,"y":0,"w":244,"h":320},
	"sourceSize": {"w":244,"h":320}
}],
"meta": {
	"app": "Adobe Animate",
	"version": "22.0.0.93",
	"image": "all box.png",
	"format": "RGBA8888",
	"size": {"w":1710,"h":320},
	"scale": "1"
}
}
