﻿{"frames": [

{
	"filename": "Symbol 7 instance 10000",
	"frame": {"x":0,"y":0,"w":58,"h":81},
	"rotated": false,
	"trimmed": false,
	"spriteSourceSize": {"x":0,"y":0,"w":58,"h":81},
	"sourceSize": {"w":58,"h":81}
}
,{
	"filename": "Symbol 7 instance 10001",
	"frame": {"x":58,"y":0,"w":58,"h":81},
	"rotated": false,
	"trimmed": false,
	"spriteSourceSize": {"x":0,"y":0,"w":58,"h":81},
	"sourceSize": {"w":58,"h":81}
}],
"meta": {
	"app": "Adobe Animate",
	"version": "22.0.4.185",
	"image": "Trophy_2.png",
	"format": "RGBA8888",
	"size": {"w":116,"h":81},
	"scale": "1"
}
}
