﻿{"frames": [

{
	"filename": "Symbol 29 instance 10000",
	"frame": {"x":0,"y":0,"w":80,"h":83},
	"rotated": false,
	"trimmed": false,
	"spriteSourceSize": {"x":0,"y":0,"w":80,"h":83},
	"sourceSize": {"w":80,"h":83}
}
,{
	"filename": "Symbol 29 instance 10001",
	"frame": {"x":0,"y":83,"w":80,"h":83},
	"rotated": false,
	"trimmed": false,
	"spriteSourceSize": {"x":0,"y":0,"w":80,"h":83},
	"sourceSize": {"w":80,"h":83}
}],
"meta": {
	"app": "Adobe Animate",
	"version": "18.0.0.107",
	"image": "13.png",
	"format": "RGBA8888",
	"size": {"w":128,"h":256},
	"scale": "1"
}
}
