﻿{"frames": [

{
	"filename": "Symbol 31 instance 10000",
	"frame": {"x":0,"y":0,"w":72,"h":105},
	"rotated": false,
	"trimmed": false,
	"spriteSourceSize": {"x":0,"y":0,"w":72,"h":105},
	"sourceSize": {"w":72,"h":105}
}
,{
	"filename": "Symbol 31 instance 10001",
	"frame": {"x":0,"y":105,"w":72,"h":105},
	"rotated": false,
	"trimmed": false,
	"spriteSourceSize": {"x":0,"y":0,"w":72,"h":105},
	"sourceSize": {"w":72,"h":105}
}],
"meta": {
	"app": "Adobe Animate",
	"version": "18.0.0.107",
	"image": "16.png",
	"format": "RGBA8888",
	"size": {"w":128,"h":256},
	"scale": "1"
}
}
