﻿{"frames": [

{
	"filename": "Symbol 22 instance 10000",
	"frame": {"x":0,"y":0,"w":66,"h":109},
	"rotated": false,
	"trimmed": false,
	"spriteSourceSize": {"x":0,"y":0,"w":66,"h":109},
	"sourceSize": {"w":66,"h":109}
}
,{
	"filename": "Symbol 22 instance 10001",
	"frame": {"x":0,"y":109,"w":66,"h":109},
	"rotated": false,
	"trimmed": false,
	"spriteSourceSize": {"x":0,"y":0,"w":66,"h":109},
	"sourceSize": {"w":66,"h":109}
}],
"meta": {
	"app": "Adobe Animate",
	"version": "18.0.0.107",
	"image": "7.png",
	"format": "RGBA8888",
	"size": {"w":128,"h":256},
	"scale": "1"
}
}
