﻿{"frames": [

{
	"filename": "Symbol 15 instance 10000",
	"frame": {"x":0,"y":0,"w":60,"h":60},
	"rotated": false,
	"trimmed": false,
	"spriteSourceSize": {"x":0,"y":0,"w":60,"h":60},
	"sourceSize": {"w":60,"h":60}
}
,{
	"filename": "Symbol 15 instance 10001",
	"frame": {"x":60,"y":0,"w":60,"h":60},
	"rotated": false,
	"trimmed": false,
	"spriteSourceSize": {"x":0,"y":0,"w":60,"h":60},
	"sourceSize": {"w":60,"h":60}
}],
"meta": {
	"app": "Adobe Animate",
	"version": "20.0.1.19255",
	"image": "1X4 circle small_1.png",
	"format": "RGBA8888",
	"size": {"w":122,"h":61},
	"scale": "1"
}
}
