﻿{"frames": [

{
	"filename": "Symbol 27 instance 10000",
	"frame": {"x":0,"y":0,"w":45,"h":68},
	"rotated": false,
	"trimmed": false,
	"spriteSourceSize": {"x":0,"y":0,"w":45,"h":68},
	"sourceSize": {"w":45,"h":68}
}
,{
	"filename": "Symbol 27 instance 10001",
	"frame": {"x":45,"y":0,"w":45,"h":68},
	"rotated": false,
	"trimmed": false,
	"spriteSourceSize": {"x":0,"y":0,"w":45,"h":68},
	"sourceSize": {"w":45,"h":68}
}],
"meta": {
	"app": "Adobe Animate",
	"version": "20.0.1.19255",
	"image": "1X6 rectangle small_1.png",
	"format": "RGBA8888",
	"size": {"w":91,"h":69},
	"scale": "1"
}
}
