﻿{"frames": [

{
	"filename": "Symbol 1 copy instance 10000",
	"frame": {"x":0,"y":0,"w":72,"h":101},
	"rotated": false,
	"trimmed": false,
	"spriteSourceSize": {"x":0,"y":0,"w":72,"h":101},
	"sourceSize": {"w":72,"h":101}
}
,{
	"filename": "Symbol 1 copy instance 10001",
	"frame": {"x":0,"y":101,"w":72,"h":101},
	"rotated": false,
	"trimmed": false,
	"spriteSourceSize": {"x":0,"y":0,"w":72,"h":101},
	"sourceSize": {"w":72,"h":101}
}],
"meta": {
	"app": "Adobe Animate",
	"version": "18.0.0.107",
	"image": "2.png",
	"format": "RGBA8888",
	"size": {"w":90,"h":205},
	"scale": "1"
}
}
