﻿{"frames": [

{
	"filename": "Symbol 1 instance 10000",
	"frame": {"x":0,"y":0,"w":66,"h":49},
	"rotated": false,
	"trimmed": false,
	"spriteSourceSize": {"x":0,"y":0,"w":66,"h":49},
	"sourceSize": {"w":66,"h":49}
}
,{
	"filename": "Symbol 1 instance 10001",
	"frame": {"x":66,"y":0,"w":66,"h":49},
	"rotated": false,
	"trimmed": false,
	"spriteSourceSize": {"x":0,"y":0,"w":66,"h":49},
	"sourceSize": {"w":66,"h":49}
}
,{
	"filename": "Symbol 1 instance 10002",
	"frame": {"x":132,"y":0,"w":66,"h":49},
	"rotated": false,
	"trimmed": false,
	"spriteSourceSize": {"x":0,"y":0,"w":66,"h":49},
	"sourceSize": {"w":66,"h":49}
}
,{
	"filename": "Symbol 1 instance 10003",
	"frame": {"x":0,"y":49,"w":66,"h":49},
	"rotated": false,
	"trimmed": false,
	"spriteSourceSize": {"x":0,"y":0,"w":66,"h":49},
	"sourceSize": {"w":66,"h":49}
}
,{
	"filename": "Symbol 1 instance 10004",
	"frame": {"x":66,"y":49,"w":66,"h":49},
	"rotated": false,
	"trimmed": false,
	"spriteSourceSize": {"x":0,"y":0,"w":66,"h":49},
	"sourceSize": {"w":66,"h":49}
}
,{
	"filename": "Symbol 1 instance 10005",
	"frame": {"x":132,"y":49,"w":66,"h":49},
	"rotated": false,
	"trimmed": false,
	"spriteSourceSize": {"x":0,"y":0,"w":66,"h":49},
	"sourceSize": {"w":66,"h":49}
}
,{
	"filename": "Symbol 1 instance 10006",
	"frame": {"x":0,"y":98,"w":66,"h":49},
	"rotated": false,
	"trimmed": false,
	"spriteSourceSize": {"x":0,"y":0,"w":66,"h":49},
	"sourceSize": {"w":66,"h":49}
}
,{
	"filename": "Symbol 1 instance 10007",
	"frame": {"x":66,"y":98,"w":66,"h":49},
	"rotated": false,
	"trimmed": false,
	"spriteSourceSize": {"x":0,"y":0,"w":66,"h":49},
	"sourceSize": {"w":66,"h":49}
}
,{
	"filename": "Symbol 1 instance 10008",
	"frame": {"x":132,"y":98,"w":66,"h":49},
	"rotated": false,
	"trimmed": false,
	"spriteSourceSize": {"x":0,"y":0,"w":66,"h":49},
	"sourceSize": {"w":66,"h":49}
}
,{
	"filename": "Symbol 1 instance 10009",
	"frame": {"x":0,"y":147,"w":66,"h":49},
	"rotated": false,
	"trimmed": false,
	"spriteSourceSize": {"x":0,"y":0,"w":66,"h":49},
	"sourceSize": {"w":66,"h":49}
}
,{
	"filename": "Symbol 1 instance 10010",
	"frame": {"x":66,"y":147,"w":66,"h":49},
	"rotated": false,
	"trimmed": false,
	"spriteSourceSize": {"x":0,"y":0,"w":66,"h":49},
	"sourceSize": {"w":66,"h":49}
}
,{
	"filename": "Symbol 1 instance 10011",
	"frame": {"x":132,"y":147,"w":66,"h":49},
	"rotated": false,
	"trimmed": false,
	"spriteSourceSize": {"x":0,"y":0,"w":66,"h":49},
	"sourceSize": {"w":66,"h":49}
}
,{
	"filename": "Symbol 1 instance 10012",
	"frame": {"x":0,"y":196,"w":66,"h":49},
	"rotated": false,
	"trimmed": false,
	"spriteSourceSize": {"x":0,"y":0,"w":66,"h":49},
	"sourceSize": {"w":66,"h":49}
}
,{
	"filename": "Symbol 1 instance 10013",
	"frame": {"x":66,"y":196,"w":66,"h":49},
	"rotated": false,
	"trimmed": false,
	"spriteSourceSize": {"x":0,"y":0,"w":66,"h":49},
	"sourceSize": {"w":66,"h":49}
}
,{
	"filename": "Symbol 1 instance 10014",
	"frame": {"x":132,"y":196,"w":66,"h":49},
	"rotated": false,
	"trimmed": false,
	"spriteSourceSize": {"x":0,"y":0,"w":66,"h":49},
	"sourceSize": {"w":66,"h":49}
}
,{
	"filename": "Symbol 1 instance 10015",
	"frame": {"x":0,"y":245,"w":66,"h":49},
	"rotated": false,
	"trimmed": false,
	"spriteSourceSize": {"x":0,"y":0,"w":66,"h":49},
	"sourceSize": {"w":66,"h":49}
}
,{
	"filename": "Symbol 1 instance 10016",
	"frame": {"x":66,"y":245,"w":66,"h":49},
	"rotated": false,
	"trimmed": false,
	"spriteSourceSize": {"x":0,"y":0,"w":66,"h":49},
	"sourceSize": {"w":66,"h":49}
}
,{
	"filename": "Symbol 1 instance 10017",
	"frame": {"x":132,"y":245,"w":66,"h":49},
	"rotated": false,
	"trimmed": false,
	"spriteSourceSize": {"x":0,"y":0,"w":66,"h":49},
	"sourceSize": {"w":66,"h":49}
}
,{
	"filename": "Symbol 1 instance 10018",
	"frame": {"x":0,"y":294,"w":66,"h":49},
	"rotated": false,
	"trimmed": false,
	"spriteSourceSize": {"x":0,"y":0,"w":66,"h":49},
	"sourceSize": {"w":66,"h":49}
}],
"meta": {
	"app": "Adobe Animate",
	"version": "18.0.0.107",
	"image": "bulb anim.png",
	"format": "RGBA8888",
	"size": {"w":198,"h":347},
	"scale": "1"
}
}
