﻿{"frames": [

{
	"filename": "Symbol 6 copy 2 instance 10000",
	"frame": {"x":0,"y":0,"w":50,"h":52},
	"rotated": false,
	"trimmed": false,
	"spriteSourceSize": {"x":0,"y":0,"w":50,"h":52},
	"sourceSize": {"w":50,"h":52}
}
,{
	"filename": "Symbol 6 copy 2 instance 10001",
	"frame": {"x":50,"y":0,"w":50,"h":52},
	"rotated": false,
	"trimmed": false,
	"spriteSourceSize": {"x":0,"y":0,"w":50,"h":52},
	"sourceSize": {"w":50,"h":52}
}],
"meta": {
	"app": "Adobe Animate",
	"version": "20.0.1.19255",
	"image": "symbol_1.png",
	"format": "RGBA8888",
	"size": {"w":102,"h":52},
	"scale": "1"
}
}
