﻿{"frames": [

{
	"filename": "Symbol 4 instance 10000",
	"frame": {"x":0,"y":0,"w":47,"h":40},
	"rotated": false,
	"trimmed": false,
	"spriteSourceSize": {"x":0,"y":0,"w":47,"h":40},
	"sourceSize": {"w":47,"h":40}
}
,{
	"filename": "Symbol 4 instance 10001",
	"frame": {"x":47,"y":0,"w":47,"h":40},
	"rotated": false,
	"trimmed": false,
	"spriteSourceSize": {"x":0,"y":0,"w":47,"h":40},
	"sourceSize": {"w":47,"h":40}
}],
"meta": {
	"app": "Adobe Animate",
	"version": "20.0.1.19255",
	"image": "yellow&blue Blocks_2.png",
	"format": "RGBA8888",
	"size": {"w":96,"h":45},
	"scale": "1"
}
}
