﻿{"frames": [

{
	"filename": "Symbol 1 instance 10000",
	"frame": {"x":0,"y":0,"w":72,"h":72},
	"rotated": false,
	"trimmed": false,
	"spriteSourceSize": {"x":0,"y":0,"w":72,"h":72},
	"sourceSize": {"w":72,"h":72}
}
,{
	"filename": "Symbol 1 instance 10001",
	"frame": {"x":72,"y":0,"w":72,"h":72},
	"rotated": false,
	"trimmed": false,
	"spriteSourceSize": {"x":0,"y":0,"w":72,"h":72},
	"sourceSize": {"w":72,"h":72}
}
,{
	"filename": "Symbol 1 instance 10002",
	"frame": {"x":144,"y":0,"w":72,"h":72},
	"rotated": false,
	"trimmed": false,
	"spriteSourceSize": {"x":0,"y":0,"w":72,"h":72},
	"sourceSize": {"w":72,"h":72}
}],
"meta": {
	"app": "Adobe Animate",
	"version": "20.0.1.19255",
	"image": "3 Box.png",
	"format": "RGBA8888",
	"size": {"w":221,"h":74},
	"scale": "1"
}
}
